	210421121677	210421121678	210421121679	210421121680	210421121681	210421121685	210421121686	210421121687	210421121703	210421121704	210421121705	210421121706
1CMET2-PWY	97073.53826309607	29072.01334886324	110996.68596019072	71285.9232923475	60363.2522472972	64836.95390024216	21161.748361333517	24777.943372432877	6947.850483780314	1625.6397338689521	115427.1083003083	93341.41405242737
3-HYDROXYPHENYLACETATE-DEGRADATION-PWY	6.324867849885075	1.3258097464874345	60.506570470990425	90.65841170153551	25.120234265087447	26.0070029071132	0.3370515748225464	3.7071637244763047	485.93577699960434	0.17428136430763327	261.02877196184795	1012.6930664942023
AEROBACTINSYN-PWY	271.51034501390745	20.80710684682053	28.843513237858325	101.74231149885144	38.67345685513875	57.83553305261755	2.4866416269254645	21.458032163859414	83.5268637136093	6.722286893383729	48.849230450603756	100.83553663575903
ALL-CHORISMATE-PWY	5228.37883215513	305.0715340557775	418.59740041779827	1608.7935229331163	610.5753961748187	1156.1165693287178	62.636432175231285	414.4647419971061	522.3232074348501	40.01992451071997	735.5081863275853	1555.9440129381019
ANAEROFRUCAT-PWY	41859.377066226734	30717.248087455286	59986.42606459495	78393.78263715823	43558.079508971314	65513.80240839866	20436.00686029669	26085.881327084204	9287.692056514463	1719.5236793001645	102554.10853572885	92682.73581861256
ANAGLYCOLYSIS-PWY	121070.02939116395	37433.89398984384	136782.9141303679	92483.901302352	73649.0428262201	88411.48859278733	27391.26174666881	33481.52652697551	12822.207856601593	2503.4407710882883	153532.17947946824	136687.70846675246
ARG+POLYAMINE-SYN	4744.832413527423	3372.7634804933696	6606.595911373788	19016.906600908886	5341.783345818137	23233.818275981095	5365.644193568459	8132.1905231954615	4745.8698469452465	451.8527515162522	14111.415650619429	41574.58511949714
ARGDEG-PWY	1060.664941810321	19.84855744700191	22.98372790367206	107.13132831265162	42.525325779691485	52.96514216734117	2.246874437427194	20.90065638587838	82.92371870022494	5.5793557454439675	83.71469852971114	97.20779304208675
ARGORNPROST-PWY	1841.6176551541269	2719.139261030182	2970.9542244645777	10796.851570421046	2642.96138238342	11177.894336341102	2464.8974132123535	3828.19566234928	1128.2938309348297	150.8119320717945	27016.455221387318	15666.241801414908
ARGSYN-PWY	54003.43756627514	12183.56291088272	41739.84386683905	50118.11976230247	18350.030228923468	55935.833843734945	14153.04543589855	18755.774100403174	7269.786086988806	1183.3833237556692	83214.57372206762	86885.96890775008
ARGSYNBSUB-PWY	38253.532394169284	9076.415219369079	32192.112601086596	47168.50979389921	13617.106193213223	53744.43375342495	12256.14865078394	17948.791986003496	6864.391153978401	1133.7791279758915	71912.63577801855	83002.84575201875
ARO-PWY	64472.20210602935	16348.511174745494	67513.87837717606	64609.60708550198	30794.97966716775	68808.44819014582	19369.605605197838	17898.669437640438	7657.33875216196	1025.6494512542436	107940.66023785988	105429.08490847865
ASPASN-PWY	108702.09658050229	33658.824672776085	138115.28373791714	70560.50496678046	71375.0090152798	61036.43593506343	20478.630028053194	20888.616627134903	5617.767490619833	1402.9621534181197	120773.0941043336	87299.43789350765
AST-PWY	764.5506106705689	27.812406240178674	62.78649179794059	178.74408808537643	64.90266637183167	80.46251107664828	3.305691584430654	28.579434008260254	199.36031611466828	8.94922128257805	100.39101155388533	229.1933774943992
BIOTIN-BIOSYNTHESIS-PWY	86854.49028375246	23571.899728748253	90756.67268808917	45831.14187655946	54173.32561782513	39347.20399323609	14446.2252104253	4893.277155331547	1512.8366153179452	319.8070387209339	88566.23410752632	63930.117067925
BRANCHED-CHAIN-AA-SYN-PWY	101310.3251684623	28834.787483485074	118541.58377733993	76648.61360755595	63522.855227955355	79702.95086767159	23099.58534090042	22872.569761198003	9452.955231144413	1344.363385617156	135515.23455675258	122651.31356917233
CALVIN-PWY	109151.2812650858	31758.75747278088	124656.37580096444	90645.88736790683	64460.2159108683	83532.44539296927	26056.140961203248	27127.453123291984	10974.714320918918	1620.0563288672943	174340.7518360246	119463.76698397724
CATECHOL-ORTHO-CLEAVAGE-PWY	9.880314250864696	0.5724788805792007	57.76389914529755	93.08072049055423	50.74992731265982	14.04562699224719	0.03720129673887296	1.5320673138944199	378.6973244086988	0.0	43.93002731800967	505.7478959812642
CENTBENZCOA-PWY	0.25603484498389634	0.16240423720627292	0.7081528691955369	2.659508016615102	1.653006343124534	13.409280792517816	0.108508999806429	1.4589413052129176	1.2131101591312914	0.0	59.42097093798967	2.4395168627544725
CENTFERM-PWY	4435.491995709617	1456.779200918201	1585.3882353204626	12775.309153698709	1848.148764480329	13616.264880177963	2679.162588355118	3353.585706332973	2558.905170430914	170.47553270611718	13359.045232043742	13699.710115758415
CHLOROPHYLL-SYN	1.6120875821669125	11.905075465534946	8.915053324596851	71.89615128093195	47.9746131059964	20.05358762497038	0.5541767479595013	19.45807159433772	72.21885031816747	0.0	221.63998599668432	97.98479623598521
COA-PWY	105937.71636712179	31802.99259694936	110095.90990770963	75824.93784872915	61226.648130753616	67923.30747867012	22234.635232684406	27610.91176567038	8819.905405996396	2046.8558122216277	119105.49529079313	104651.94990848152
COBALSYN-PWY	60400.68890579033	15070.6480500894	64926.492969890925	29557.58053668584	34120.20234578407	32236.638651447873	8948.192648873604	10646.184265550637	5748.895865838225	560.0093158933823	67812.5830323319	47616.910062888695
CODH-PWY	2704.739102535069	155.98289583331163	1939.9682542538442	684.0732914044867	624.3752234642392	3219.83449512649	487.37196065306335	279.41137459800444	408.5279036479262	6.136741584175485	4634.042800932914	5660.550140976086
COLANSYN-PWY	50773.91133740645	20727.308449843673	26272.711150969644	48022.67147570827	25618.689243938938	40817.515817871885	13506.748624304804	10292.607097608248	2532.7576091854476	749.3033642139543	43317.84282938871	71063.070544242
COMPLETE-ARO-PWY	68956.44326308879	17426.937485757677	72782.13008371796	66916.79893434142	33291.08110075706	71656.03826857527	20078.807502383526	18709.385165529802	7980.72700260139	1076.3595274043996	112747.04911533027	110257.53121866105
CRNFORCAT-PWY	0.7240469489700536	1.6141025006744503	10.069243546645284	57.2175113798723	21.66769874957362	12.59837383631807	0.6688546098681906	12.454039577676644	44.87677732305216	0.0	78.83484184720254	49.781220504688676
DAPLYSINESYN-PWY	18523.479027081503	9715.331840505749	25126.523872654056	55761.37906508034	16017.155562987919	56585.47834107651	14455.325697500451	23492.06041683503	8889.232301318065	1456.8486416359283	92857.03213276442	92023.84625328085
DENITRIFICATION-PWY	17.23409391452229	3.4525642794634237	35.79418076136853	130.463690539709	47.07614772927755	24.93096978540942	17.76804194694455	16.884428869875475	38.60823765361864	1.1285698108399576	111.4553477801387	1092.1179501772417
DENOVOPURINE2-PWY	83491.59661296428	31602.574154815928	111828.51756705233	56125.263911067224	61712.549044040534	43615.67003347648	16053.409428355604	26783.877179326977	7354.000845805356	2219.270358416935	101156.98710999302	75996.8735747117
DHGLUCONATE-PYR-CAT-PWY	0.00020708080857553382	0.00046179055672172206	32.64867348915272	9.50434769187127	11.60601400038225	0.002063165993197492	0.00019113921695742276	0.003566976912875077	57.19672875299062	0.0	0.0018006593085962935	98.17039508974116
DTDPRHAMSYN-PWY	104698.3252816077	48453.18599382006	219742.44630592133	70928.21358082094	116850.06932771031	59864.93089403645	20478.139493633527	16890.881561201273	5592.664543805963	951.4472259298004	133774.36020007002	88521.81434336668
ECASYN-PWY	1659.42628007095	62.90548580004198	76.59294497161372	303.96576291800943	116.97308479071162	169.28151843296175	7.511990729890577	80.88417020075045	232.4749068174143	19.203908771667603	247.10972681141058	503.17403319036345
ENTBACSYN-PWY	3392.0154147781545	200.67288160229137	270.1210910376939	1020.1274007562398	393.06703288573044	945.8636072443154	60.20931267770617	560.2543004347636	572.5369980356662	47.460403535020426	384.4668945670109	1293.5725568180478
FAO-PWY	2724.8237317813077	892.6883039840818	837.1986109920973	9742.298896923327	1021.6021176031412	11016.509729905667	1931.6948445679955	2425.9200038581407	2168.3933660176467	118.43244390290315	2166.006914391351	9900.404025817043
FASYN-ELONG-PWY	117365.8622822454	44754.85677444335	150971.468813755	74698.03779890272	89173.65641051918	60234.85341991076	22996.418287743832	18822.113519353486	5062.965579680756	1372.489296309754	127675.04672563485	92221.7677908633
FASYN-INITIAL-PWY	59407.39804256372	22445.863488320418	72627.6489559633	42226.04901910977	47503.43713518623	33715.82207115915	14265.997522285505	4614.378956448645	1997.1949243902575	369.9419936121568	95457.34572851447	59253.3292766195
FERMENTATION-PWY	14954.995472488823	21405.97773652683	17008.599781403347	52818.26492613455	25712.720693951207	48473.885695519115	13954.082120527726	11591.905437342119	4918.288331510918	749.0285964190681	74280.15263894065	70242.44406484815
FOLSYN-PWY	95719.30535858509	26311.50304857764	104235.10941483355	48698.20086390625	57032.49068703182	35396.126017357376	14517.568325375876	8433.740818382543	5032.793829726398	501.65099909744396	92547.97517213176	61331.41577607775
FUC-RHAMCAT-PWY	24602.388343118622	1704.5001895266853	9681.647446905185	12478.755635060239	2724.433605532666	14167.929261051313	4686.564148932779	4049.1692395388327	2609.429053913322	204.39568154279732	41641.835933853254	25346.967522589963
FUCCAT-PWY	16172.136951472217	865.2329428510691	4865.381945876366	9760.171094312976	1305.0978250942846	13793.14518617995	3601.376341373737	4892.257653208569	3001.353219543249	196.44583118437453	42412.562631493005	27494.44816049067
GALACT-GLUCUROCAT-PWY	52635.8556921123	8758.404737257779	45267.733442816985	22152.612296520954	17361.230883638225	26166.50452732763	8082.902885817561	5590.955796679594	2485.7835685526943	356.73862487532796	87653.43572845453	32941.16437681952
GALACTARDEG-PWY	1635.985706699573	298.18458121163496	915.8057293629829	5439.93333728739	370.2556603721267	5747.661629852378	1069.0955264292538	1195.400425768629	661.3609874741007	70.8158419290317	13513.407842526112	4152.6407801017285
GALACTUROCAT-PWY	55510.98733550313	11449.479975234506	54678.88245800328	31101.934110348186	23432.694375607243	34306.38255887684	10098.001573166257	7183.422158402766	2846.1311901189233	483.76688590297715	111817.3051465552	46120.63551079601
GALLATE-DEGRADATION-I-PWY	4.87258627941143	0.038424390942354635	0.011569274142439367	0.22107827684963025	0.16268241276254922	3.208507400268282	0.0010900091486471335	0.05654138943538553	268.7515388043431	0.0008822198145376125	116.536087749154	228.60279497999585
GALLATE-DEGRADATION-II-PWY	4.87258627941143	0.038424390942354635	10.287650792875016	44.185992436763975	7.423100223602839	6.858919007381961	0.0010900091486471335	0.05654138943538553	283.2504481380179	0.0008822198145376125	116.536087749154	249.98184543548643
GLCMANNANAUT-PWY	8747.404193107755	15296.561385300556	26753.62991277628	45825.57105500701	15233.678886328016	28303.40348151403	9722.404187581764	24136.62252921289	5846.074617010097	2088.848902418507	73283.44273678864	40704.35195955692
GLUCARDEG-PWY	1493.2477410990907	306.10447026279485	765.940190557722	4912.134185563873	371.3701110908993	5568.976372852924	1080.6381500799082	1130.0501018241878	664.0029008859823	58.81848010409074	29054.761334267492	3863.216432210567
GLUCARGALACTSUPER-PWY	1635.985706699573	298.18458121163496	915.8057293629829	5439.93333728739	370.2556603721267	5747.661629852378	1069.0955264292538	1195.400425768629	661.3609874741007	70.8158419290317	13513.407842526112	4152.6407801017285
GLUCONEO-PWY	115563.48519534072	37121.376186761176	137320.4739040329	81862.20324260509	77211.62655754406	73976.58882362198	24065.551770429156	24332.071943461782	6188.299837818271	1737.8780726223983	131270.83065705845	110827.39964468581
GLUCOSE1PMETAB-PWY	20438.11943830959	1369.8821328372846	1458.9025528191892	936.7632452872123	2064.173935627435	1079.8723347962793	1981.8628868117196	597.7575394178422	360.2396419924587	76.65888026502783	13941.420532060069	3133.1851432119133
GLUCUROCAT-PWY	53466.372728810704	8953.199760678459	46915.70883529625	22222.02849137944	17333.001251509137	26104.469332721077	8094.293757538091	6158.180287561497	2723.2111141621476	417.0370420983768	84137.53526910265	32824.614647339164
GLUTORN-PWY	73173.83142177806	20518.380481733115	90264.49686221557	42375.04942839388	48618.63286211303	49304.38937340331	14201.815949955766	13578.90538387351	5446.151749025768	798.8539670112565	84120.69847522258	74335.10055293501
GLYCOCAT-PWY	105828.19883218828	30532.08269300407	114757.48371457151	80895.02522170257	63310.71367911402	80711.85878254006	24228.878825588097	28547.078369142677	9352.078887075595	1819.8217504582524	151100.12003782846	125712.70365624422
GLYCOGENSYNTH-PWY	24023.95412742723	24527.0442227026	58262.41671583027	79419.56729095831	32416.970809873896	73706.24644306647	20847.826875865718	33935.832141472034	11055.220619862825	2472.4732645009594	111145.35309324834	122363.72351237242
GLYCOL-GLYOXDEG-PWY	2611.7962712027625	126.26928440272869	235.514702496697	1562.0133946952064	274.556263337379	782.8032980650381	108.1021402946575	94.80488638788977	661.9811926851307	21.89009251089248	762.3499543042227	1657.124895147674
GLYCOLYSIS	110293.02577408143	36013.914480450076	133955.6126622006	87311.27261791774	72688.02773169012	77356.82260951759	24709.77096615496	28315.919382235214	10431.671281555971	1866.8424101542887	117235.38136416163	113926.60125588888
GLYCOLYSIS-E-D	14850.563418322588	4559.210440428145	27709.34489122467	30563.57784454953	7549.802509721951	32168.50961098052	8223.327476937575	9346.925171681412	4520.429145809869	437.5660849568124	69546.73045089822	45072.86832067561
GLYCOLYSIS-TCA-GLYOX-BYPASS	4558.431034525557	305.01554580080074	786.6587236140335	1841.7764980702027	1047.041178223607	716.9394632437451	35.364510417625034	347.3593847351786	1872.0294107907293	53.39507637616124	1320.6530027640283	3624.481803534309
GLYOXYLATE-BYPASS	2839.8127965886188	136.0784135895058	237.63093118165034	2291.345560424759	302.97495413190023	1003.7437249490924	114.78942398915089	175.20590397285991	856.9919595533436	31.515837900277525	785.332134095013	2196.3294102451246
GOLPDLCAT-PWY	420.35267235145005	1096.5171350173896	478.1354109491484	4346.121805629015	930.2625323025957	4224.853793744972	1230.3754116632613	4677.761933849145	617.1984663009036	162.91928130505062	4415.657577526591	10345.632338994079
HCAMHPDEG-PWY	791.8630462032702	27.352207523448776	47.72935632799355	246.13020369173	49.904189740808434	124.20912736162501	7.096755991913524	28.15790100701865	138.71671087147578	8.880120981744659	227.52788119522677	334.84286636967846
HEME-BIOSYNTHESIS-II	5138.555509541954	6784.373109729615	4409.868448460755	9045.019160612712	6210.304636342668	2216.0591180665006	2422.544309737944	477.89960119516616	760.9281391744257	96.69942208954781	6271.409529017337	6596.246743008515
HEMESYN2-PWY	5353.081528373944	7654.775013968888	7038.376167700042	12969.075701612755	6476.083661307019	5007.116864257961	3139.163894871733	14171.630495113495	4180.625431024239	783.2462893309157	10801.409445220359	14175.008763000604
HEXITOLDEGSUPER-PWY	7698.845392030976	4283.985058693838	13478.718571113013	26398.985286730876	5619.262316239921	24026.015186205488	6007.872257121345	9394.531418492532	5084.64765585114	387.1630460489776	27859.029184051742	40123.35498487208
HISDEG-PWY	38528.56726957116	11272.908170506214	58431.428392737784	17577.69270567339	27261.434145834006	9401.140585749696	4516.100993844665	2203.457659176129	802.2831600965919	96.52152399957073	37461.06324485818	10204.898674112712
HISTSYN-PWY	87377.34302251546	24844.45422477868	107813.15439285715	61558.54864162339	57595.73161827742	68999.76905500302	19386.015370617733	15781.693704845482	7096.65923637223	913.3118846983775	100963.12271539445	108301.96864336789
HOMOSER-METSYN-PWY	48077.72596891469	13885.064482953441	35232.4165119535	38841.79288536929	28889.11033074897	40434.63260265013	11733.604577216252	7719.7211363670895	4995.80499089572	402.42446681073386	61605.04422199402	66300.68539661731
HSERMETANA-PWY	53419.95893650501	14908.641394162281	38017.20517712345	40929.81882823542	31832.579652490465	44151.83144296658	12469.977560083358	7780.7579950910385	4838.426172355277	394.550712905079	68911.97165588614	72061.72064630302
ILEUDEG-PWY	0.6122202379053808	1.3653846201688982	0.6122342121973033	17.615798779094252	12.048561266640128	6.099865292333858	0.5656144410438889	10.549419329506245	9.185916329993594	0.0	5.3234016529463934	17.752648481049487
ILEUSYN-PWY	105516.2520418339	30301.349794134305	125573.02797402945	84056.1673057039	66494.03309613782	84014.49286316735	24737.808455797072	24841.30444231794	10082.702751644436	1442.419510414347	154866.31192479964	127067.70792083736
KDO-NAGLIPASYN-PWY	5481.1728426458485	202.77752956698518	245.6571930499338	966.8008417502791	379.5313375853597	537.570082369671	24.073861068095546	260.4546956054809	557.3599578829349	51.73288058357262	901.2740575736732	1414.3634294327428
KETOGLUCONMET-PWY	563.1565090610774	57.231792396494455	125.10961832495511	396.3628504274391	129.32242050425887	240.22729746128158	29.828599973093915	88.28373903454074	330.3458500709425	17.30705747253197	387.46007967164326	1026.9902876483713
LACTOSECAT-PWY	1304.1556954297694	4641.498001254823	3138.086695424721	11448.048295564611	3496.1129290682684	3214.114724694743	2413.6096653198333	14296.476771242176	2294.1062845556853	1385.459541069172	4643.85151067572	6209.536502707713
LEU-DEG2-PWY	19.53030091079064	58.142983323829824	110.8509456636813	1783.0955766462964	70.85061805993297	2002.3915115876136	502.1642286215953	28.17299050036645	660.6883959896463	1.2078837500849544	858.2569316717122	2604.962744715297
LIPASYN-PWY	5.000000000000001e-15	1.0999999999999999e-14	5.000000000000001e-15	1.4275000000000002e-13	9.775e-14	13.141217557117201	4.5e-15	8.549999999999998e-14	7.45e-14	0.0	80.8435612757175	1.44e-13
LPSSYN-PWY	1694.867784764361	105.3974446432996	172.4159327212864	278.44728129889376	211.71339044664026	403.69186876686047	20.87658785584992	100.77725122347292	3.124767336907058	0.0021462529562469457	801.9719301405744	734.2830959317914
MET-SAM-PWY	62089.161102721744	18466.98314146607	48025.20084958726	49493.89465420421	37508.301550262666	49865.22198943883	14825.363381712612	10777.805257263186	6087.802113630535	591.5386980998295	77053.21374829458	81461.76342163506
METH-ACETATE-PWY	992.4001984521759	1138.0448247436523	2953.6479562688714	8566.9981207713	1607.4263903466679	10688.690179866042	2288.8151828829536	4012.5181135699468	1670.3866744361383	102.2781698050867	25250.89856835552	11964.344444398374
METHANOGENESIS-PWY	0.0	0.0	0.0	0.0	0.0	0.0	0.0	0.0	0.0	0.0	21.042878780773957	125.17047724478915
METHGLYUT-PWY	1212.0954260517904	44.35744548448963	82.85660136807124	313.9748859365023	106.62888238679935	322.58963207692545	16.21498667416464	49.98029644849608	306.1879322693483	11.66152481292114	236.8237315802686	547.0950561349796
METHYLGALLATE-DEGRADATION-PWY	6.090689142697303	0.04803048214463722	0.014461592551193985	0.27634775310263393	0.20335296428298316	4.010613445048405	0.001362511426861344	0.07067671991793317	334.96222218998025	0.0011027747007198241	145.6550275851009	285.68037871676023
NAD-BIOSYNTHESIS-II	1984.1666717377611	179.60973557267894	580.2417184107644	1512.4877938933926	316.0552412827671	1950.6528574017395	243.55054962064983	1834.9616471895313	848.4067970936198	29.67931673913642	12073.679632129772	2320.8096814602013
NADSYN-PWY	0.9876017312642688	20.51088081843013	49.61244446470069	134.42023362750976	37.80674524231824	27.444557173591324	0.7057921495756724	27.743776246104446	592.527469887804	0.0	50.741409181997085	815.3243606247316
NAGLIPASYN-PWY	100060.35969352844	22786.200506112935	97368.8746867023	35479.98240083635	54920.88062606051	31169.017884933088	13933.446961544958	3210.476487480583	772.1160055153313	248.17609363695018	78602.15091812641	46638.576097379046
NONMEVIPP-PWY	102680.66595394931	27111.205315427185	112752.11003425566	69457.5500102602	60378.398132378636	70539.06561727714	22008.23848970695	18817.153979243227	7617.165823212696	1188.112546071853	121314.96484013268	111341.6556107073
NONOXIPENT-PWY	131171.30967511912	34184.04289362436	140027.22951515202	114544.46809928349	69050.74801231764	108739.06477915174	32596.635599246365	40490.632860783866	15920.89056661553	2493.973622800061	212812.81981701963	171132.98968955482
OANTIGEN-PWY	19644.566162692245	20701.522111677798	45750.83441762846	57111.16602286989	26774.708872736508	52109.63736081457	15289.827637896482	21527.70776321163	6915.407656832916	1361.175173604993	54126.49145109883	78418.79697850144
ORNARGDEG-PWY	1060.664941810321	19.84855744700191	22.98372790367206	107.13132831265162	42.525325779691485	52.96514216734117	2.246874437427194	20.90065638587838	82.92371870022494	5.5793557454439675	83.71469852971114	97.20779304208675
ORNDEG-PWY	1188.757354336176	51.07978592480577	68.97663647322548	604.7626875584447	98.71519218638416	291.527313221643	30.627800589625625	53.99375784636427	206.1328387476816	16.164461106218628	281.98414008173444	450.64566066093363
P101-PWY	18.59098596426695	4.338853148507518	59.62200008812392	1440.9869162993025	16.63112383419934	804.4288317232388	118.46466116692477	14.659802752223092	93.73226053829403	0.06268550678887061	242.50734640087637	1082.9788945156884
P105-PWY	7002.804901286177	511.4619159794885	1137.5143595888617	9093.486341928474	1387.7960400692605	4511.393821375937	706.9489056859542	700.8304611873076	1860.307036939383	97.6349789915577	2448.1769317456647	6982.132303492277
P108-PWY	116491.74748193935	27060.3052855346	121521.74255374861	58947.21524239988	63705.596294369294	54273.7539678605	19101.075638115522	7253.268023112409	1292.825251149294	462.69696445114386	88772.18761855546	70304.45380776451
P122-PWY	8453.014294014263	16932.094287313535	16853.62723257285	39408.512186454565	16193.969627418062	29235.819761979637	8602.31350285797	19439.443126547896	4530.00792823666	1733.5444525256758	10542.959768438648	28615.580688885948
P124-PWY	9922.320080126668	20315.05327249533	22621.707030644822	51213.32663507477	18751.955393492477	42070.67299830432	11544.736558833243	27328.92967361133	6518.756876015581	2257.644790242694	12227.061181511091	38491.309843989504
P125-PWY	260.29552752717154	938.4899575586661	527.9784386979202	4783.167339487374	1055.1529543386282	9482.955369539837	3106.223587300028	5516.875678428637	5771.298807259303	295.54806248398154	9859.596140505399	32999.94580495776
P161-PWY	8018.289947119774	16149.450605782262	9046.198833638615	41121.081025966254	15709.406600414177	37223.96639633909	10310.645219875494	28053.76055613089	9123.933625144102	2386.575167592666	83549.04536332982	68944.40885273207
P162-PWY	220.18467257966435	417.6544707092739	998.3769061790272	6460.92337549052	764.9351857213784	5772.794657280138	820.5077789607502	2606.659783651189	870.4967242551946	61.37526508329134	4438.848923603332	11983.085479404448
P163-PWY	1334.0449200025137	1002.2913160857499	2914.8687863711666	10975.208678741785	896.9510800672359	14363.675119029787	2389.567919500792	2100.3191829485636	956.9814383316979	90.55154669160292	1958.5195694117874	7650.78952668144
P164-PWY	16068.324535952841	2812.8652214938834	10728.287119671559	26333.065527764335	5314.801495630503	20531.253470647236	4293.587607037999	6566.402365399706	5113.657505994137	248.7304625765357	106253.46472881855	36675.331855693345
P184-PWY	0.008801671200070712	0.0	0.0	0.022682357449329997	0.0	0.03298299667945256	0.0	0.012666945379974674	318.5467433213887	0.0008823410290894971	108.08922006625498	253.3152660388392
P221-PWY	1655.2023608853547	1335.553962456034	10948.811707362833	12781.786087525785	2913.614403910044	10669.461952632015	2533.437588463935	3748.474520742661	772.9066207471719	226.7399944910527	4504.634750689681	9267.898836810222
P23-PWY	9692.441773599765	1667.4732539059262	9148.807782521992	19271.032124806614	4352.380281053984	11772.330884510313	1920.7861207852102	1623.1196830668976	2644.944520869834	200.28305219995318	8040.810479382234	30232.410860403194
P241-PWY	0.0	0.0	0.0	0.0	0.0	0.0	0.0	0.0	0.0	0.0	27.71936747896929	178.84972303789124
P261-PWY	14.073344229246407	9.342724897859453	72.12325521683256	253.2269205691982	25.836986048833992	522.4720404380207	100.82429899669096	74.71161022278112	29.647358120264933	0.0	53.037827117224786	402.2330524327806
P281-PWY	551.1792388091106	0.5242304795712865	78.23719624829964	201.1790390853068	11.80887468172045	641.4013076968606	91.93185126158461	0.6453254006275889	544.3354422490405	0.0008219200242856724	137.6451581505462	1302.7475774974293
P341-PWY	105.00345224473051	34.96091407092919	74.35156730937872	1857.4832745760102	93.31612460509162	1385.5645175896932	393.253582232403	428.56775978527054	95.56374137496691	3.3769361899567842	9503.861255503774	594.6138195602672
P381-PWY	0.0	0.0	210.01147916940545	6645.4385373555715	92.48496542256026	3932.7982232996546	642.2166753827711	0.0	1348.2809301902737	0.0	365.2641623858287	6292.18954013715
P4-PWY	11859.62577028414	3905.0259385029362	18811.31750259824	25285.2313992545	5855.065964556264	34051.372030974526	7675.243407577629	11335.293290995465	6753.316025660369	428.0231041286836	23292.460311413077	59530.75794474385
P42-PWY	138018.69996964806	37307.64326742865	156603.8297818422	79350.55898286267	81565.93673489834	70401.76848681529	25359.1166512151	11810.227456024919	4743.200433631518	785.5100327817555	151532.74346034176	100950.38910216477
P441-PWY	15119.47870496499	7948.876458840408	25928.097123620413	42423.06423056705	12057.818894156062	39377.23925699191	10913.160838346468	15883.049855417677	6447.677757820587	812.5132497521454	79006.57205703393	56982.71442370848
P461-PWY	5575.086448838826	2768.645443069845	9251.159990626504	19691.897209179446	3731.3681368926646	17707.44351629945	4075.795772131309	9501.254285889876	6896.507698309457	315.17012242667926	16883.252644078028	34613.16273703018
P562-PWY	646.7741320456165	235.0300131031033	1010.1608133174865	5949.557309580671	460.37364581695635	4629.160772049527	847.8597677866218	1143.450988221568	840.9537942587375	40.41091882165413	8878.69140535982	6741.56685203072
P621-PWY	0.00014409997770530077	0.0003213594400687689	0.00014410017245633646	0.004146824745373661	0.002838162991628226	0.0014357863281469585	0.00013303723299543688	0.002483648193884892	0.0021634265484649904	0.0	0.0012529685139359924	0.0041789100332446875
PANTO-PWY	92249.92404776873	26179.006565194653	111467.73371599312	47158.137170661656	62030.10783519256	46197.280536540966	14810.07517495255	12611.086048486395	3463.1271692378004	509.7959364186375	87859.46378160827	75095.66226654146
PANTOSYN-PWY	96535.26802898971	28867.92334655472	112401.43212402948	55424.894836051884	62906.15048743356	52247.65383053249	17009.25598864052	15179.597264220434	4398.847254309089	688.571155019536	96944.93858054842	82764.72327819683
PENTOSE-P-PWY	52338.82812654065	20502.830793340276	85384.23348821128	47294.1474440622	43231.02406432803	35106.082774943236	9591.327118730558	16499.688377243623	6080.844077419127	619.9993219367202	95191.08282282663	55643.01924263481
PEPTIDOGLYCANSYN-PWY	96888.84402760767	33042.536395569776	110012.32949965769	81050.6706732929	62396.27300316292	74182.71591155151	23804.801724370773	30637.924398441624	9808.59929267245	2361.5497891780765	119377.95234096584	115034.0571690497
PHOSLIPSYN-PWY	73444.8822389337	27067.808815578643	81149.67976901491	72060.23593026432	43693.018136207196	70764.24518616854	20248.10581452192	31618.933607193474	10518.24338076689	2388.567060499282	109755.65020184877	109147.95930877273
POLYAMINSYN3-PWY	2661.2349125380806	2007.9069094866693	3703.860059052419	10477.662740064545	3163.988059486895	8211.69868898846	3224.5724627349405	5449.326048210735	2140.02962570928	268.5812468523608	7958.932065006223	19572.505134870968
POLYAMSYN-PWY	2516.9289607799474	1964.5844156560331	3589.8091743818427	11735.039860916238	3131.588205159828	14739.912155939886	3322.0947512750477	6118.53338568355	3629.9651982045507	342.4801639638899	7725.575790298085	27516.298974006346
POLYISOPRENSYN-PWY	94573.10118575583	27404.411103294937	99590.58098802718	55661.00153397954	56631.77445090187	49956.80317177138	18433.797706399357	20919.58848624966	6456.427531231227	1822.1825882089902	100094.78348182092	78569.939322021
PPGPPMET-PWY	1790.7349004900889	286.8931885676109	140.41050753526204	1016.4528453386959	388.23805478614076	2567.799194391209	916.5313174313998	254.8937099737489	1010.6217546516039	23.65055541103619	687.2637297362745	3795.910981349182
PROTOCATECHUATE-ORTHO-CLEAVAGE-PWY	6.398021965118542	1.1390599825884122	90.39548126249608	138.27580620728241	78.52254831150893	64.0561166384071	6.832005469638807	46.51261848700303	746.686313759809	0.0	111.76930617475236	888.7990897020296
PRPP-PWY	26889.794238650462	23005.33531830563	53888.12126247414	32402.294701539267	34010.844641850286	21629.564189501038	5890.667768375775	5284.888441156548	4193.726893960728	155.09717383238444	25501.31636702268	26298.068165566085
PWY-1269	94185.25651925453	24081.73780049672	103103.59951469622	38655.44567728486	58273.4703306559	32407.476839081693	14043.523849959794	4311.9739885367035	1034.8337614418047	305.61171294045647	78516.97025244236	49792.61636457323
PWY-1361	0.0	0.0	0.0	0.0	0.0	0.0	0.0	0.0	210.57143651651762	0.0	22.644848403677862	250.091872990615
PWY-1422	0.216665418830456	6.688171309842266	2.1168836804243965	35.78214462957224	25.63708287344492	6.386685731393055	0.20101805396847597	7.691021319695562	48.31290016756928	0.0	1.8829278720120377	51.54704837463786
PWY-1501	0.00012492841883922178	0.0	0.3684557285013517	0.0	0.0	1.415818230687434	0.0	0.0	3.2037237558792633	0.0	0.0	165.5975583720127
PWY-1541	24.55080082527485	2.0427701905934113	109.60517331612691	96.09637815484427	41.04363616714387	426.69247415597283	53.06590624141179	17.502674569472127	36.19362739319109	0.0	239.40770791630626	741.0703048546028
PWY-1622	0.5867137926350714	14.195894199031711	5.936876819835763	149.32808639671467	62.74074191202528	45.633010006456274	4.41285911057815	68.23407789401813	31.429937756552068	0.0	730.4877805639818	409.06403028649225
PWY-181	7.798070234689212	24.71911103797157	9.961885597339219	258.7152940248622	176.20581569151597	75.84612934824914	7.196666705433327	138.6055018147181	1298.183713822354	0.0	1379.1888437495902	3898.1154717201357
PWY-1861	4127.965236208299	3956.6332561141735	22350.89655271623	37878.52343828362	6233.030732020279	25026.401151905997	5774.4216063992635	7105.720777499115	4433.327058675244	325.8704533059806	59355.13103825814	32614.648807634687
PWY-1882	0.0	0.0	0.0	0.0	0.0	0.0	0.0	0.0	0.0	0.0	8.701039187461767	0.0
PWY-2221	2.6959208711989315e-06	6.013122272372907e-06	2.6959208676568544e-06	7.758259267441778e-05	5.3102960296272576e-05	2.6861691476257633e-05	2.4906755436828636e-06	4.646856647420046e-05	4.0474895557742275e-05	0.0	1359.9935454555205	7.818220750866744e-05
PWY-2941	5000.518861699917	15093.974102828817	10919.27066347154	35537.6206479528	14222.282335872043	13329.851811241468	6550.1115195205075	21496.861250951963	5548.61339184172	1806.5440159815835	9703.905886293443	27482.616244516692
PWY-2942	105018.31990987116	32967.97534699231	117654.41233668399	84297.58070462628	65919.60334983708	80506.82509762405	25109.539018040927	30268.473595194486	10584.813340079665	2218.619272299779	140781.56741666966	128709.58821839579
PWY-3001	102383.40768363285	31241.605603202555	123883.43725999795	79007.51217418177	67349.93308298891	78880.66102075843	23671.10208369031	25440.510445836757	9252.472829415061	1646.0405687792243	130854.50791302565	123022.43466323912
PWY-3661	4.500140515564039	0.10558529823094012	8.501262677207794	0.6584928598513807	0.50543184993409	19.36667401418491	0.007804211192122851	0.21179050083833187	19.012586017958263	0.0	247.8960646801798	119.63590726260685
PWY-3781	250.49178977125635	434.51023461230875	1173.444093331196	9130.871860813992	2241.969675977421	5494.385457741412	1287.6440783822034	1452.73888899442	3439.3218055982015	38.03520401569083	2520.4274946757064	12278.480208433899
PWY-3801	1.296695535140368	42.16293490625674	12.713401980771096	281.9949710165198	177.5390554485193	81.13273475566815	1.197923361102694	52.309286977681815	263.327676488654	0.0	11.273982138034226	313.2231093709298
PWY-3941	0.015557823815643154	0.007335052238582558	0.024272959793668007	1.2634796278415772	0.0701126680876507	23.97847839125035	0.10816339087237277	0.06537097265464689	22.413702416388702	0.0	27.249775592268218	54.833953840276216
PWY-4361	8.620318667176823	11.779376758697076	1.7512664513759302	73.8249878052267	35.27096439122161	494.8002824787402	220.467328759196	22.305865586946712	112.5710373166209	0.0	29.925465753155375	177.56013118668287
PWY-4722	53.3506060263387	24.470584606485485	137.18698996095992	1663.0107510196447	124.23188262633548	375.9881568479221	22.438820767189675	0.17080786420632443	157.53567439951487	0.0	253.87013943078347	451.24125171682664
PWY-4984	25407.244836431775	2348.8362415032093	26160.512160556216	23028.873820201472	4567.0845788498855	17648.587166916244	4124.918523777484	3044.9094242217107	3285.928512087057	247.9420593356863	32723.105969431454	21651.082076575993
PWY-5005	531.3566385213488	475.04414563521954	3248.4689507077505	7361.818717573245	648.7570689618946	6717.988528652851	850.9874099639795	801.382528993042	355.26040629524005	16.729942921237637	4760.918267829458	4822.8022596434685
PWY-5022	2959.1851507832785	2796.4406288192545	5965.87375927005	16701.098792681903	2588.881357486555	17023.207072071673	4007.826753769809	10140.926362384844	3977.493007215581	601.621774110968	5771.6756918391375	26027.074510635925
PWY-5028	32.72798426477553	0.6280930371457676	60.850965890787194	74.6778450649002	30.17320674521394	22.483342857371944	0.01792434556285967	0.7805083628515381	748.5142317552234	0.0	167.72029033042963	1266.7887809188062
PWY-5088	2.430865444718886	1.3099221246361632	9.830718634657934	57.69151368786646	13.392596490875004	80.76322430972597	6.68754842952214	10.387244259015455	9.544803093275378	0.0	2199.3558535346006	423.34338472643867
PWY-5097	98200.04094609722	31255.608226554414	114614.57671272525	82968.22630242849	62598.30399596814	78571.24669424762	23798.20672986256	28787.543685452412	9604.149891511885	2134.899962665071	139420.10508567948	124103.87024242245
PWY-5100	95466.36981533638	32737.464489385886	118457.58064892124	89771.70901399125	65807.2487027597	85872.9896053403	26460.163238707293	40970.2629404149	13484.34502508798	2784.08633529288	140416.4903560023	133213.73957320527
PWY-5101	113459.94080501648	32336.45498530546	135877.34034529404	90617.75430412739	71669.94269060134	91516.9979839243	26474.090229949194	26396.91212261812	10826.159897263178	1505.5522788199362	169246.90144199875	137953.25038965596
PWY-5103	98272.31279934892	27838.95329905413	117957.59344961286	74124.65090260601	62675.262824369056	77487.5654509315	22261.34645482082	20512.380692157745	8517.51976071532	1183.1496471536307	131121.6469647103	116441.87064460751
PWY-5104	105524.17284201129	29647.42832528912	124994.19279420581	85760.27716087321	64952.11409352168	88761.38773976822	25728.185178136082	27091.03694946802	10865.6014909148	1552.3338910141188	158793.20905433496	136717.43697793438
PWY-5121	99576.70162484654	27646.288185009013	108987.16631629488	69911.22803202104	59492.78710772441	69395.6333235207	21816.967910661864	20291.010679004023	7857.615324073806	1349.29573146247	116892.5472083568	107908.54174868812
PWY-5154	58745.973223769724	12022.942127159622	45926.32894862474	45536.33263033991	20339.916860259487	44195.78819168366	13075.08985892022	6586.809412334702	3505.872111918766	402.06846573451753	75973.78855312412	66006.22191303602
PWY-5177	2072.241413664369	766.5644802602272	884.6293307542793	8214.691143555681	899.4421471292178	9179.743196158244	1634.7418341517762	2125.7107837916406	994.9735023040299	96.12094314940492	6695.627414416627	8450.364432385737
PWY-5178	21.110137465609526	0.002919708828830513	35.23709178877817	98.72090086502527	31.29777481932336	21.619834920004447	0.00012714862804477493	0.005311117630899784	107.30766024751958	0.0	37.25198410542729	163.4913377745375
PWY-5179	0.0	0.0	0.0	0.0	0.0	0.0004257990378144035	0.0	0.0	0.0007458622638216361	0.0	0.0007715816494768936	0.0009844815664762918
PWY-5180	1673.9799837556664	984.0984375979982	632.0427200096715	4427.867237631035	1022.6452453073613	5226.751136743316	872.269407415151	788.2330866592982	1187.4422831345616	49.347436629920544	790.3488189464863	3327.795197543064
PWY-5181	4.70879360852861	0.6966570035526467	52.94239555142002	79.06513428919425	28.72798863075062	26.573031311890578	0.055979966027421516	2.1394796863546843	293.0518127989247	0.0	74.23014569612009	372.74968371859194
PWY-5182	1673.9799837556664	984.0984375979982	632.0427200096715	4427.867237631035	1022.6452453073613	5226.751136743316	872.269407415151	788.2330866592982	1187.4422831345616	49.347436629920544	790.3488189464863	3327.795197543064
PWY-5183	0.00028549719652119646	3.599999999998531e-15	29.728586684364576	88.42625032486863	23.35653865333905	19.279632556876265	1.7999999999933863e-15	2.7899999999960317e-14	111.3951099875418	0.0	0.6356478735309719	166.76707096461166
PWY-5184	0.20556784476295928	0.24258188780705692	0.3914916532958294	3.45598274896032	2.247788124662087	2.8521683444320423	0.12283995005764962	2.080881358253372	1.6815698021972671	0.0	2.6549950841651855	3.3149461918865564
PWY-5188	20826.182466854014	2371.9873242012227	11602.744257318082	23555.112855054223	4542.9518189868	25181.805404535702	5522.210782230816	8099.3188746646565	4435.673414828385	421.23326154481975	32307.811351166252	46022.51185404698
PWY-5189	18722.9685920516	2033.2031830232559	10169.37137755053	20523.73757128869	3928.044448280547	21774.853624810876	4801.899062405862	6882.582584989452	3969.2768824336954	364.56698988669837	32184.986363445183	40700.782844603404
PWY-5198	0.002518652373506531	0.005621427941049633	0.002520339008193505	206.47120202611364	0.0496142922579534	38.69482785754499	1.2539481814870128	0.04340923264263525	21.1591357703392	0.0	18.204539157154482	399.4315529021296
PWY-5265	698.6720034651725	318.5166121445532	677.1621325927698	1482.5519800608072	1540.9351286201986	1666.782166076711	114.04894342373446	172.58548588884096	784.7693239217026	0.0	5111.158818376505	14565.956439493957
PWY-5266	1673.9799837556664	318.6538552314543	632.0427200096715	4427.867237631035	360.4598492495159	5226.751136743316	872.269407415151	788.2330866592981	451.5389369248559	0.0	790.3488189464863	3327.795197543064
PWY-5273	1673.9799837556664	318.65385523145426	632.0427200096715	4427.867237631035	360.4598492495159	5226.751136743316	872.269407415151	788.2330866592982	451.5389369248559	0.0	790.3488189464863	3327.795197543064
PWY-5304	18411.540268076227	9472.894693904562	60063.113031948815	5254.780620939599	24123.82901887613	8007.646068567074	969.5036378658947	3807.329448450884	594.1439292892128	78.00153183140725	16808.106047304784	9004.16368227463
PWY-5345	33167.48383332477	880.7171772477824	7092.82881214971	5036.633115302462	1392.424387901325	9578.249392833815	2501.1094471494853	2352.577740875033	2313.794571623056	73.75341843108157	3182.421751317343	13082.515490836307
PWY-5347	74021.43355536416	21733.26808671954	61511.4296719183	56950.926375837254	45151.51169359734	56975.0678534846	17207.392684487437	13061.711999182537	6943.983340658381	722.7378547121816	90619.58657217557	93637.52974803768
PWY-5384	21338.304814533505	1665.3350479279281	3844.5942000004643	8167.635865172867	1709.3683681223197	10729.037378296553	1810.7658372612368	2521.7163418562322	2426.740722848617	227.7631727999489	49372.27698592851	17386.28822244401
PWY-5392	1.2361911697637644	1.8853136741504204	2.235546076832738	24.893693957864873	16.60938439471734	8.425219203870068	0.7814033097400581	15.575449587271558	12.674974800120435	0.0	7.354922500521409	24.517235537508622
PWY-5415	208.412220668878	350.04290050348743	435.5861427874074	1932.1306682040383	388.89048654065954	1763.9268297640403	372.55067641611487	67.84096317847494	493.20806830559087	16.26415595647759	536.6899781280817	2455.0615679015514
PWY-5417	14.10339576662448	0.6863871320596494	62.93161282207225	106.75999504400816	42.744799188793756	19.081842199770442	0.054641152751175155	2.2313037448615227	373.44258348089693	0.0	54.41941728027726	484.65361902696293
PWY-5419	87.33625344149623	16.13236979598431	50.677709678958934	135.729811902095	55.556045352501656	23.875426141209196	0.7111424364970695	20.07469234358659	392.8914765636808	0.0072137602453540475	101.021274191279	327.4273246863466
PWY-5420	148.39801681385816	27.5020743856659	85.11355185902447	233.6016900082687	90.03980672458789	41.673404159601105	1.2439335046813524	34.66758914520338	466.187979809121	0.012623123009349646	166.05646303553047	544.6945632326486
PWY-5430	22.608757030575703	0.004709035591366426	34.91132721463087	92.93847167199549	42.562878304252614	15.342470600108127	0.0019607362119436703	0.036577638715318515	104.7414847230869	0.0	44.26353633023567	161.33794491046046
PWY-5431	14.10339576662448	0.6863871320596494	62.93161282207225	106.75999504400816	42.744799188793756	19.081842199770442	0.054641152751175155	2.2313037448615227	373.44258348089693	0.0	54.41941728027726	484.65361902696293
PWY-5484	99259.46888566822	35804.347721821156	125723.88529511097	81901.24424205262	69699.41015581509	66676.64005989893	22424.497667527707	27910.631273361327	9312.702140231906	1895.817669591996	94505.28123388815	94529.85782942096
PWY-5505	7586.400986784951	5461.505135802842	23452.378783695563	39836.61890410381	10326.678494074122	47517.770176519334	9985.797566010828	14303.52544367168	5001.40090207329	775.3446219512134	106811.66600796737	59871.94977811115
PWY-5507	98.58112957020283	265.83627794612204	807.7572139439737	6998.363541498415	838.034023179381	6161.89491492674	1338.04415194068	2223.6811172265225	1349.7373601436564	83.99739320466207	3606.6147215556616	15057.21532180636
PWY-5509	53251.88412991585	14606.808941485708	63859.77235891752	28280.827428654025	33236.07852496815	30745.39123940174	8440.086581971753	10187.297010512886	5426.021207402712	528.4407338019555	66123.42327009692	44775.84229014019
PWY-5529	2.0959951812318027	1.1073140931327279	8.550711522125173	22.84435992341377	5.54451925921203	30.61934764162047	0.04744327446370458	1.9472924690468765	11.74422415778745	0.0	313.5272927081204	21.820238352452524
PWY-5531	1.4700658399615487	15.42293010098928	7.899620767903532	86.57750246922251	63.06586383443609	55.04932027257148	0.5722071184061782	22.090216965046167	95.3629266017598	0.0	202.14087116302	120.14705340493141
PWY-5532	88.14095230132233	21.273023990575513	34.59669623444502	157.69949705999025	53.73092989041138	135.14201391153432	6.837905123082368	56.67761163636396	136.8032408588267	0.0	873.100644793188	629.7866042947147
PWY-5634	0.0	0.0	0.0	0.0	0.0	4.942253067123389e-08	0.0	0.0	8.657235477905546e-08	0.0	8.955758923179393e-08	1.1426887428007646e-07
PWY-5647	0.4054899381479709	8.770604139383236	24.23898840967128	55.997437365502506	17.672558805926716	9.711240074267078	0.3063692232085706	11.990342327184017	274.60656782088125	0.0	30.18811970745456	251.44774349359156
PWY-5651	0.6172535364592723	12.823289168816702	31.01360728724593	84.087956597389	23.63535583938094	17.15596674321504	0.4411264766857049	17.352651861870193	388.02522400609115	0.0	31.71959486940665	511.3156999495412
PWY-5654	0.5844403954130984	9.046408107357387	27.136801575786215	61.13238600058934	24.04113109949331	10.675547532373791	0.3348395793440517	12.696204589574727	279.8862894237075	0.0	68.71923302378929	243.29750834892403
PWY-5655	0.7271729172905197	14.179941027719925	37.30913114524085	94.69079001843117	28.000574569258262	17.789860533369477	0.512750149181982	19.65066339433046	250.77447792402248	0.0	45.58794305742616	405.74128710907075
PWY-5656	0.059115137430928014	1.885103081277059	0.5762051649959602	10.048592929393799	7.781271761001857	1.7304419369957034	0.05429069180824622	2.3240411511512065	11.950319879838702	0.0	0.5129447518387652	13.77234050489188
PWY-5659	118559.20405017938	33034.81199115279	115150.73060455249	65750.15186439831	66956.24033388624	61091.03086872259	22835.604738883583	16578.329183366302	8687.329270616212	1088.3011173179339	148014.065239931	103670.59824839394
PWY-5667	98007.13704604442	31657.188790712193	111158.96233557512	82721.33839691596	61225.74379409583	78486.42453213109	23001.157486263917	32949.31142098104	11548.34257444633	2520.6145339894288	117866.50572755904	122785.00992551539
PWY-5676	6055.193546927408	5117.195883364483	12246.965185993418	47171.22974321611	5507.238746671849	53942.40885395546	10628.514933949258	18625.064687581005	4875.817470147846	888.4658011180612	35960.039291734356	60137.12624269394
PWY-5677	1296.5578931991913	867.5492477873205	1405.542311798337	12417.73267377358	818.7432312534356	16968.9683836312	3022.30337861099	3018.9089648482673	2920.3117103065997	140.37709427563394	4291.871030293816	15195.67653885517
PWY-5679	0.0	0.0	0.0	0.0	0.0	0.12202236325686278	0.0	0.0	0.21374352326930587	0.0	0.22111301484063445	0.2821263814439402
PWY-5686	108122.835912275	33922.650117304474	119395.0838617258	85340.91067713917	66749.40670428045	78303.06275156896	24762.18655077362	31412.99860678682	10142.101748147861	2377.948144606932	133698.68486435007	118584.66327743029
PWY-5695	102633.64954878441	33576.38206703409	127628.00589864972	72469.93549067758	71205.30464013074	65423.55667980026	23563.370765853975	13895.514830431308	7810.875926784736	883.4412113521892	144397.6099677935	100337.14872248271
PWY-5705	995.3538690810526	93.18547262656887	265.47836797190115	1679.2942329691032	357.75733578988513	2124.8652351301084	436.55817480743974	770.7866156337195	524.356791952419	24.04101803111442	16145.576265916929	2417.911252580912
PWY-5737	0.0	0.0	0.0	0.0	0.0	0.0712911076334819	0.0	0.0	0.12487343139097613	0.0	0.12918811061538452	0.16482492055880907
PWY-5741	0.0	0.0	0.0	0.6231009316622413	0.0	56.728603416936856	0.0	0.0	0.8790687685416122	0.0	555.9241620231895	23.250469993332082
PWY-5747	785.7783133732274	33.56161552835317	99.19863694964873	229.119390921684	89.17398682377983	115.61075109918782	4.1179162874618065	45.657671218848094	358.36404205217787	9.8989459809245	468.67230569137973	725.8709001826015
PWY-5757	0.0	0.0	0.0	0.0	0.0	9.488006599987022e-09	0.0	0.0	1.6619930799550395e-08	0.0	1.7193031999989565e-08	2.193703519995288e-08
PWY-5823	0.012428580232304871	0.02771826601905571	0.012428572597542325	1.3942818090874534	0.24473865592610763	4.045376413003781	0.011482121998813936	0.25133127675827116	0.4648130327037194	0.0	749.8352654026924	95.03892289212372
PWY-5837	22111.121551085544	307.4987351718752	414.1077321461502	1005.5274375768603	687.2326251084753	2263.5184044533717	200.91630674477744	668.3704031810441	193.31634603048116	22.677984598757764	475.64702857584996	836.357004058979
PWY-5838	50883.60566165006	1026.1005354346628	1405.601440195618	3285.718482596839	2290.411378414501	6790.846021627985	669.4640064015858	1895.4755554542312	543.3158630350476	71.02896727827961	1608.7561655510622	2772.293001657977
PWY-5840	30734.460270521697	1023.2434030101952	1401.8367799782761	3289.654065772047	2271.4111323383395	6822.712898202527	669.3545272284896	1936.9867026022296	565.255660286648	71.86307858388041	1607.558122381767	2775.598189933202
PWY-5845	7646.361042755025	615.5494903052141	324.3740143825489	1356.1635550490173	844.1859661549202	4890.9545828317905	622.3653877289289	307.37324223693525	493.3432112126096	51.343269903131734	561.2459994613625	1564.0281417783258
PWY-5850	7646.361042755025	281.8204721401636	324.3740143825489	1269.6226720369084	579.8051196669949	777.7013297769415	35.750163790023166	307.37324223693525	462.43620356320866	51.343269903131734	561.2459994613625	1148.9180528688676
PWY-5855	2050.964064724053	219.07755520812412	599.112617845874	3263.7641988381406	417.9964972856157	1627.206550583559	254.25062299384376	337.4119371267054	1041.697019975152	19.986649691346415	2060.2016601892115	2948.044966823805
PWY-5856	2050.964064724053	219.07755520812412	599.112617845874	3263.7641988381406	417.9964972856157	1627.206550583559	254.25062299384376	337.4119371267054	1041.697019975152	19.986649691346415	2060.2016601892115	2948.044966823805
PWY-5857	2050.964064724053	219.07755520812412	599.112617845874	3263.7641988381406	417.9964972856157	1627.206550583559	254.25062299384376	337.4119371267054	1041.697019975152	19.986649691346415	2060.2016601892115	2948.044966823805
PWY-5860	5212.554646732521	188.57649362533547	216.46331644151385	853.2628604292315	387.7531431724721	521.3114976441524	23.848796113932135	209.12932002510797	338.36303802362767	35.850661055454076	374.88946498587563	770.0026755515983
PWY-5861	39758.57313294877	693.3872509830375	941.0987591874605	2236.93848572699	1546.1006373599403	4753.6765909044825	451.7555692823856	1442.943216442536	404.44242078811146	50.513956880104246	1078.4863672878942	1871.9966396234167
PWY-5862	5212.554646732521	413.7022156545474	216.46331644151385	911.9264304388595	565.3729699364299	3376.479085428359	419.61309442860585	209.12932002510797	363.34640816027115	35.850661055454076	374.88946498587563	1050.218651649159
PWY-5863	24444.78540721973	350.92566736929047	472.99418986666234	1146.965733051657	784.1058556719697	2574.636948710098	229.3193502753977	761.2062388680439	220.23408621157336	25.877803400446773	543.262123274195	954.7113045416178
PWY-5896	7646.361042755025	281.8204721401636	324.3740143825489	1269.6226720369084	579.8051196669949	777.7013297769415	35.750163790023166	307.37324223693525	462.43620356320866	51.343269903131734	561.2459994613625	1148.9180528688676
PWY-5897	47448.03807150189	902.5074741978813	1232.1712037340442	2903.339325065314	2014.5662398081984	6093.987125420322	589.0507831586274	1732.7568109278213	504.94982208004114	63.56646650463931	1411.222034581642	2441.63449642365
PWY-5898	47448.03807150189	902.5074741978813	1232.1712037340442	2903.339325065314	2014.5662398081984	6093.987125420322	589.0507831586274	1732.7568109278213	504.94982208004114	63.56646650463931	1411.222034581642	2441.63449642365
PWY-5899	47448.03807150189	902.5074741978813	1232.1712037340442	2903.339325065314	2014.5662398081984	6093.987125420322	589.0507831586274	1732.7568109278213	504.94982208004114	63.56646650463931	1411.222034581642	2441.63449642365
PWY-5910	2323.1646603310296	7715.625167229896	4927.912488665025	18710.885558622376	6897.437614509237	6187.539492135166	3341.9194882830884	14521.613241405446	3354.690603587472	1213.1770378518895	3694.1432928654103	7804.470329127137
PWY-5913	69313.95597595013	21000.63602882259	102443.30164817566	22717.437970172676	48891.66759715157	11870.292625988779	8671.254951963363	3329.045023374272	3416.768392932927	234.70607859574977	62393.67276983077	31103.27056331616
PWY-5918	9375.729691111816	2757.55689609716	6988.796802464134	14298.756822666099	4922.32889472047	4891.037506753229	3634.040939828816	1097.3042072836365	1512.1330487071136	179.1022775674516	12083.966765171921	13539.269973587663
PWY-5920	2430.326610781048	122.26806206918857	304.0740526916978	758.7369667289245	319.9650280673609	298.23119801787084	12.681762216304222	124.49925545001744	620.9054032735158	29.04567382147952	1343.2540752968057	1757.0469021652807
PWY-5940	0.0	0.0	0.0	0.0	0.0	0.04034613415194871	0.0	0.0	0.072228304337652	0.0	0.07259710128213448	0.0950280947440953
PWY-5941	24.239096099218205	12.918064504358323	15.317998207558622	141.364838854299	51.16503608053446	1347.675695697249	733.4858140034768	743.3133230847	1782.4452988172845	24.85881667933546	153.31931529415166	5463.8065504533415
PWY-5971	101929.76827724955	30960.813635440954	88587.83768575043	58618.68823156837	61474.39681425216	46368.32007414769	19098.350989831753	7806.794616870149	3195.6375547103735	635.5691935449635	94288.34515977508	75870.93637320236
PWY-5973	119846.39229784129	40924.33444846736	134848.58341667082	87647.28962361174	79143.42791234705	81865.31178724092	27201.98714851762	28714.263937516054	9777.820693102285	1964.3773834636302	138983.81504550044	128660.06524465175
PWY-5989	106128.29341987493	26800.178630963743	88426.9445028902	48518.95604409789	57869.709481495025	38715.459549652274	16967.42445961577	5135.736388641295	2250.705522144765	421.38899414721703	109092.61265042293	68477.42540801928
PWY-6071	481.1271424606382	49.27792439352373	67.34625336482122	455.83651154496636	117.7706651032059	224.94023762257092	12.38113033334982	60.253070924127805	214.5528162009899	14.450895367302014	98.27377036456244	404.4054944599823
PWY-6107	2.6940339198471808	0.00020174281458018248	4.884449969150839	0.00260344630866234	11.571100878077935	1.2370855557050335	8.343493012478782e-05	0.0015577632464797559	20.390720412702393	0.0	7.0369825511286175	29.634092015998203
PWY-6113	64958.65133785279	0.0	0.0	274.05466833497974	33.70237212981845	6692.491192883751	145.0175937107835	2809.0088587556525	0.0	0.0	56.77600892072039	0.0
PWY-6121	117697.61728753913	38332.61785241694	129475.77051868447	87750.69769404596	74073.3150463389	81212.17970505112	26939.435992040195	32151.102603136103	10425.524287994387	2517.179274162097	140169.79583914985	125494.22459074209
PWY-6122	111629.99720894595	36529.53777183652	121325.81627324947	85398.18363134952	69225.26613453354	79010.39340732324	26037.20773369739	33037.9920713138	10907.030353794618	2605.1591057904093	138477.0569295773	123251.50948761159
PWY-6123	107221.42968013619	33744.88364302448	118892.67875963703	72622.43693680203	66882.32663088138	66898.4636142362	23035.383624893147	26873.250128609146	8699.337059494957	2144.4756148930023	124702.51952215716	103841.6009739552
PWY-6125	71160.05616629234	29195.867695797955	104491.73694874655	46982.47157152478	56868.3303336221	34321.78157313136	12945.448063784459	23918.43399481408	6031.3085088301295	2045.5643701289057	86619.14696286898	62146.39745718957
PWY-6126	109918.71147329769	37863.71278835616	133334.49286950254	87152.67962631125	74793.57402498074	74709.65114834023	25500.441633702772	31983.616871361904	10949.43367051885	2501.2875412806375	141771.51263885884	118244.8345497886
PWY-6141	0.0	0.0	0.0	0.0	0.0	0.0	0.0	0.0	0.0	0.0	10.178898386092936	71.22418108783035
PWY-6142	3.8133647972109923	69.9397354370078	34.38216922015572	549.5471696531124	132.65163740138476	110.74077893480656	3.534920168921679	131.03904180751462	280.5296884495853	0.0	33.264520943690854	707.4989126066962
PWY-6143	0.0	0.0	0.0	29.59211957899246	0.0	16.788555096461057	0.0	15.38582787597546	22.175749191796605	1.023355735697594	101.50687599936316	686.8672890524803
PWY-6145	1.345755083485484e-06	4.396164397814931e-05	1.319865179568399e-05	0.0053154716962772	0.0001866109641622376	0.0017757975706391125	1.243300479345629e-06	0.0029903571428156308	0.007635578216719549	0.00029171433063847953	1.170197716816861e-05	0.1919913886058273
PWY-6146	0.0	0.0	0.0	0.0	0.0	0.0	0.0	0.0	0.0	0.0	31.224914528814562	277.80277679404446
PWY-6147	97759.21571034359	24591.90101345134	108003.71398935896	48940.60697951973	59011.62530580611	46326.53845101228	16696.15524152143	7596.25118642233	3346.529384147792	419.81374150960323	88920.8545587531	68049.05895893156
PWY-6148	0.0	0.0	0.0	0.08246959715266788	0.0	0.02813105807881968	0.0	0.04766803008027581	0.11917238853809904	0.00476955487228317	20.937622770267804	126.4293730469789
PWY-6151	84626.88926412702	24231.71988360923	58107.98599704348	59445.45636066855	41653.575057737624	51564.171181949656	18372.124949090747	23972.253508198006	5833.400646329437	2000.6476917923967	97638.01468045374	82815.87592601994
PWY-6163	95868.98458643252	24781.170744670002	106159.53003006762	68674.71624617369	56143.70881538979	70480.378060594	21060.693127053248	17512.355718981093	7276.641804493953	1023.8309679383118	115674.7538380264	105352.70443703695
PWY-6165	162.34647584115626	7.290762546426674	12.755671759742807	97.85872189913522	53.71375726239807	377.95997153008597	21.291027078333137	118.05233224145704	81.08307156231025	4.199888305879705	336.95723600567845	1877.7969380744055
PWY-6167	0.0	0.0	0.0	0.0	0.0	0.0	0.0	0.0	0.0	0.0	34.51029926616306	228.32952486249278
PWY-6174	0.0002633222014864638	0.008568745785376	0.0025814132068718333	0.04591668131010324	0.03640981204103005	0.0077849583716500135	0.00024327504447759749	0.010658879746327466	0.055222111733727194	0.0	20.399545691937494	130.75720124116327
PWY-6182	16.357918754086683	0.5534647530167094	57.50025444492211	93.10975897836344	27.077758574729287	16.17741075100481	0.03529906186773002	1.2183588778145662	395.0720206419154	0.0	46.558915089091016	491.6292697588485
PWY-6185	14.73919425880927	0.8751555894588819	61.494120839742024	103.78631335733537	23.294120894133155	19.874348218547368	0.06491288827363047	2.5844578513833696	209.30775858416825	0.0	44.690980453991294	304.3133308195506
PWY-621	35745.53232144345	25512.89615691695	67961.21117767067	70427.90393817206	33941.36470365037	49104.71824590872	15994.8153303983	32337.050809748835	11763.139627086342	2744.3935235982635	127358.30146207851	98770.2383900112
PWY-6210	0.3639198487172839	9.52726525235126	22.821707213412484	35.3942100774103	20.003567843453165	10.808420653650462	0.33654695938901025	4.667744356242683	123.47151816002766	0.0	24.377265005604038	189.40882529462402
PWY-622	0.008022650591441043	0.26173144643091756	0.07866289644150293	1.3984924762306186	1.1094180808411997	0.23679621066994158	0.007411104147704438	0.3245409232914437	1.6846472949533569	0.0	0.06975548728587368	1.9433949043286258
PWY-6263	45.87818567953964	506.74519496102204	419.3240520608463	851.1421026757497	719.9412777999382	3576.806860774871	1142.0614079724783	353.9915468667956	575.2285709149575	11.236850068034595	3177.9590327535543	9107.02057380296
PWY-6269	54800.026578099234	14715.147607093562	64022.390967256724	28584.47963532563	33464.38574480769	31096.44294361087	8541.710244958043	10402.429843789268	5482.929551668108	532.1386721614381	66520.20510913403	45354.03138014127
PWY-6277	111629.99720894595	36529.53777183652	121325.81627324947	85398.18363134952	69225.26613453354	79010.39340732324	26037.20773369739	33037.9920713138	10907.030353794618	2605.1591057904093	138477.0569295773	123251.50948761159
PWY-6282	99473.66274235456	25937.804441018816	84359.49156508826	48109.35416399178	55027.53558021678	38386.381453006135	16566.642719707143	5292.874845415102	2264.1396136235326	439.49008180686445	103870.93853542824	67426.40286754209
PWY-6284	25922.873646985823	0.0	0.0	73.17026819685748	9.085339475615266	1390.5954288097553	26.311298688624504	729.7527190742946	0.0	0.0	15.31288694647921	0.0
PWY-6285	41691.33942595498	0.0	0.0	153.44185582175024	19.075574142596235	2815.1250249512746	55.16038266538765	1397.7916606120962	0.0	0.0	32.14653993432366	0.0
PWY-6317	17388.58496339811	26541.548171320675	52769.315402957975	72867.73527387738	32109.89285590947	59286.803217816654	17926.870376061655	27796.609994644077	8468.489224887084	2191.596363980994	89208.90630036447	96752.16508451822
PWY-6338	0.006707591080396758	0.0	0.0	0.0	0.0	0.009124949404948464	0.0	0.0	27.27064361301474	0.0	92.69515312068917	32.81387314371376
PWY-6339	9.739209959200767	0.0	0.0	0.0	0.0	8.743553433651517	0.0	0.0	545.0931764884866	0.0	208.56685214716794	477.1193465432586
PWY-6349	0.0	0.0	0.0	0.0	0.0	0.0	0.0	0.0	0.0	0.0	10.480083113814576	76.76298917345451
PWY-6350	0.0	0.0	0.0	0.0	0.0	0.0	0.0	0.0	0.0	0.0	11.324025641657405	70.71628705927587
PWY-6353	16094.293286761656	5503.280736201226	14929.599287559926	36178.993147713554	6170.561945783475	42111.03995173109	10088.531054794	10910.243823467517	6158.484794475023	667.2734562335874	106690.76671276882	66626.98722291953
PWY-6383	0.0	0.0	6.246917675557444	1471.7970373489889	26.96154559259133	659.3629062191153	99.37174118828173	0.0	53.450269896733936	0.0	12.394093428388738	784.4781773485158
PWY-6385	95474.20958968978	32855.78846295764	109364.39007112342	80242.96424824456	62089.97661452526	73124.89385775918	23543.807508302776	30197.263316900688	9721.892359777845	2335.369129358206	114389.98081492723	113225.46000337873
PWY-6386	94158.30380304535	32589.145886209262	109888.08992488521	80223.5509879099	61986.10594006345	73675.49829532544	23679.76807031578	29956.693073616796	9748.30661711119	2304.6394040611585	116560.85408211786	114385.77545619696
PWY-6387	96025.29187291618	33215.42418036386	109800.68802063615	81842.40450674499	62263.35515425105	75480.81975145281	24033.430515173535	31285.204149524197	10001.986403320308	2402.5726718906844	120929.73346226546	116822.54760497165
PWY-6396	512.6596802250605	2017.9873520777862	1168.8154172974675	6954.787530804999	2081.955068913603	4822.301371301325	3016.6528812184074	8751.60329985646	4889.882591947419	568.9059849420931	10742.749309168048	14929.549354258821
PWY-6397	0.0	0.0	0.0	0.0	11.5189623646968	2.597359999970283e-11	0.0	0.0	4.5497199999479455e-11	0.0	4.70667999994615e-11	6.005359999931291e-11
PWY-6404	0.0	0.0	0.0	0.0	0.0	1.0381375981864554e-10	0.0	0.0	1.8184754549102513e-10	0.0	1.8812107011134461e-10	2.400279500185026e-10
PWY-6467	89938.5802003483	20342.53866566799	86391.50194788507	30554.864858667468	49062.07475687094	26939.85143877823	12188.26138529026	2703.059457057074	697.6434816487472	206.05850552292387	70530.83494250358	41362.253869417975
PWY-6470	2117.47019589555	1449.7326497417762	1683.8529658840587	11807.49715628996	2676.5672073323362	15687.779300179945	2384.7657767104597	2008.7718351243684	2353.156209949855	102.390338326738	3113.5932037879807	10944.830871798598
PWY-6471	15288.403655507915	19178.68177698213	29558.79494570691	53901.7239832407	20473.001377601966	44111.19351735169	13097.441950027984	25851.523387232493	7292.082950882026	2094.429661456455	29256.489317974796	47086.76244338256
PWY-6478	16737.06802112899	2613.851616570025	27193.344491228767	14846.326885298298	5787.288989507403	9440.119918680668	3075.3772600515476	1987.9530526121519	664.3585136341549	156.04403022082826	53692.86781323947	10535.342874072403
PWY-6505	0.7096652799494796	0.9609811056128584	37.30913114524085	77.4081626012911	27.084288057183002	13.921477000799287	0.27701518092168553	6.292632249253374	250.77447792402248	0.0	45.58794305742616	405.74128710907075
PWY-6507	59479.584174431526	16857.254850681173	79817.85409090637	26551.369445190154	38956.03622274672	30923.953582710874	9170.916027542333	5043.249464843024	1157.4083807792902	316.91887968193316	98493.00268661356	32450.80846766748
PWY-6519	94915.39487067664	25563.57229699136	93617.97116884905	46143.226870342885	57148.8881904713	38841.551746618185	15225.194426116084	4659.807079343287	1450.0273489917772	315.65909428000214	94187.50109793521	63344.777497732524
PWY-6545	25272.537183824537	10491.926041335537	25784.562583616887	25516.023295639596	18266.49106222824	22248.44352368903	7799.298615010298	11909.365829927603	4366.147122024432	1027.7914568506353	33051.63289331478	42013.301656754105
PWY-6562	23.54378217624059	3.9472429451331945	1.2482260635276892	36.53220654648802	16.48772859739176	28.47596743664204	0.26002764346012597	28.41664697032815	62.689173117333915	0.0	396.1172266109839	149.30715809922665
PWY-6572	23603.362572027356	2142.0122113919138	21427.069868427	4115.588437269966	4008.271474836925	2818.9508507676737	1499.3912582095854	334.9870083516278	2.784164579459306	0.0	11329.532232220168	217.84001490997423
PWY-6588	5033.717122895268	3524.7776318154847	8532.65620227109	34022.20125121119	3607.5423615959794	45122.271836843676	7856.198642980533	14114.682998738408	4724.9444503329705	561.3645509745387	26966.026638936466	48161.84080450439
PWY-6590	5628.878834675085	1854.1324335243494	2030.8599493397826	15788.169713337309	2359.2884735522944	16694.166243805055	3345.3287266617967	4211.238924107043	3104.9368276050945	215.70075810910137	16692.29675475257	17070.944300950025
PWY-6608	29554.718882082332	6689.330445357271	26019.50439836079	31907.55083875156	14385.253842999744	36826.77964801766	9020.549799521836	8597.748287227989	6734.962714196774	504.2770163482271	144397.6099677935	61404.21836868597
PWY-6609	89578.27391071756	31373.11006903918	115479.9495670125	79309.37915203329	64636.303843606525	74128.2582656012	23144.197317433627	29701.936110444953	9826.717849997434	2171.3405101760814	128246.97263552724	117559.79085782667
PWY-6612	87462.07259403272	22866.692351285743	94216.12719374895	39767.4925399048	50718.152286721226	27720.987239342223	11875.971776006905	6238.658173050276	4108.914704697438	362.16965671803393	81713.40505829935	49421.46286503292
PWY-6628	17406.700058762068	4043.4684958159232	10608.327701795488	15921.19184486412	5440.955103392876	14547.249593888508	2643.415589245259	1107.5141403465555	3955.892319638587	120.19125477055837	49119.62206807703	37847.44507592632
PWY-6629	7711.6646345539775	296.01159476686615	365.9051109866095	1420.8462873599003	539.6620937588702	803.7373573891603	35.9253071766263	303.0892601696852	992.5569149903307	88.5060205470241	572.5553101871061	1234.793455493589
PWY-6630	17044.053948530727	4006.90714412122	10559.71305670282	15740.107351968314	5412.404778894492	14431.384113819446	2620.456430363002	1106.141100446178	3934.355732583541	119.86617443367538	47724.11689926137	37368.02886503257
PWY-6641	29.496239605997634	3.496171641892423	184.19170821489882	168.28656553898497	59.256420916985526	660.2259300144028	88.99739429963174	32.452769582700014	66.47196349570255	0.0	339.45790482160015	944.9875651525238
PWY-6654	0.0	0.0	0.0	0.0	0.0	0.0	0.0	0.0	0.0	0.0	16.052569153112085	106.6192227553222
PWY-6690	791.8630462032702	27.352207523448776	47.72935632799355	246.13020369173	49.904189740808434	124.20912736162501	7.096755991913524	28.15790100701865	138.71671087147578	8.880120981744659	227.52788119522677	334.84286636967846
PWY-6700	105796.80330591748	27531.388831348417	105528.020108656	50113.42684963998	61965.19106889752	48325.48491782836	17569.87519653248	11584.606654378786	4159.175293053893	624.6365430339096	95677.47357945006	79281.9763927091
PWY-6703	93364.37924664283	21954.45442875054	92462.46901379155	40129.89087091399	52747.442116538485	40187.4653853908	13988.180014234598	7332.728553946433	2232.4733981622585	313.6461322536816	77971.58080731108	61086.854020989755
PWY-6708	2050.964064724053	219.07755520812412	599.112617845874	3263.7641988381406	417.9964972856157	1627.206550583559	254.25062299384376	337.4119371267054	1041.697019975152	19.986649691346415	2060.2016601892115	2948.044966823805
PWY-6713	0.02679597595402658	0.05972239806732209	3.6779745160217074	16.07988375725675	1.7643597935368946	0.27027964106647856	0.0247402781143464	0.45959278452231744	5.70928714288732	0.0	0.23293721689419697	37.99803921590021
PWY-6728	0.0	0.0	0.0	2968.4135869010493	0.0	1539.9887769342288	233.60244771949579	0.6750327155654265	65.60242251778426	0.0675331360714868	1457.0405229780897	2180.6659497094192
PWY-6731	9.134279013969053	5.512821074145278	1.7360274988457045	31.230855412992977	23.55924546895731	6.548915065655306	0.25448201461249575	8.59752527448971	35.305051894847686	0.0	129.7766551578077	61.87486714763406
PWY-6737	137896.3498622575	36016.9297985064	148383.74867069168	89869.8004741574	81313.63902427352	90378.04887659564	28347.365196009254	27015.296348505977	9359.762015558888	1671.975070748833	172154.74787249323	141298.2252689781
PWY-6749	1223.669881572898	897.9449229390951	12387.637551410946	11642.686033386723	2166.0026005053383	13868.690808036361	3517.9477421931447	3249.7891924492264	1464.8666469203458	231.21877912618592	11555.204223928786	9063.67062794748
PWY-6876	1.0954442660135135	706.6594658565456	205.91081244255636	1059.2413099864918	446.6459110173931	465.5054897222915	171.30689707497984	15.691434299942971	1218.5093633645724	27.77880253770246	428.16418433438673	9346.147107259483
PWY-6891	3702.1056163745093	2271.3555277155847	2365.1960455339567	12874.367626266838	3999.3613152519515	17801.793323104153	3449.1743025176584	5366.653861620515	3373.6422059887786	302.2601766282019	24084.03025468166	31274.982355329623
PWY-6892	73406.37365815575	23165.22807819682	88649.39851511065	48510.37512539381	54419.88254344924	50008.48415234728	14540.461093631027	11399.331090553433	4907.3260728912055	560.1390580103738	86600.31234620596	78016.5896436801
PWY-6895	16402.891913722997	8487.628899706571	10913.406922611484	30643.174468028083	16017.50815127316	33367.83963168659	9421.756212531256	5192.5828773892	1665.70754614739	339.2186564712516	61595.4859072345	53928.410707349925
PWY-6897	113002.25479640304	26459.830673260825	110413.75956810299	45961.459664679875	62796.74158216359	41620.83295709275	16261.85323111958	12539.63024390671	4490.377430990703	489.20877696144476	100206.17858388397	64405.13523471988
PWY-6901	48610.70419200439	23352.591163552886	73738.05273417223	47550.89701209511	44071.606636010445	41806.07321491602	12389.97088867479	15473.65479659028	7891.5673818218265	749.1365978124578	90243.00118287903	67415.75608515363
PWY-6906	52.494896995546775	0.34185325299787456	26.56914337354441	309.0024187729222	23.357469818063166	136.1789739047535	7.53752466696982	33.529841180071415	117.68638580557923	0.0	326.88516252098304	235.7942991669853
PWY-6915	0.0	0.0	0.0	0.0	0.0	1.0943371191232951	0.0	0.0	1.9169260945716777	0.0	1.9830269943844947	2.530195553946142
PWY-6919	0.0	0.0	0.0	0.0	0.0	1.35991033366351	0.0	0.0	2.3821248126589	0.0	2.4642670475781725	3.144222214409927
PWY-6942	0.0	0.0	0.0	0.0	0.0	0.0016129538905549344	0.0	0.0	0.002825328628194186	0.0	0.0029017485582381545	0.003729278387492229
PWY-6944	0.0	0.0	0.0	0.0	0.0	2.357819677033886	0.0	0.0	14.119680415603424	0.0	1.3068731139944678	5.596164444922339
PWY-6948	9.137281188096884e-07	2.038048661619007e-06	9.137373003467764e-07	2.629530856476055e-05	1.7998359654316162e-05	9.10429880317587e-06	8.441644555043894e-07	1.5749686652569644e-05	1.3718304219054834e-05	0.0	7.945324584363345e-06	2.6498547244989656e-05
PWY-6957	0.0005309337282887631	0.0	1.5133177067309034	0.0	0.0	4.864915295443719	0.0	0.0	12.483031326358489	0.0	0.0	174.93291709942733
PWY-6969	84662.97743388466	25001.261305498705	115233.87232983096	48837.868652452984	57207.57629913664	41734.88838549745	15201.778839680352	8206.25852839559	2490.5021464290353	523.0532811439224	99859.05909129257	71620.33597671626
PWY-6975	0.0	0.0	0.0	0.0	0.0	1.0259999995713842e-12	0.0	0.0	1.7973333325824433e-12	0.0	1.8593333325565314e-12	2.3723333323422233e-12
PWY-6977	0.0	0.0	0.0	0.0	0.0	1.7372432858640577e-12	0.0	0.0	3.0432653460999775e-12	0.0	3.148227436720993e-12	4.016907449828403e-12
PWY-6992	0.0	0.0	0.0	0.0	0.0	0.03275606791788248	0.0	0.0	9.917850879275843	0.0	0.0	41.754603092084245
PWY-7003	4222.517323729457	6737.330123164639	7475.557015926595	36729.86243788661	6890.808946908351	18125.312931095115	7711.387086923881	18560.129165742535	6346.624161571907	870.2744214595671	42844.97174921568	31373.070815537256
PWY-7007	9.595095103755026	5.412629914328422	3.17253101403984	55.79411554339104	25.59701670241605	652.4850638235054	341.30255617709474	358.2289811611178	864.9975717180407	11.939451026111202	14.057870721610362	2467.6542740527875
PWY-7013	6492.741524699193	2046.2786530747935	2549.404794152474	22085.276508285475	1943.0086577398156	27009.850149458303	4282.127820510153	11281.08937266789	1506.104241566209	256.8921262732482	2352.859473554537	15024.330860254116
PWY-7014	0.001067043840041447	0.003112456316806728	0.0013644628352577806	0.037848385314183955	0.026200940334819827	0.012822357839365299	0.0009858060906340746	0.020457552429586634	0.021049098171608525	0.0	0.010761306767035086	0.03957859607717521
PWY-7015	0.0007367831245816	0.0016433598910420997	0.0007367831245816	0.0212029810296271	0.0145128083366667	0.0073411834120178845	0.0006806905821752	0.0126996548037456	0.011061612282662638	0.0	0.006406682249864116	0.02136685359275859
PWY-7019	0.0010287363268617945	0.002663124422103935	0.0012009181987685821	0.06470811765262087	0.02271873270814054	0.02288063551683037	0.0021104480430088075	0.03953342220139515	0.025897489215552485	0.0	0.008945453957857348	0.06658172522706739
PWY-7020	0.0009569389880266229	0.002584722838902539	0.0011436454632464557	0.03842283306300953	0.02186174201034241	0.012996515722933425	0.0010938087475476583	0.021659184916740428	0.019606516289472874	0.0	0.008725402558203128	0.03980598546386755
PWY-7022	0.0011101667634102483	0.004056832684903754	0.0017088247307034442	0.045056388035013856	0.0316766817704948	0.014334244705656725	0.0010256458362899008	0.02231766514480776	0.027376664021275626	0.0	0.011268992046736172	0.04887304289799101
PWY-7031	0.003612142259838582	0.01409190683796009	0.006773297777426903	37.954361912743174	0.10863385866350624	11.941715145070775	0.004600667096842436	20.85817025663981	4.805293052162693	1.8805102813309627	115.34321070671427	504.6901764976604
PWY-7046	0.0	0.0	0.0	0.13935661452804188	0.0	19.52263187229296	0.0	0.08056197710681001	0.2009526546187693	0.008059518242621742	120.41771084958383	5.2801647363205575
PWY-7090	815.3879004401131	302.02961614544114	1212.9362923559063	745.4775437695175	516.8785065338815	1517.7586088037453	266.59796699246016	209.79872675163512	70.77144902018765	13.47467105063886	3975.5480471448445	1908.0857714657411
PWY-7094	496.40426786857574	265.2483932211088	925.4292839758018	9209.765470335915	427.8395176038874	8980.192736161891	1416.2044919746174	823.6376476140994	2221.4446766671267	21.38669008711155	856.5902799953639	9563.601361793573
PWY-7097	0.006707591080396758	0.0	0.0	0.0	0.0	0.009124949404948464	0.0	0.0	27.27064361301474	0.0	92.69515312068917	32.813873143713764
PWY-7098	0.0075459119823823384	0.0	0.0	0.0	0.0	0.010264903426272239	0.0	0.0	30.578917180786323	0.0	91.17882222843626	36.75729659239751
PWY-7106	0.0	0.0	0.0	0.0	0.0	0.0010243201598295912	0.0	0.0	0.001794278937688044	0.0	0.0018561506251946612	0.0023683107051093648
PWY-7111	101317.97447611451	33187.28113814849	127729.07048019681	95382.70863376696	69611.57590706578	98589.55459812487	26782.031905393327	28911.89446628198	11664.740201941206	1613.992599397968	190720.29156415895	138245.44520839685
PWY-7159	1.4700658399615487	15.42293010098928	7.899620767903532	86.57750246922251	63.06586383443609	55.04932027257148	0.5722071184061782	22.090216965046167	95.3629266017598	0.0	202.14087116302	120.14705340493141
PWY-7184	37204.254141167	18914.46134608546	40610.92955776262	33558.71303330875	24890.211356204356	24528.979430246665	9382.860296273479	19381.740796624916	4416.4093295742305	1692.4399462635781	37784.6674979967	45628.37147476852
PWY-7185	0.0002146691480999399	0.0070125535566730604	0.002105392838501708	0.037467538732991135	0.029766983641198033	0.006336636494539885	0.00019832603030306558	0.008685632981837329	0.04515044930916923	0.0	0.0018666498791293019	0.052071815582512004
PWY-7187	41590.325750189084	19556.14267271109	43524.1276555005	43536.44765019473	26324.76788356578	36089.96310497279	12337.785626169163	22441.7828782805	5686.457125336084	1822.6017497474409	43244.67594027654	62129.17399036992
PWY-7196	72665.45195721075	28893.7514075264	102156.99235940512	47264.61753325526	56375.54833451407	35178.24097550784	13184.203705523443	23698.262389487696	5617.855852810675	1957.9009472039415	86666.77296071425	63632.50406449464
PWY-7197	44554.210486944925	19810.70970139946	70996.06922251526	29949.783904838827	38214.77721708549	23004.702855655192	8299.439958768813	18941.689675090885	4392.3940800134	1607.2066247419334	51965.48713819611	43708.702779913874
PWY-7198	1709.9344054329738	1213.8682375333542	7862.866957186047	9734.970413316894	1234.3003788411963	12505.80714618538	2783.362419251327	4149.737710863484	695.0224093178836	147.5803714823379	18573.622117623592	14662.529552108108
PWY-7199	81200.10298526283	26627.353840571395	99962.6696544125	63501.93880106996	55724.30199203437	55853.75590917426	19098.513931443737	16895.605302366555	4997.7817534850155	1268.2831114343235	96087.60905047163	78075.26409085258
PWY-7200	42851.08731316803	19635.504380248087	48612.858107172506	38004.74728211175	29194.73206836072	30097.91277654098	10804.547784394292	18246.74383475518	4543.173948301801	1498.5263986824655	44931.47575029295	53005.308153279206
PWY-7208	109868.0210377931	37587.88148155254	120321.01478695929	89229.26171435742	70028.11635628901	80400.5033104949	26355.78191647589	35615.04870686156	11644.218717947108	2806.047476080211	135757.4332248692	128149.93005549394
PWY-7209	0.0	0.0	0.0	0.0	0.0	0.0	0.0	0.0	0.0	0.0	868.0121585855397	83.3098395603261
PWY-7210	2376.9115083616366	1676.0446656953793	10105.432978896673	11927.26760700939	1714.5575665395875	13859.123933315339	3392.6513311434055	5389.6150007421775	929.3623558300982	202.92717707406229	20452.125206917146	17949.891942832648
PWY-7211	43283.52134014872	20918.437346939496	56952.285634439664	21959.32117490971	33735.691317377175	22194.11122189756	5619.4972527204845	8564.586871545125	2789.62034796795	343.0551124869199	36986.802739315215	28953.51274858088
PWY-7219	112291.10467643625	39209.18482270898	136181.51638818113	90774.14871639048	77312.84692454422	82878.3634598535	26279.117932795165	33318.772373718675	10852.119976407796	2498.2266934196773	144471.20537300705	124440.01321407277
PWY-722	24.032478131315298	0.35005317654061124	39.76902893000062	36.11370816224322	10.234857789318706	4.999994153335347	0.010853725826838091	0.4509408400029121	66.60303480650967	0.0	18.73938813816088	174.1130103661225
PWY-7220	111343.28947804192	36660.68516379632	140857.68576198595	86811.6675471242	73479.01159539993	66126.31475786469	25501.69509002522	33838.43422925725	12372.530237970013	2806.4743561972373	173538.2780067275	112608.98305401075
PWY-7221	104612.09008715129	38975.03569375979	127207.84775333959	84182.00250583394	73027.26043149964	73509.2187997105	23553.976786123527	31260.137013987547	9951.669217916446	2390.699550327583	127521.72570857192	114007.8317722153
PWY-7222	111343.28947804192	36660.68516379632	140857.68576198595	86811.6675471242	73479.01159539993	66126.31475786469	25501.69509002522	33838.43422925725	12372.530237970013	2806.4743561972373	173538.2780067275	112608.98305401075
PWY-7228	67546.66616342704	28833.101623685576	101410.75978740508	42999.46923849093	55964.495857524074	30972.792318505224	11878.23978647509	22767.179786999728	5519.627059324692	1962.7313561955725	79258.1770465674	56840.09146338536
PWY-7229	112914.23791613945	39379.32703119236	139876.19065162507	90011.30939118007	78182.9076545094	78813.5345011827	26190.929277857304	33131.85781913454	11376.71491146011	2590.175398737255	150072.2965320199	121748.56321619241
PWY-7234	10020.955576558237	22435.005611279405	20067.093091458555	38163.04032395104	21743.796202694808	15060.201949830785	9500.88537187901	25479.343796305988	6266.308346070925	2124.2148254793537	14290.365016496666	21181.520312972265
PWY-7237	18345.25042306876	2111.993366188049	14878.769517557472	14200.050069702282	3146.0878094384143	20697.751368878948	5285.190060186465	7144.321777869532	6267.021133277262	640.9987976806001	33530.01368864342	61167.89990216063
PWY-7242	60716.00594449688	18838.126793130145	81123.17965180942	40800.75349557923	40670.998350182235	47207.231401987	12234.871471342189	9530.795798897943	5090.590266436522	610.665987049603	137385.2512088039	54767.78356646762
PWY-7254	2143.9849398919337	1198.377496869895	1544.868083115516	15500.481718955625	1133.8186890479194	20504.138429515173	3982.167858499304	3362.6097058351484	3247.8298438956203	157.82117797867792	5284.25034487096	16968.804146014027
PWY-7255	0.0	0.0	0.0	0.0	0.0	4.478409021060889	0.0	0.0	7.82163197482647	0.0	8.099129926019847	10.35414308176627
PWY-7286	0.0	0.0	0.0	0.0	0.0	0.0	0.0	0.0	0.0	0.0	10.106425306453435	67.16261500301597
PWY-7287	0.0	0.0	0.0	0.0	0.0	2.0206360734876797e-07	0.0	0.0	3.5395034621210684e-07	0.0	3.661555303314947e-07	4.6718733421571844e-07
PWY-7295	0.0	0.0	11.828872902248959	47.64810143591214	9.538136877994274	6.972666135933047	0.0	0.0	265.46478117526027	0.0	46.60557324165747	257.5952574934951
PWY-7315	29586.859653555348	3905.632130734355	26714.095284839896	19971.74391614699	9166.409595578012	16911.825457446772	5209.273155833075	6688.0420636697245	2581.020218624038	379.10696925276886	39005.45403433223	16089.373089330367
PWY-7316	0.0	0.0	0.0	0.0	0.0	0.0010756621689944677	0.0	0.0	0.0018842132976710129	0.0	0.0019491864824738435	0.0024870175523371823
PWY-7323	102337.44783820047	26427.14944487721	105855.67061407797	50221.2564764006	59255.435246087465	49934.139702548375	18487.27829759223	9980.625728511824	3275.5240313991717	619.6539858119851	107972.53477632864	72337.06548978924
PWY-7328	19617.835443268596	14486.313631912652	14498.994040827953	27314.86338361424	15290.849894435127	13843.976050228	5720.364189166147	3103.2653778551453	1032.5520414593943	319.7110600097916	16118.18842493006	13165.954403543805
PWY-7332	10922.038411105286	2421.5798569076437	19474.774454402195	11774.160905815028	4224.089928013387	11383.98703465977	3271.5914810750983	4387.243662380416	3536.4641854628626	542.0761832164483	21884.65119697806	20436.736165102106
PWY-7347	0.5026685595431059	1.708035842409936	0.7321212613589091	22.609037077739035	11.92006712918002	115.56471390115715	10.956513887320952	12.353209497352498	13.240777600374086	0.0	25.60855631029085	262.2716874461417
PWY-7352	0.0	0.0	0.0	0.0	0.0	2.8866100173757043e-06	0.0	0.0	5.056294007677822e-06	0.0	5.230258031457156e-06	6.674028794806796e-06
PWY-7354	0.0	0.0	0.0	0.0	0.0	0.00945588687296375	0.0	0.0	0.015583739043483648	0.0	0.014935349134316196	0.021458711322306156
PWY-7371	16.230696305199135	158.50644328337344	144.9089908865168	281.5968892770934	237.8282005395403	1075.403197277681	292.2814916255972	123.62358456921737	250.84285959675853	3.8200052242624962	1283.853804086624	3375.1915537361706
PWY-7373	0.0220525268155693	2.012792798168162	1.6970277032634413	112.5576725689251	4.00635913446608	51.279154889685074	2.7667458195905454	67.54720188286898	109.39090379323852	2.8542119065202796	406.2126714724599	2310.9834182303853
PWY-7374	12.483003861327587	2.172657381304534	76.21152278752176	80.79113806355146	37.078126665659305	444.72388133271045	63.07417445867883	20.126496036109625	35.31267721375167	0.0	319.84119885022125	816.3338415746534
PWY-7376	0.0	0.0	128.77992316764042	5031.472535271245	55.93953135264325	2703.880827010231	419.50331466369295	0.0	1019.0886722818748	0.0	218.42590353157502	4212.762007916894
PWY-7377	1533.5766825532467	285.55493487062216	1466.621070089974	8647.685431535574	1111.1737621118525	7377.842022589165	1472.4732445737043	2488.565903701217	3119.987331713542	110.41835424936548	8510.449720617224	22210.340680953
PWY-7391	0.09325853085865926	0.896162434319476	0.7167169244220656	10.329435797590179	4.665414810138066	3.4124646520796382	0.08615992912762606	5.194221174170129	6.4867776184938535	0.0	37.35136436789033	222.28827035401855
PWY-7392	13159.361378984404	18961.337939074023	17060.775178008524	40735.886041743295	21603.787196126996	22564.464709350716	9588.621146096051	18494.982575630867	6469.33661473102	1295.1476899900508	41497.09555850871	44245.56991419954
PWY-7398	0.0	0.0	0.0	0.0	0.0	0.0017225600809052898	0.0	0.0	0.0030828603709556683	0.0	0.0	0.004129187541388266
PWY-7400	54299.11679060235	12293.478537039191	42193.98242700108	50445.4970136948	18579.631559519796	56187.50032787923	14225.166585302672	18739.88926152952	7284.372897487183	1179.58211961577	83312.58932234082	87268.7465943333
PWY-7413	0.0	0.0	0.0	0.0	0.0	0.5210791155934699	0.0	0.0	0.912692264919593	0.0	0.9442377331984353	1.2047738568354032
PWY-7415	0.0	0.0	0.0	0.0	0.0	1.7139999991918368e-12	0.0	0.0	3.0024999985842418e-12	0.0	3.1059999985354544e-12	3.963249998131137e-12
PWY-7431	197.60487373726116	176.87938504039866	65.60530067409417	1156.8092343179824	189.64874516837133	2806.792214141251	659.1030072148886	1123.1540282530268	286.8356544704655	25.82326324127209	101.68286780855136	3985.2737816242648
PWY-7446	736.8047477303021	27.451430835887898	37.30047826223443	148.21581336867362	50.11791479182191	83.74148712350423	3.8368399946235647	30.60371512064905	105.8242896093266	8.409638735150143	90.09607977920912	136.36880424424328
PWY-7456	74134.2498877041	22070.381783731318	88430.30622784318	32914.31927564557	50453.714793963125	29235.71443786231	11313.93912223871	6576.603593241701	2619.5993250609463	373.68369027595054	62806.36738116672	55170.00824922382
PWY-7527	14.336040863485291	19.451457174903158	2.9174306189733747	121.87232664236062	57.961388387774804	804.8954645957434	352.6200181627075	37.05204625815881	184.14280992853983	0.0	49.81393488384104	294.747234209659
PWY-7539	99934.15579900675	24405.920781775094	106380.01522660977	49981.68958472762	58374.535354524094	46469.672435841174	16620.010186261105	7745.924833068124	3330.611078840439	428.47081045083144	90631.07065491583	68868.07741621175
PWY-7560	102680.66595394931	27111.205315427185	112752.11003425566	69457.5500102602	60378.398132378636	70539.06561727714	22008.23848970695	18817.153979243227	7617.165823212696	1188.112546071853	121314.96484013268	111341.6556107073
PWY-7616	1.2167192644556474e-07	2.7138329793388006e-07	1.21671928922063e-07	87.38622662425738	17.342916786150194	15.043833249803384	0.16355262988534355	2.0972120412952324e-06	38.89816898013845	0.0	18.48752147383925	222.0232654927163
PWY-7644	0.4952835220731627	0.08938992989913967	0.027758846118128518	1.5023502304325256	6.407874479304483	41.49473901184586	1.9731279100964763	5.440433335628839	0.3870834844484538	0.0	11.989062236376764	28.541450264100373
PWY-7663	131876.35441436793	47150.73551682416	150940.94857230407	95103.93079343782	89164.2985167389	83705.93803888331	28000.545771920704	28405.50510493925	9730.958833513369	1878.9092531254007	155074.53819329457	128856.37203259836
PWY-7664	102925.68029078934	27603.09667927686	89442.5354774789	51746.788757954004	57876.61349033169	41724.62294154295	17657.024413961786	6001.860446959215	2544.3163659579823	496.5127793262996	109242.83877455514	72593.99814564588
PWY-841	83696.27658499719	32144.399932268916	112483.27796350274	55057.45812067186	62777.45164244154	42606.86793416072	15814.078525414747	25586.950024881615	6902.690759668076	2116.833597046279	98732.668947304	74421.44195724036
PWY-922	1638.2394542944041	5839.827556875426	3499.516725826315	14160.827093832462	5002.933247966409	4451.976966026095	2450.634287155392	12076.634880616044	2645.275691352929	1026.4404337420058	2611.8445894500037	5590.548906642013
PWY0-1061	31317.34716013269	3512.1308574919267	6617.9765149949535	14949.5247113768	7297.856640233504	19148.921865330427	2818.0269252772764	13178.193749201542	2135.472535985616	198.8119375783516	17805.07969321299	28697.935616249055
PWY0-1241	24931.066671283912	105.1107058937505	4408.859146500227	1421.785446285455	323.7481155014894	4026.8706527704676	1047.7967451745274	950.6628305690833	440.2023750694795	31.70948087169225	4306.6373349459145	5636.16626069835
PWY0-1261	24335.657449954015	2449.2812557064867	26675.15923670344	12366.85611971092	5410.639372328175	37229.679555519215	11872.791574738068	9725.998362331571	9363.225762220434	357.2887488490298	33562.05354640392	62613.97987843294
PWY0-1277	1519.0117616987288	92.72635287851706	164.8507441259817	877.5559053644366	155.14444693684234	471.28128117119275	27.880845508289546	104.77825783108993	332.131831799959	25.861902750769445	575.2265471216605	1104.5869843203564
PWY0-1296	9767.924693559395	9992.916949627916	24275.581773190574	42248.98403335144	10969.76784465647	34137.17530544787	9124.709309814147	22294.839782412295	6338.418706977148	1794.2642559486267	79308.52649570553	45133.74921354675
PWY0-1297	9900.358993373446	10296.277823730174	21248.600081008717	38550.31139762023	11014.380080405648	32444.099678656254	8741.905215708459	21627.814418550086	6636.05239112673	1729.7357203764186	76987.80352497194	46508.664053900604
PWY0-1298	7176.753483216132	10870.616536780886	17716.61958859961	38596.57124033049	11445.523154989613	32414.288843448252	8997.362578469585	20283.81994272126	6773.826268970241	1643.4214638242065	77321.30793153329	47581.44820209631
PWY0-1319	98007.13704604442	31657.188790712193	111158.96233557512	82721.33839691596	61225.74379409583	78486.42453213109	23001.157486263917	32949.31142098104	11548.34257444633	2520.6145339894283	117866.50572755904	122785.00992551539
PWY0-1338	943.0568803350436	60.8610471420099	165.1115953410846	334.55275585793714	138.7061215378217	181.7477135260925	7.538687298500043	65.35861696768947	231.88377041506584	19.099009540333135	207.30867384559758	451.07291075319824
PWY0-1415	4483.147645065137	2004.0859507161338	5044.432852566864	3863.5710478459446	2829.6591111672496	2592.6654787595903	1247.046364117092	633.4768408019509	524.0196431003559	74.83159157566043	7294.123754288769	5731.642204078057
PWY0-1479	5575.6163590678725	283.35825805597625	3180.42240423079	1365.2525272492564	867.0314246380483	3157.9257748554905	488.65530615993816	347.98942838255414	1159.4782063661282	15.627220568533607	7842.965037858959	5074.227667913062
PWY0-1533	1197.5985130281106	450.8075126526124	393.2136098358376	1691.1784369665909	612.1600565287252	2431.204149630826	553.1527835197098	2239.0734067991148	771.0975254142004	86.93343772247009	1599.3364142099927	6294.882074573191
PWY0-1586	65547.37357446343	24618.8928399481	96703.85044234892	57239.86169973176	56595.309244149954	51485.27148052624	15631.215307504086	31222.156683087316	9992.995393027068	2471.1605064020787	66613.07692903033	72591.6391992867
PWY0-162	79232.34660053071	29401.143913204098	104172.87814362641	53435.35565671225	57310.78824212251	41109.36792850462	14956.022027088384	25848.500174267996	6644.231865378104	2122.444812584508	94895.35482139909	72453.87669662033
PWY0-166	41883.53897040447	20072.968610667613	43940.81590990363	42957.41309805824	26805.569922531995	35159.439196508894	12255.95414991032	22409.48509044191	5651.538390825387	1831.3687027458943	43062.871652628295	61102.85972255111
PWY0-321	539.4728252525549	49.741502944733554	72.23304203273504	557.5939197727158	124.95387201181991	263.2707987431929	14.838428325715423	62.2894467104809	235.65281711075932	14.682689164049332	102.59309685992525	535.602776491924
PWY0-41	1068.4359696020056	90.63997856665826	280.8231026280204	1408.5403341299657	423.5472021127595	1103.6874714557823	198.24716770104516	363.4793641797023	294.2004341251492	17.904084574205605	11358.090590889924	1083.3388439165496
PWY0-42	783.8290169709074	35.97790963212537	94.67685680988065	219.7176137842291	93.81086934274808	135.0624856443674	5.1120203888421045	43.857235683136146	320.010686011132	9.639720287867485	384.1092164119094	713.9679444293836
PWY0-781	12143.399909385473	4069.040510175095	19147.71522449458	25702.750557507195	6127.829520914768	34161.10393000748	7789.839233824992	10813.854126326278	6403.850208568529	420.80166999452916	24062.19455623799	59372.131219543895
PWY0-845	44370.6817174226	15774.837927905442	67604.84144318487	13415.68370112673	35224.07830026306	6992.417017909451	2454.361797170032	1497.959325204108	797.1639776648869	25.442328320922403	11261.612913638693	2858.03174899183
PWY0-862	98479.8213088864	25469.38826342979	81990.26931648434	47578.24845831558	53657.78438672909	38145.376295487964	16459.139272698023	5280.924534035941	2250.2446657929045	440.4445389405774	102825.30149562801	66947.13631394802
PWY1G-0	0.0	0.0	0.0	934.7942591217959	16.0369091755367	488.26009112511275	78.08534571720368	0.0	23.489712315791298	0.0	8.23328236232992	602.4704967289053
PWY490-3	1648.6230566600223	1394.1083331753293	9419.394129317758	22014.579618057156	2475.0205319421502	14248.275726405798	2758.722518461677	5101.486757483341	2473.761030218882	348.52742165451724	7972.534399446668	25969.053614477976
PWY4FS-7	55417.0467306922	20257.39093701609	50928.73988485834	66493.70310462193	25970.151241924606	66803.62685820468	18771.15154616035	30821.572583422894	9963.394634545919	2320.8093023935735	80686.60805570836	103414.42379257377
PWY4FS-8	55417.0467306922	20257.390937016095	50928.73988485834	66493.70310462193	25970.151241924606	66803.62685820468	18771.15154616035	30821.572583422894	9963.394634545919	2320.8093023935735	80686.60805570836	103414.42379257375
PWYG-321	102241.9648749153	27938.705196046973	90700.2649066889	51966.004393383504	58397.93740750338	40987.186728071196	16766.76339400695	5929.004313917929	2554.5129794837317	462.1920647148543	108398.89834879026	66719.90222560221
PYRIDNUCSAL-PWY	87573.97950594824	24234.71440971321	99676.39004286268	55463.80480746862	53264.229850123906	51837.74357238172	16971.918457261763	14690.58784837423	4411.943570127943	940.8408563427151	107074.22030956163	79823.22946938753
PYRIDNUCSYN-PWY	90423.2489440662	23404.405267427763	94266.79432602099	50660.76999316758	52929.58462916766	51917.908486404376	16823.94365045324	12147.322355083383	4213.332789276031	694.9212210059868	91670.29492759165	82508.96400170187
PYRIDOXSYN-PWY	45065.27669331009	13602.938175568162	64404.53834520135	10820.181534183275	34406.9805884275	5680.4075673076295	2019.5586950129946	1106.8949607657898	507.2636821604206	19.812931669718253	9182.837414892145	2290.2386054985827
REDCITCYC	2851.0297369504256	3629.2500627358886	6585.224568905609	22996.400221581844	5167.500975973031	28590.911569747732	5873.23379449989	7937.507993617838	2897.798985711839	322.19166263277674	18746.876330167506	30885.54289435016
RHAMCAT-PWY	49948.99485946979	10392.759459158795	43927.79698009345	18287.810096779725	19490.488506874848	18160.142951684516	7445.387637786482	3667.1222480382853	2749.1046557541563	198.25816770998867	61037.29910454259	34041.00402783208
RIBOSYN2-PWY	96423.69272121083	28065.07061976044	111662.30473936955	57232.1032413645	62027.07111637406	52105.9836035847	17158.87156317919	12425.97059609078	4820.146415830504	657.6954871893558	96346.5185755147	80494.49478070567
RUMP-PWY	3105.5345432534323	3048.788786361728	16787.723934506674	27563.559943195018	4736.775291168366	16762.964458787188	4433.106882035267	5300.499497463439	2768.054544581912	295.08768787824465	42324.783619396236	21769.549780865993
SALVADEHYPOX-PWY	8630.459864272516	3154.0358170268646	7933.463481662875	28710.262684867783	3143.5004072627667	33788.34678343127	7121.4467399791565	9494.632608029107	6707.481293668066	577.2523051504287	147388.44109863119	56854.63170219024
SER-GLYSYN-PWY	96747.08656190427	30412.49026028773	117347.47832774636	81143.78679307866	63803.21585657683	73491.50298039278	23186.57721077905	27288.61453252429	8006.979832417537	1668.8005506457673	130710.01224894317	110692.70917378936
SO4ASSIM-PWY	28387.595683492244	1113.8756477407142	3524.2120828352067	7259.848768223935	1562.4056100732541	8978.031934506647	2023.9932005587318	2818.5757480971074	1259.860595781583	125.2307974874084	38902.366804472964	11603.471570936566
SUCSYN-PWY	1.675514273446948	5.620839416830504	2.4316096422903177	73.11137117726376	38.03444519366004	364.2238778125536	29.657675465636835	40.7141826311462	43.216108005027095	0.0	81.89904016371018	683.6051866676413
SULFATE-CYS-PWY	48046.566270697884	2406.5241917661265	7676.27849571182	14731.379085916891	3422.5373905165425	17711.808197630344	4124.320318383675	5510.730394394343	2378.6832274715025	252.0494722016541	63247.07862395463	23417.10931352838
TCA	72902.55615866858	22275.141074089257	104758.47711774723	33998.074150940134	51582.72054988867	23783.126750934625	11117.914383845096	5618.854878162105	2507.4791189858597	372.2426141046991	77266.49324104849	48807.766041394185
TCA-GLYOX-BYPASS	2566.49384728309	156.36179499192974	397.54956308610247	942.0235450295107	551.6309964953223	361.326774325718	17.70988121240245	176.03411061888735	1098.6720830987736	27.938020276264563	665.4025154638057	1864.4507876922855
TEICHOICACID-PWY	6782.720436630194	6363.4668927903385	17727.43390568391	19828.233711305347	7169.443258886679	13721.551815431128	2492.2376255374597	7637.254554047435	2555.6526494103455	416.8984174626249	15322.735475828615	24869.7583091145
THISYN-PWY	103454.25129978136	26042.33244042175	107216.68752416495	46935.30648336609	62116.330412961775	43475.81476583089	16153.221786335906	6127.025569591306	3950.2061528765757	368.4979609633281	97654.73870141697	67018.86733374972
THREOCAT-PWY	1338.812269859322	69.6293375425289	144.82744038374577	592.8825038265966	196.13248213101784	378.0455760998095	18.771656184478154	110.26762319784804	379.33876029925256	22.234813093700915	248.48185797044897	461.88181436883593
THRESYN-PWY	102145.95828457469	34298.31784381911	124961.67639459515	81986.01568717316	69592.89228043596	78016.89054844916	24498.002496518937	26136.470778768915	9448.74534773363	1982.1315078307873	124927.73675110906	127161.04035637133
TRNA-CHARGING-PWY	100541.69239540969	33018.92675987646	113740.23743487774	79965.27561929388	64401.97077094484	73773.68843439045	23316.903046826526	28620.864994201835	9186.605208024306	2116.028228469247	123603.00524687028	114765.19403578303
TRPSYN-PWY	68195.39313970204	18410.72314711821	87628.07355993312	37583.78291519056	43233.970038201354	39283.22487779843	11476.747030651606	12748.428613258142	6227.0125173822125	619.7569550403696	80574.52708672427	59813.38936366081
TYRFUMCAT-PWY	11.668432345664867	1.1687263109224055	69.71516838869968	201.92653760640366	36.285135509441474	409.30379636470514	88.13298914388378	5.673631075022434	463.1926856929519	0.0	79.64665413652625	566.1706347165376
UBISYN-PWY	2030.1917324704868	219.72739687676787	516.0111198772444	2289.932706781927	425.00024233961585	1596.0390704073966	247.68017155102297	327.64480334939844	906.8303159651745	19.879792596833674	2067.7003197735075	2876.666127419391
UDPNAGSYN-PWY	11263.947660568267	14998.812692084179	28899.510641612607	49418.27751350756	17350.950281120397	48587.16336590613	12954.14279208056	27606.448613431225	9863.504234631984	2009.1503557124367	35274.47630183729	80868.48338794446
VALDEG-PWY	0.018723316980686154	0.008810851741413793	0.02914034171586267	1.5280975995474353	0.08425053676595246	39.65447110457985	1.1898945908071015	0.07900218155351875	28.923741638036688	0.0	33.97543648910203	69.6864598289917
VALSYN-PWY	105516.2520418339	30301.349794134305	125573.02797402945	84056.1673057039	66494.03309613782	84014.49286316735	24737.808455797072	24841.30444231794	10082.702751644436	1442.419510414347	154866.31192479964	127067.70792083736
