	S210421121673	S210421121674	S210421121675	S210421121676	S210421121677	S210421121678	S210421121679	S210421121680	S210421121681
1CMET2-PWY	118450.68659969204	221303.32353539436	95363.7447792522	195172.77440277033	96658.70592440787	29067.25729137456	110981.41373718326	71248.23866171647	60362.567916402964
3-HYDROXYPHENYLACETATE-DEGRADATION-PWY	35.973915646448226	140.97650505108967	29.105148234171473	85.80020180071178	7.559642532927766	1.325807250335252	60.50656697611728	90.65465302641356	25.120242342619523
AEROBACTINSYN-PWY	114.5559647003939	81.2260566796544	280.57206196839076	22.42649317265455	333.77328494989337	20.807106846345995	28.843513237783046	101.74231149306266	38.67345685146419
ALL-CHORISMATE-PWY	2636.8089980083296	1303.9735470285661	3129.8021479840754	543.368820655057	3439.3141942786883	305.0667836906646	418.59749863685687	1607.1729367245416	610.5810047589948
ANAEROFRUCAT-PWY	104088.45863584922	187706.2637639214	42971.82453232661	134015.4019132032	41780.07721418529	30713.51709938464	59983.097917131105	78319.97590345642	43556.0350584892
ANAGLYCOLYSIS-PWY	159511.42499410946	279462.90870567504	119377.25570508753	234693.1186149554	120589.10309077344	37428.08093031831	136763.4308514646	92412.25499377088	73647.62006008059
ARG+POLYAMINE-SYN	17242.974496892068	17627.608842858477	4967.411063288517	33483.735841596965	4088.9836938205644	3372.0942578599484	6605.794187049428	18954.16357265667	5342.197125793369
ARGDEG-PWY	96.27724347087627	74.1893148097161	263.31747562266844	20.27124722877999	286.46704993233976	19.848552506605476	22.983721556521225	107.1264679392519	42.52535291805656
ARGORNPROST-PWY	15468.20333856306	7561.902362633654	1777.37764862115	4425.942709557643	1806.8222502278545	2718.9229904797926	2971.0558206319897	10787.609313755402	2642.2222957622275
ARGSYN-PWY	82214.72459507783	95978.58596666706	56111.07893985354	71784.10749622474	53573.804714459024	12182.018904331691	41736.391377493754	50062.89819639667	18350.66979050181
ARGSYNBSUB-PWY	74286.57411300369	66978.37797562747	41078.189010278955	56033.56080784921	37756.384149998165	9075.262124803265	32191.241932824945	47117.00675530593	13617.439824755396
ARO-PWY	111073.50677714073	148753.2933541542	66392.51568287896	131530.5082964513	63070.58555793637	16345.595116897104	67510.28260163104	64537.89660204632	30793.522120020643
ASPASN-PWY	131663.61947707454	316615.01595346275	103791.14456651047	208553.9979127685	108296.95148389669	33652.208528357725	138097.51086245905	70498.49188138095	71373.57417004397
AST-PWY	172.36225718136023	179.90986389363408	394.5091019916551	145.954618758343	447.95438819428165	27.81240624007682	62.78649179789531	178.7440880840798	64.90266637093973
BIOTIN-BIOSYNTHESIS-PWY	89698.67939872849	95035.11729041058	83530.40256398107	150502.72553288535	86361.32313763701	23568.019957087552	90746.73094352004	45807.646335540565	54172.995137054335
BRANCHED-CHAIN-AA-SYN-PWY	136728.57954220683	234228.9944448531	99714.25194103603	192486.62554028284	100875.89085865887	28829.64651777085	118525.81557167554	76578.88310679891	63521.37453921318
CALVIN-PWY	153034.03067530115	229345.0904825382	107067.91731418541	217351.74293454454	108363.05912546667	31754.388172748342	124640.74285340853	90547.79275067108	64459.92038895587
CATECHOL-ORTHO-CLEAVAGE-PWY	33.571354232912874	130.46414768172298	24.36044300149545	33.3026258051474	9.880315804464542	0.5724784925441327	57.76390883487478	93.07863375063832	50.749943956809894
CENTBENZCOA-PWY	1.993868657035213	88.40871762631596	0.3779515025421332	2.4107891112835307	0.2560346461483093	0.16240415019514823	0.7081522129196729	2.6570018646253435	1.6530056048881847
CENTFERM-PWY	7904.67093919906	3308.95795489415	3457.3543290611688	14062.144959395982	3184.5122930789935	1456.4845890484742	1585.3777536307243	12760.92252281501	1847.8048215377462
CHLOROPHYLL-SYN	8.695493614086292	158.35388745759576	4.383539574228034	7.787652315148281	1.6117044524865067	11.905066273697129	8.915053464277758	71.89266539770473	47.97461227246716
COA-PWY	120694.25904236475	227372.3897057177	104081.51641466301	193296.6997013634	105612.75093232193	31798.535468282946	110082.57651345483	75783.56778096239	61226.15527108319
COBALSYN-PWY	66907.72018014599	141980.57637955688	60316.694872713684	91002.13014723254	60074.89528687827	15067.19725859089	64915.20316776939	29498.27127049048	34119.6558612037
CODH-PWY	1032.2323754598524	27781.998899596798	2356.543068471863	6661.8199711289735	2704.7372013949066	155.98282192898927	1939.964635223604	682.5613517111103	624.3749907330722
COLANSYN-PWY	44806.325974198735	137753.96151392558	51173.649451051846	99534.38868938287	49433.28265220673	20725.152919690678	26281.375867409435	48017.98988691485	25617.886541414955
COMPLETE-ARO-PWY	115879.93119591924	160088.20382778515	70831.87473978291	137743.92838419258	67527.39222673354	17423.7451233679	72777.84969279471	66842.07314382444	33289.538003548114
CRNFORCAT-PWY	1.3929425307968133	64.2698658730058	1.6422615259078555	8033.135705007047	0.7240468587717471	1.614102181833587	10.069236938826815	57.21717696053474	21.667705390931506
DAPLYSINESYN-PWY	83384.16015914505	88766.54167253438	20104.118352051733	72699.59566023019	17773.394161247274	9713.90326761199	25125.93477735401	55686.868263612414	16016.691047492293
DENITRIFICATION-PWY	16.97179263377704	60.79935753478079	1.9558427858001362	7077.368374930775	17.234092226866238	3.4525641913288942	35.7941786721916	130.4497272801407	47.07668683791321
DENOVOPURINE2-PWY	82692.2770517072	250470.80992055085	82005.67174244908	157553.39561086587	83027.36846063653	31596.952138589968	111811.84795539513	56099.61940385177	61710.75174483043
DHGLUCONATE-PYR-CAT-PWY	15.243093289128751	37.0730588570731	3.363370978781888	0.0032127907513965362	0.00020708079371287226	0.00046179054333195366	32.63976977011504	9.504280423882038	11.606015090887299
DTDPRHAMSYN-PWY	152304.92012167926	432486.49600393843	102743.8574937344	227506.48595002884	104035.84902282852	48443.09075863202	219693.37829804514	70854.3930283729	116846.25069270904
ECASYN-PWY	359.8349052590207	245.11992048594047	828.3320782817124	75.0249520509991	966.7448714126242	62.905387794640895	76.59292715756025	303.9653484537678	116.97307175050842
ENTBACSYN-PWY	2175.776370661511	911.4035442400667	1951.739451942632	324.4252450163307	2148.399269578044	200.67235918444246	270.12332420282905	1019.7732040532994	393.06596510154463
FAO-PWY	4920.467134777277	1862.7800162588517	2071.9018629152515	6005.848712525511	1865.4762425699641	892.4963757033562	837.1977864701031	9729.994071547997	1021.4611420370924
FASYN-ELONG-PWY	132034.6043870501	284694.16594148887	114975.94264043745	237754.37350668045	116907.46379807733	44747.1074252451	150949.86035206655	74664.2818570538	89173.25248539135
FASYN-INITIAL-PWY	79925.67657060453	46628.27280617589	58091.09741295314	132239.7456792224	58429.835505946845	22444.91429293537	72623.21127098674	42214.26058016366	47505.560866060885
FERMENTATION-PWY	80697.75322587501	91018.98681783247	13566.125195435228	59715.452280751764	12916.521613931951	21404.233501460214	17013.570005565998	52776.148854149804	25711.528544587152
FOLSYN-PWY	101902.59953944384	212118.26462458723	93519.76152136996	177121.7666162565	95091.50906362933	26307.01926001064	104219.49736045275	48675.03694839178	57031.421908229015
FUC-RHAMCAT-PWY	36731.709119446394	13312.171245061189	25459.78632470795	13714.37852143549	24173.115780061722	1702.5734906704756	9679.99460477549	12484.62743551137	2723.637604373204
FUCCAT-PWY	30862.392928955927	6276.645976704652	17506.473943399636	6691.5575411591535	15825.957602187105	864.9747526239315	4864.505318512911	9765.466408215272	1304.6880300603225
GALACT-GLUCUROCAT-PWY	81596.3749080248	125297.37355679483	49770.79680338949	99601.84403615573	52227.680820545895	8756.200122980435	45261.21913622196	22145.72398967628	17360.455289574973
GALACTARDEG-PWY	8326.345854799623	1176.6588917431254	1336.0156612611397	3104.9094219246595	1276.4614225441633	298.05857948246955	915.7817207588249	5422.203598849874	370.252986622192
GALACTUROCAT-PWY	88956.47652171581	153471.32544114653	53006.39273263987	104180.97621781798	55109.02516245286	11446.351407363567	54672.47623316912	31084.4672511175	23432.6150420615
GALLATE-DEGRADATION-I-PWY	0.010769165900604607	2.6226999491485103	8.983733892635625	3.7798250317777575	4.872586265516913	0.03842431874927597	0.011569274141194248	0.2210782299402657	0.1626824118165622
GALLATE-DEGRADATION-II-PWY	17.85685876853653	60.412274228172954	25.248037155289172	16.75585503320739	4.872586265516913	0.03842431874927597	10.287654878287352	44.18504900588934	7.423098514110801
GLCMANNANAUT-PWY	45391.50151444666	63285.24332257945	8103.515732896955	42006.82428184465	8059.988953591052	15295.539927169073	26750.963496568926	45768.537215066666	15228.860039281592
GLUCARDEG-PWY	5024.485358136308	1176.6588917431254	1202.2213879719698	6107.082820688778	1122.9568272560257	305.97488268939406	765.7686759154437	4898.807967435535	371.32567117303114
GLUCARGALACTSUPER-PWY	8326.345854799623	1176.6588917431254	1336.0156612611397	3104.9094219246595	1276.4614225441633	298.05857948246955	915.7817207588249	5422.203598849874	370.252986622192
GLUCONEO-PWY	138909.44243111406	271267.90394158254	113293.233125552	229954.82482066308	115095.08634486269	37115.84463988054	137298.84092098105	81789.70265086106	77210.48603092035
GLUCOSE1PMETAB-PWY	5383.471519691411	1150.8620212864203	21669.860417541717	32855.19903291122	19919.718903440287	1370.2465569474648	1458.5158340983446	936.754880647357	2064.9662592141594
GLUCUROCAT-PWY	91763.30899386646	130271.50014576016	50457.76161733798	109400.57017991401	53009.27836680634	8951.134275583277	46907.5653783342	22214.24343521731	17331.878705752653
GLUTORN-PWY	90684.81006554523	186569.35168324053	70514.29590251025	144932.89810178973	72848.42351445403	20514.49219692921	90251.66606686136	42339.59982144506	48617.554064753975
GLYCOCAT-PWY	141635.90153460458	213183.77255512017	104734.1733032599	202117.14606164713	105271.12598878231	30527.495536719707	114743.99733357818	80831.02863172325	63309.4893997339
GLYCOGENSYNTH-PWY	102441.10466327933	91988.81159558648	25337.17777495083	96743.7904161082	23444.680532474926	24524.57085056546	58257.7495256693	79353.53569904987	32413.403164577663
GLYCOL-GLYOXDEG-PWY	574.2566968790125	1000.7110100204934	1330.6543595700539	8153.408050704819	1539.0297146255984	126.24874695821131	235.5146502030209	1559.6910309264715	274.5601765519127
GLYCOLYSIS	142575.96767071195	264062.6305390023	108057.01243905915	214157.4763053493	109557.53694500202	36008.17706820276	133935.340585344	87232.13942410378	72686.93754112558
GLYCOLYSIS-E-D	50905.056748681425	93111.64952766751	12815.358154901909	51805.97143643336	13302.070291553344	4558.688392536773	27706.62292202407	30548.883514884103	7549.128302468262
GLYCOLYSIS-TCA-GLYOX-BYPASS	1126.7039614186099	1340.6914763313985	2368.9446387120884	497.42802858934346	2726.137134608705	305.01434429106524	786.6575804934838	1841.473508945873	1047.0362657643184
GLYOXYLATE-BYPASS	614.1279057735883	1008.2738420980918	1395.527823437598	10746.40951315747	1618.8646415605886	136.0783080551919	237.63089178950443	2287.5046551789	302.9749126407587
GOLPDLCAT-PWY	2803.801740669071	2085.467853913438	360.6636456452657	3567.310682277102	419.5147367056584	1096.1452930153946	478.1347677740638	4344.179299882755	930.2687111859171
HCAMHPDEG-PWY	154.00982442961396	157.32625647082645	371.2785859626838	38.24399476539717	447.9659848267449	27.35220752298662	47.72935632755612	245.98032870854001	49.90418973675899
HEME-BIOSYNTHESIS-II	3569.071363492141	42923.284649599016	3892.098527251837	25387.629133097755	4591.348752261349	6783.9832983800525	4409.841626722715	9041.739987149038	6208.786544519173
HEMESYN2-PWY	13450.211277187238	83374.93102722047	4018.4987492771133	29130.10001680158	4761.703532335668	7654.462758754913	7038.079740556006	12965.66931914481	6474.428502035682
HEXITOLDEGSUPER-PWY	21176.813073737143	30328.301162330543	7511.080502664377	12557.302738632648	6761.910165041339	4283.898903377606	13477.91853128525	26388.7626911457	5618.531413167162
HISDEG-PWY	47344.28977209941	148147.6061781889	37674.78050133596	84609.32602410649	38531.00399318012	11269.902760860463	58419.22802917381	17479.09907384207	27260.765323402433
HISTSYN-PWY	117214.70806645816	216143.2916875487	85255.0085947356	163657.86863400915	87040.93896286568	24839.80299985589	107799.10752064838	61545.96547090078	57594.52718897212
HOMOSER-METSYN-PWY	54073.971562781335	55301.07189991726	47298.94313714317	87517.50020612433	47629.226977871396	13883.748033933165	35230.63378616161	38825.400072418684	28888.69174152353
HSERMETANA-PWY	59314.79063192432	59305.14053001984	52788.406297559166	94694.45555074117	52913.78470866583	14907.131439476854	38015.30243636415	40916.82671394611	31832.068366755626
ILEUDEG-PWY	1.177859232088405	6.658179403337129	1.3886825420552493	9.498121154841431	0.6122188927260817	1.3653845608079371	0.6122342028213414	17.615791660875168	12.048562918681817
ILEUSYN-PWY	145819.67532863334	248339.8150477291	103589.30326132922	202226.71671897286	105045.8213815755	30295.354058634533	125556.28111991388	83985.90508001701	66492.13511518452
KDO-NAGLIPASYN-PWY	1146.4949737972074	792.276754887901	2693.4077437993265	248.3447885940054	3163.0374102694122	202.77725116723457	245.65710740259527	966.7971768446249	379.5313206820016
KETOGLUCONMET-PWY	479.9341349137823	322.26482314895514	569.1218126444332	99.98048815432709	660.297932909943	57.22784223225666	125.11000298744968	396.30806983258356	129.32245214853577
LACTOSECAT-PWY	4216.902598218263	12552.286943153687	1452.6793058132612	8832.250188749362	1302.0824425261872	4641.47986301747	3138.049958714465	11448.322240796842	3494.532711450996
LEU-DEG2-PWY	206.12710431526557	1218.53498529741	40.80490336726479	6479.429437557963	19.53032371724885	58.13862698630082	110.85101132448743	1778.9724136938737	70.8506061430084
LIPASYN-PWY	9.5e-15	117.32039857130805	1.125e-14	7.7e-14	5.000000000000001e-15	1.0999999999999999e-14	5.000000000000001e-15	1.4275000000000002e-13	9.775e-14
LPSSYN-PWY	576.1944629200117	467.5932024664157	1477.435552882726	172.2030620640521	1741.551338253559	105.39738285059984	172.41587100088202	278.37041911690386	211.71337007174714
MET-SAM-PWY	70694.8856318592	77605.32970083876	61118.64949517401	114623.07970671117	61551.82557932789	18465.3060450182	48022.264454693846	49471.39381128876	37507.80264115859
METH-ACETATE-PWY	3166.9822403147064	24091.740902729565	1035.391038270449	9066.833263090011	992.4171359707891	1137.777820651064	2952.4266111301886	8565.16457025722	1607.4612044292344
METHGLYUT-PWY	242.23849089327405	305.83483128712476	608.7053273486198	146.2243866217882	710.3759677081595	44.35542045339696	82.85659002662481	314.0117533934341	106.62935675504174
METHYLGALLATE-DEGRADATION-PWY	0.013461457265516131	3.2783719632663475	11.22951683839417	4.724767922188861	6.090689042534576	0.048030391901461564	0.014461592549610623	0.2763476942707861	0.20335296309770637
NAD-BIOSYNTHESIS-II	1891.9085424402876	1295.5013444837234	1385.1835548885174	739.2355528207223	1364.7376988271258	179.5811222716691	579.8364280823985	1512.9828168545182	316.0545520937644
NADSYN-PWY	34.72697821978447	8.763673445180594	25.173577327194536	13.38210051462218	0.9876017160690208	20.510876502523768	49.61319198078177	134.41426351539582	37.80674504053094
NAGLIPASYN-PWY	86492.0571131646	204943.17476748241	97080.14167849027	184000.75757559415	99723.81132577789	22782.5264677242	97355.02468257686	35477.4939442368	54920.47661955271
NONMEVIPP-PWY	129282.64672037424	212757.87761206034	101318.47150802326	199270.08411310086	102351.87603059437	27106.984290442382	112737.96957910588	69396.92793669281	60378.067896563625
NONOXIPENT-PWY	191207.4916517432	244265.5656292129	129420.84824562789	256474.22340833998	130795.12076130307	34179.37354214649	140013.0609282477	114428.49414522856	69049.6115021283
OANTIGEN-PWY	66191.82209610249	99298.21822419827	20571.051171924235	82831.47701992448	18733.588978856173	20699.977894932443	45753.297729613216	57067.881596668	26774.39644249312
ORNARGDEG-PWY	96.27724347087627	74.1893148097161	263.31747562266844	20.27124722877999	286.46704993233976	19.848552506605476	22.983721556521225	107.1264679392519	42.52535291805656
ORNDEG-PWY	264.9181312239311	294.0823295513763	601.0044664832589	106.05957460577987	715.5111082440263	51.07978592172161	68.9766364604962	603.825704562336	98.71509109077361
P101-PWY	31.346199548618838	508.20163499490724	25.366577677522663	4317.216598483721	18.590985374518116	4.338845483900973	59.63702135461676	1437.8180662143905	16.631125283697113
P105-PWY	2210.6034157128156	2785.1907706413635	3904.2165984649764	829.4956990373984	4503.254807848013	511.45972422305374	1137.5130035708628	9072.862457510686	1387.8048790894104
P108-PWY	125092.32280625189	265353.7807277539	113261.03797219944	216475.47887019705	116193.79070703126	27054.847333942234	121504.57280434162	58928.480029325	63704.053995554685
P122-PWY	32107.914684777636	47275.370552637425	9442.928242834132	35967.576536969376	8448.854935698619	16930.864862441344	16855.4462490771	39385.03817264362	16193.933692382341
P124-PWY	39645.77983591354	54739.08579716808	11149.953383008744	43728.738595688475	9920.719784005758	20313.618970499683	22618.747426011625	51187.44986408007	18751.961178044065
P125-PWY	3935.1083898655725	2357.1667531593553	366.21514814288815	4299.67785943788	260.294608801455	938.2117209418456	527.9039281328047	4781.763488227745	1054.4654812485803
P161-PWY	56037.32516360437	55105.015688059226	7230.071883765748	35241.64141542906	6859.871848804853	16148.81607003897	9049.096838569098	41087.69931961409	15708.44291822254
P162-PWY	2176.7831189274434	2125.4855250036626	327.37989267096316	6749.685113848102	220.17080109033466	417.5173925601275	998.6063518659894	6446.48521684184	765.2173418654932
P163-PWY	9771.305215883353	6597.956364784904	2065.8267917128182	6522.322402060069	1335.1158636295504	1002.108326796784	2914.2447308967444	10963.393053356947	896.9541797890618
P164-PWY	45437.01830369404	51784.355296016	14160.452979897944	39315.886509849035	14798.508333981747	2812.2625885217512	10728.006773045505	26234.67748185632	5315.010445345812
P184-PWY	0.0	2.626226957307452	0.00330810110705295	4.094338163266431	0.008801671199921306	0.0	0.0	0.022682325616739656	0.0
P221-PWY	13516.346286122214	888.1360738211573	2053.0984050121083	8541.719079717643	1655.1924623414698	1335.476398601132	10947.947453131534	12781.54424693924	2913.620150333732
P23-PWY	7151.514706533724	54950.5897907859	7000.9435519123845	52214.5913313515	7811.829085576776	1667.4542193819657	9148.723567944728	19268.7530729894	4350.625658486723
P261-PWY	288.23363621330867	131.4829786404546	13.646344636636876	171.60508873931101	14.073376996166619	9.34206386599646	72.1232803316316	253.01928391127234	25.837058787010896
P281-PWY	17.69550542247394	593.2856670198631	21.897351510158554	729.4279542871882	15.729885501600913	0.5242303069243377	78.23719375002871	201.15228758357742	11.808874608309575
P341-PWY	1782.268605879629	86.41433567071583	125.61658020525003	343.95761906906387	105.00324335722692	34.961005033638294	74.35177252228509	1858.8626056977453	91.84196837517909
P381-PWY	106.03933587182324	3340.43493562952	29.15150529303146	458.53880301131306	0.0	0.0	210.0168870819425	6631.68656081308	92.4849107370815
P4-PWY	48180.39060795392	80478.58901100408	10335.459522598301	69837.56724970626	10833.694764414797	3904.5070190739016	18808.954234767352	25256.39175170758	5854.545030350197
P42-PWY	167454.7321631631	361289.9838504339	135541.8733849347	265081.45476108213	137546.43870044508	37301.124090068304	156583.04098023102	79318.91626264017	81565.01596115809
P441-PWY	61488.697125456165	97314.33763180455	13483.88988661278	58113.37983656222	13547.047951224713	7948.022706611477	25932.717575984465	42398.89558341496	12056.470332927054
P461-PWY	7469.919126405503	37094.861319548414	5213.464002762268	20030.47751110801	4963.769246256224	2768.6104497347505	9252.384209540258	19686.3792642014	3730.9311554914457
P562-PWY	8566.571040662855	1307.5946413921292	899.8965983354472	6795.391980470104	646.7738397796705	234.97411501059463	1010.0564680360571	5938.864305684064	460.1119925612127
P621-PWY	0.00027722943868114126	0.0015672721330382358	0.00032686959532802486	0.002235794699076968	0.0001440999735205361	0.0003213594307993306	0.00014410016826937376	0.0041468246242657505	0.0028381629091649785
PANTO-PWY	97044.99889755197	234737.17993133707	89900.89684243893	171394.98227315646	91921.70200020864	26173.757727767865	111446.52365744123	47133.25845340321	62028.975651004206
PANTOSYN-PWY	104345.26879768445	232734.27310567367	94451.6552901861	177430.74761421097	96207.06133408773	28862.70243206125	112382.62737951332	55398.918251123156	62905.20932234151
PENTOSE-P-PWY	87929.2677383582	195877.01624220295	49359.97653483927	108863.17301242123	51601.86449040317	20498.374822184796	85371.37823632383	47194.02477303314	43228.83446225854
PEPTIDOGLYCANSYN-PWY	127635.65690086219	218147.9922531374	94762.1564151051	199575.86633479755	96537.03959143281	33038.50873465686	109999.26574456951	80993.50799342626	62395.70748284132
PHOSLIPSYN-PWY	110250.38580277433	160692.0643881085	73267.18911575753	161103.53560521474	72504.38449405158	27064.507621722354	81141.17891981552	71994.92856757682	43692.12217152553
POLYAMINSYN3-PWY	6155.73316195664	10018.652460836836	2796.4393115793587	17340.75389910756	2267.094785922508	2007.4331592848023	3703.4114589156425	10454.436637162002	3164.259509642569
POLYAMSYN-PWY	9639.03257344385	9907.585740137472	2633.071545820765	22118.90871152055	2152.388973247194	1964.1719973929703	3589.3579674388334	11690.115653542962	3131.856216126441
POLYISOPRENSYN-PWY	106538.3194653012	200930.33113466657	92813.64805870311	185558.6402311915	94250.14898938446	27400.673482634567	99577.91474196383	55634.42350809981	56631.38029949114
PPGPPMET-PWY	571.610857611862	951.4782257960491	902.9976704217686	5914.209968643108	1018.7347024547864	286.8930758798555	140.41049401805014	1016.4901269148816	388.2380399928892
PROTOCATECHUATE-ORTHO-CLEAVAGE-PWY	48.377818723523276	276.2809477399871	25.367401600158814	41.89269654257805	6.398022807969274	1.139058502817217	90.3955006308008	138.27106944925745	78.52258540233272
PRPP-PWY	55137.97440644989	139314.36827982496	24213.315612832033	95799.76086349234	25145.728383363723	23002.48374005623	53881.769277828884	32385.640120248663	34006.69672868782
PWY-1269	85924.19847230331	211628.34374883564	91306.03600754528	174278.83521915728	93834.71061651724	24077.679832129772	103088.75439420478	38615.90631514539	58272.98215626224
PWY-1361	0.0	0.0	0.0	0.9869625900698029	0.0	0.0	0.0	0.0	0.0
PWY-1422	1.9687506396837553	1.9214454135307686	1.4239733296779373	2.8802431642605932	0.21666541765776856	6.688171307375106	2.116883679259781	35.782144597731225	25.637082850539493
PWY-1501	0.0	0.0	0.0	0.0	0.00012492841781615584	0.0	0.3684554897416634	0.0	0.0
PWY-1541	165.95711739361494	53.0908945788453	31.588686348700275	215.00946740527306	24.397032517845872	2.0427716096778967	109.60532459226539	95.55438832380305	41.04368599386392
PWY-1622	10.469829879315315	45.47495575558268	4.227829656951888	1529.4022192915625	0.5867074881002986	14.195787365155747	5.936875290310329	149.32615006530958	62.741215188185464
PWY-181	16.777796692979734	73.7424973258085	12.238704384077982	21672.09728264417	7.798038144237186	24.71908036771677	9.961884170178916	258.7119983531491	176.2059582960474
PWY-1861	28755.216253152434	14632.850312017623	6031.8056168322955	7764.107200386701	4129.315056471532	3956.424553113882	22350.233613992885	37802.93044094421	6232.52220391852
PWY-2221	5.186596585266883e-06	2.9322048433142555e-05	6.115307296678047e-06	4.182893789771615e-05	2.6959207928985943e-06	6.013122097774612e-06	2.695920789323112e-06	7.758259041871867e-05	5.3102958754136264e-05
PWY-2941	22513.860959276262	64703.084654028105	4292.668396881712	34499.28560011613	4999.895471253016	15093.14614519002	10919.590266651225	35529.06731774413	14220.260848150783
PWY-2942	142422.476750382	241015.3015506438	103565.34967145065	215266.0887649471	104676.65074736919	32963.55873413415	117639.82502518309	84229.85866368788	65918.37411457559
PWY-3001	138919.35821957665	248152.97191247542	99745.56657384303	205041.63959180005	101927.88271634848	31236.383933462297	123867.23605805062	78937.79027193214	67348.56203163526
PWY-3661	0.03678318711154461	174.3090022157758	0.03153196434316373	19553.404189141544	4.500139928900272	0.10558529753322199	8.501259932822059	0.6584928466093533	0.5054318492492418
PWY-3781	711.308195133707	6380.056318096272	324.748217612095	56695.3027389378	250.49149118239364	434.4075862114893	1173.5292360972908	9115.967455954995	2241.969184339238
PWY-3801	243.65878143936592	343.67060115248086	8.566926561802132	242.0769963267201	1.2966895077763554	42.162913121309	12.713402385809284	281.9943998490677	177.53887794062678
PWY-3941	0.23854238840297873	7.289016995502502	0.02248808318021866	10.582018683847537	0.015557770497868393	0.007335051071582618	0.024272959399422745	1.2813477379585505	0.07011265943252827
PWY-4361	53.7911816486567	148.57448176656243	16.993136353774485	361.1299912673894	8.620322052654688	11.779264793272782	1.7512667443486132	73.82699156116301	35.27101706980855
PWY-4722	135.52742607234234	2078.715698160431	60.721010542364624	1122.1297379444727	53.35085403281732	24.470573916375777	137.36666809058858	1662.684880035739	124.23269518523621
PWY-4984	25563.99022067813	54924.87928467922	25705.55538038113	24458.507871106005	25121.45117286326	2344.8898825378014	26159.14115498167	23017.682263471655	4567.15283643128
PWY-5005	9744.464831943618	13225.919469527136	728.1714776256383	4824.197497572495	531.338356534123	475.0151354760654	3247.828074856352	7357.911223351654	649.2430588688776
PWY-5022	11583.829588324577	9907.699793020136	2840.4603953993146	12951.66356646661	2465.1353400675825	2795.8615543238334	5964.517197697652	16678.96297510781	2589.6019987958807
PWY-5028	41.229684772332455	256.02899785520736	52.05992580690789	74.79763873801268	32.72798529468372	0.6280930313859183	60.85095804236408	74.67678578412169	30.17320630328724
PWY-5088	165.1411160458673	220.74038635739714	3.03006008081533	163.70495379344695	2.430837590444662	1.309921848020069	9.830702420997	57.65225709624822	13.392598118584532
PWY-5097	139259.92826194823	234039.25937927508	96534.62851929781	198971.00361753913	97857.95959986425	31251.233971156067	114600.08322626837	82893.83296648046	62596.72235675551
PWY-5100	146039.36902388567	226384.0507807387	93650.21600353885	202064.29011942254	95139.59042422332	32732.497095926374	118441.95300388146	89718.94160150357	65806.0879517099
PWY-5101	157659.84865765937	270641.86602868297	111330.0297240188	216130.26851387467	112961.90938429616	32330.079130423746	135859.28348389306	90539.21504880763	71667.94195176383
PWY-5103	134170.9665385527	233225.80439617016	96361.93339592857	188110.78890381186	97842.39129409856	27833.853180238097	117941.86278892406	74058.46677352316	62673.773771933054
PWY-5104	154244.13127994267	245378.9069561837	104039.69807161082	205146.14563704515	105083.38920779029	29641.71424383206	124977.81064428989	85691.97243231484	64950.49511579782
PWY-5121	125018.84132580747	207290.56775689154	98244.09277113392	195558.81399902515	99282.23143677025	27642.160640087735	108973.79729658425	69852.7435891249	59492.425225247076
PWY-5154	81201.69248810592	110832.91814097401	60045.95324019197	82758.47754618684	58309.08274629404	12021.203459111523	45925.369258445804	45520.32234133071	20339.96879547644
PWY-5177	4630.7881054558675	1419.5532558170999	1795.2707869351013	6932.177049877478	1601.0522440929099	766.4134543179377	884.6151354473013	8200.051312187006	899.4026133756555
PWY-5178	51.41312613157988	113.5929465733448	27.741345006718305	40.79200068216952	21.084001523565583	0.0029197087882514732	35.237102255061494	98.71995009014394	31.297764714792265
PWY-5179	0.0	0.0	5.286766721972995e-05	0.0	0.0	0.0	0.0	0.0	0.0
PWY-5180	10964.297930488654	887.7612590642055	1218.3111686476489	1510.3796512106528	1176.358826124161	983.995174783088	632.0493566023795	4420.811590364838	1022.6049024390624
PWY-5181	29.739286713354907	149.7886353485718	23.28049411143194	30.15348151666615	4.710433697317404	0.6966568475661954	52.94239903003321	79.07018441146027	28.72799127177988
PWY-5182	10964.297930488654	887.7612590642055	1218.3111686476489	1510.3796512106528	1176.358826124161	983.995174783088	632.0493566023795	4420.811590364838	1022.6049024390624
PWY-5183	36.235844853129876	119.37769926156393	26.03264034428042	33.13882885399359	0.00028549719525520627	3.599999999998531e-15	29.72859119684331	88.42709782983631	23.35653558022368
PWY-5184	1.0542709612768197	3.6104228710084034	0.3699220093633857	2.438782689403398	0.20556652806757034	0.2425817794182386	0.391491363155524	3.4544417891424244	2.2477873846398646
PWY-5188	34308.59360105329	33154.62519711421	22469.853940005312	25855.13591657687	20409.75522600176	2371.571715657078	11601.658824937835	23527.883165100375	4542.699908587597
PWY-5189	27939.90382434075	31296.94318058972	20168.136979049206	23567.81258530073	18338.38531407539	2032.8544773767317	10168.433625888298	20501.894488959126	3927.8745620219634
PWY-5198	0.004848481395736145	11.793181341287875	0.5464771199800785	14.650490491719955	0.002518652338184282	0.005621427863050727	0.0025203389728641703	206.39842582387638	0.049614291671398233
PWY-5265	131.45072782769378	6301.70619070553	486.94007085205766	1796.1475177917778	697.5499855442308	318.5150460193691	677.1616584308216	1482.729560387976	1540.7938969901872
PWY-5266	10964.297930488656	887.7612590642058	1218.3111686476486	1510.3796512106526	1176.3588261241612	318.58267802302396	632.0493566023795	4420.811590364838	360.4571707658892
PWY-5273	10964.297930488654	887.7612590642055	1218.3111686476489	1510.3796512106528	1176.358826124161	318.58267802302396	632.0493566023795	4420.811590364838	360.45717076588926
PWY-5304	14557.069018463877	183334.0731846364	16674.81701724786	23594.61646814061	18411.54026697261	9467.65386825457	60052.54302836062	5254.188036098099	24122.17712982529
PWY-5345	29896.974054510625	24947.886401699434	35063.435211739896	36313.82337259462	32961.25107680633	880.688761129507	7095.249158265111	5029.082415538188	1392.4236234669709
PWY-5347	85488.03623827882	101961.03323733014	72660.5148970692	138223.8444673046	73452.36602186813	21730.846743670067	61507.10043755544	56918.907283960005	45150.88478898189
PWY-5384	17840.354893311564	11714.416544951902	22649.400067460694	6018.124825246831	20776.53703546465	1665.247152708678	3844.7344491728877	8173.148682809048	1708.5426485751004
PWY-5392	6.102388739791972	10.068494676773284	2.3524129703016023	15.685013884966144	1.236164596725899	1.885313196108803	2.2355445537623475	24.89365108900921	16.609404454693088
PWY-5415	5904.974355162037	543.3843572930623	273.4577694639155	571.4339689749604	203.92011710728	349.9741862500597	435.589028263315	1931.5920451526536	388.8864264453025
PWY-5417	35.23966702078009	138.93903326076207	32.66708814226849	32.42791201183395	14.123032894311507	0.6863867695455024	62.93162048906199	106.75812217926277	42.7448069412552
PWY-5419	23.53257480219036	78.2254257271552	120.76479841571226	46.74088787369771	87.33662614421412	16.13236951661457	50.67770745994752	135.7300602889535	55.55600457941873
PWY-5420	41.12955594145084	131.05490625499172	200.25569074830065	80.49688212503484	146.7544131728532	27.501899360471867	85.11362694492584	233.5948553142528	90.03966837881406
PWY-5430	32.594473446651804	89.47952555479894	30.028909140483243	43.0849882144889	22.58178517491613	0.0047090354968514795	34.911336057814474	92.93767707214242	42.56285663288884
PWY-5431	35.23966702078009	138.93903326076207	32.66708814226849	32.42791201183395	14.123032894311507	0.6863867695455024	62.93162048906199	106.75812217926277	42.7448069412552
PWY-5484	126722.00293230654	255508.270729719	96956.01030197441	196852.5146669071	98594.12715721974	35798.95776023057	125704.49655918151	81835.87707736604	69698.25083087875
PWY-5505	81820.32814597379	30925.79084480769	10321.533426168347	21750.016872807548	7585.976938642064	5460.970346329316	23449.82648736223	39822.61079192305	10325.573990538242
PWY-5507	1013.2387577219669	6271.147053795214	293.43033714975473	8322.470298037499	98.56382512611523	265.8182957457828	807.9328730331888	6986.322390860141	838.0306949470398
PWY-5509	64785.521258894085	140465.55865410084	52753.85155493994	87195.85058868396	52984.437936286304	14603.371367569089	63848.856781448434	28225.92792569773	33235.525481729586
PWY-5529	0.4543059264206748	243.80105022173612	4.492488018117651	11.79305201283542	2.0956449480962025	1.1073138576453183	8.550709466842767	22.844153093828925	5.544518656647778
PWY-5531	14.220041931617773	301.0403061302436	4.539656398717806	14.181706116772473	1.4697471083074996	15.422914401681075	7.899620460579537	86.57714228129272	63.06586144357143
PWY-5532	46.0783169468448	315.9185521983952	95.71322514816404	2241.6039811908145	89.56804836931776	21.271596021032043	34.5966742610415	157.6733440730857	53.730947650091856
PWY-5634	0.0	0.0	6.1363546290094996e-09	0.0	0.0	0.0	0.0	0.0	0.0
PWY-5647	12.01861949929423	5.223101392181128	15.020966455293177	7.332988348800588	0.4054899347237559	8.770604144020673	24.238988424504374	55.994175638518335	17.67255876971846
PWY-5651	21.70702614465037	5.477385306795815	15.735106119894676	8.364042042650478	0.6172535331745632	12.823287154454897	31.01407542298267	84.0842738594182	23.635355769445372
PWY-5654	12.148514289291132	52.12670380527522	16.201764043324687	21.015378346633216	0.5844403883213366	9.046408114683246	27.136801599805594	61.12752693611557	24.04113104527072
PWY-5655	20.09233981880478	8.40220316911447	21.093296277973533	11.687300838630902	0.7271496245726475	14.17991293745263	37.30942225940492	94.68426281268724	28.000570147494518
PWY-5656	0.5389025371845605	0.5221064542725294	0.3905423514645016	0.775080020034672	0.05911390445138339	1.8851030782004168	0.5762051646212244	10.048592903134455	7.7812717553586195
PWY-5659	121437.917800856	229317.6927093956	116589.64287954874	223155.08652352614	118226.02606981691	33030.47924860993	115136.36710231214	65740.1587522813	66955.96566140017
PWY-5667	125257.24341078554	229860.80348084852	96445.98650251963	199761.88075605972	97687.36254808061	31652.861477551953	111146.71595796467	82652.009853971	61224.70599540794
PWY-5676	40524.13427413651	12745.903795791332	8322.259822772026	28455.37029904756	5978.51681802508	5115.781285521948	12248.017583139797	47117.70919931457	5507.546022352497
PWY-5677	14890.191896814826	5300.762834553046	1905.9865305303626	6042.167274548574	1280.6916804379143	867.3829869480637	1405.511286247182	12396.4500638605	818.8374399332076
PWY-5679	0.0	0.0	0.01515057469783883	0.0	0.0	0.0	0.0	0.0	0.0
PWY-5686	137799.67577101974	231002.2470428911	106668.74406550228	214868.0915203762	107755.0456107705	33918.2331380177	119380.64664859875	85274.99855627253	66748.6555835136
PWY-5695	138981.1915524904	248364.1885653509	99972.51189039183	217009.2181962106	102228.98571161335	33571.471654373105	127610.40269218142	72437.93206960539	71203.82215642721
PWY-5705	2552.7306673760336	2581.686831635514	687.8724261129221	4470.4556895579335	672.8950891295918	93.1580486061893	265.39625439264654	1677.5286809922445	357.5086254534606
PWY-5737	0.0	0.0	0.008851836995322201	0.0	0.0	0.0	0.0	0.0	0.0
PWY-5741	0.0	330.72653454709	0.0	7956.633411056493	0.0	0.0	0.0	0.6230993514931455	0.0
PWY-5747	217.83028836690286	285.5624294181964	407.69372016015876	2536.093989713931	462.07064454564676	33.561410387704875	99.19810887569044	229.08598851970714	89.17793962652286
PWY-5757	0.0	0.0	1.1780409999986632e-09	0.0	0.0	0.0	0.0	0.0	0.0
PWY-5823	0.023910273811728364	0.3604464674789355	0.028192391530142562	6.042163615686717	0.012428616673930578	0.02771834727758139	0.012428609038565398	1.394282136115225	0.24473937328174372
PWY-5837	6354.226437139472	1572.936697089446	23291.900098700306	1406.1293826579529	21580.453324157075	307.49831067097057	414.10790868289246	1004.5439057188834	687.2718907149492
PWY-5838	18802.742100086405	5300.025059319453	52002.86391555215	4739.55256826482	50009.127945693166	1026.0950099868735	1405.6002083653837	3282.618404726594	2290.5368371343075
PWY-5840	18667.812682346288	5264.797487461474	34394.26328212379	4713.035692495532	30513.13959040212	1023.2377963908536	1401.8356786553934	3286.5355419680627	2271.533613205803
PWY-5845	1565.0540586735378	1956.648930555324	3906.6822864432093	4356.889300867369	4543.132590955921	615.5476279592536	324.37392895261223	1355.8596382848839	844.197934219415
PWY-5850	1565.0540586735378	1024.1850628321074	3906.6822864432093	322.00614771150555	4543.132590955921	281.8200817673799	324.37392895261223	1269.3563019694695	579.8107654363541
PWY-5855	8650.87930766969	1295.6623988131971	1374.2424151483972	11106.041766485758	1438.786705210295	219.06660302577947	599.1103713682605	3227.481820277676	417.9967531516942
PWY-5856	8650.87930766969	1295.6623988131971	1374.2424151483972	11106.041766485758	1438.786705210295	219.06660302577947	599.1103713682605	3227.481820277676	417.9967531516942
PWY-5857	8650.87930766969	1295.6623988131971	1374.2424151483972	11106.041766485758	1438.786705210295	219.06660302577947	599.1103713682605	3227.481820277676	417.9967531516942
PWY-5860	1048.7216816900168	683.7800918619698	2635.258221361007	214.77847338373806	3069.0932999302495	188.5763585387516	216.46328540929343	853.0860805120323	387.75694359418156
PWY-5861	13353.97160251672	3560.0243448540855	41056.78419891155	3183.197769461825	38978.76532525025	693.3851845927251	941.0984229709231	2234.8084988652035	1546.186593009559
PWY-5862	1048.7216816900168	1308.0508803957946	2635.258221361007	2924.4361120217914	3069.0932999302495	413.701565504315	216.46328540929343	911.7245095167749	565.3810493513053
PWY-5863	7207.139637353175	1795.5304311558791	25697.65401191657	1605.2695199211514	23876.759121712857	350.92512255991153	472.99435923425665	1145.8444079454007	784.1505709254623
PWY-5896	1565.0540586735378	1024.1850628321074	3906.6822864432093	322.00614771150555	4543.132590955921	281.8200817673799	324.37392895261223	1269.3563019694695	579.8107654363541
PWY-5897	16891.7766103855	4652.452455838152	48677.75177260197	4160.296964132142	46589.58816946387	902.5033208109788	1232.1704283324746	2900.577935569961	2014.6773813871844
PWY-5898	16891.7766103855	4652.452455838152	48677.75177260197	4160.296964132142	46589.58816946387	902.5033208109788	1232.1704283324746	2900.577935569961	2014.6773813871844
PWY-5899	16891.7766103855	4652.452455838152	48677.75177260197	4160.296964132142	46589.58816946387	902.5033208109788	1232.1704283324746	2900.577935569961	2014.6773813871844
PWY-5910	3259.6041179186786	21652.627011078825	1989.1267751044675	14047.721964918597	2295.6102161181593	7714.985608291021	4927.891821035335	18709.31813935159	6897.061782581315
PWY-5913	63774.67857106841	199477.20393378302	68015.83502005039	92872.40688973825	68889.07314132302	20995.600618605997	102427.62198397092	22708.410736738988	48890.15507481678
PWY-5918	7682.035402961539	35246.42804815111	7723.288597320991	25644.697515525895	8581.95511315238	2757.1433647860954	6988.524311651975	14289.426490477168	4921.9606340571145
PWY-5920	592.6691601110343	945.4100797292107	1279.2278138711179	14032.078948022705	1481.3579206417703	122.26758180771307	304.07371568496745	758.7161767360333	319.9634449211091
PWY-5940	0.0	0.0	0.005041447980460248	0.0	0.0	0.0	0.0	0.0	0.0
PWY-5941	269.91224175432234	468.7687857110762	28.643987731744883	523.2817485239661	24.2391072177686	12.918079971288297	15.317998101502809	141.36483590329274	51.165086766650596
PWY-5971	98883.6872944415	77180.14311046217	99379.26604047712	175838.27039536904	101552.38596648413	30958.627412123653	88581.48980498548	58596.92340040216	61475.90159902163
PWY-5973	149499.4479301598	258958.3005431231	117753.54816103996	237497.63395469091	119443.92952808364	40918.61719578754	134830.2357746424	87581.4707127281	79142.74049892648
PWY-5989	97757.31170511321	55673.87656411965	101747.67004435594	172741.54983705623	105688.5632786356	26798.93874376551	88421.65087167373	48506.79986397513	57872.57909309894
PWY-6071	240.75197460298043	274.4625943695635	497.7941102972597	84.35033452592485	572.9380866919936	49.27734834023115	67.346174071048	455.7009280904851	117.77209572417141
PWY-6107	0.00017404948614339175	3.8412276696005625	0.1595921598919006	0.001403653184857756	2.4739227348515604	0.00020174280872244864	4.884449969147413	0.0026034462330551175	11.571100877054361
PWY-6113	29649.44917596857	7034.943755078858	66264.79206659383	7738.828753238038	64742.28895786302	0.0	0.0	274.0542009050757	33.70237234040893
PWY-6121	142486.96775403258	258945.81941852765	115439.04080770256	233243.33900356872	117321.18867210344	38327.474718053985	129459.61632917871	87688.96596977494	74072.1582921425
PWY-6122	135116.4434479008	244249.00402512852	109724.70184899012	220155.05866833837	111295.52050292585	36524.655254695885	121311.0645338434	85335.69697472522	69224.24237222486
PWY-6123	130039.56880256592	237819.1898856993	105315.67335393273	211140.53951166617	106887.18599934217	33740.24374095451	118877.02581283065	72569.16593669195	66881.50694263306
PWY-6125	65536.54593504104	251803.9710141795	69858.23865217173	131646.07869272155	70696.44374249934	29190.000743818877	104475.008233811	46965.38931169461	56866.14219801252
PWY-6126	142864.7643603219	265819.5955432961	108193.085773784	222506.00467729088	109458.22065805207	37858.406852184875	133315.07169800295	87084.24888451406	74792.52959561581
PWY-6142	34.674298872486624	31.72992137692519	24.41322447638794	49.43621857051429	3.813184108287925	69.93978364822581	34.38217610008292	549.4275377013621	132.11253668573335
PWY-6143	20.806754766861427	6.355686222922448	0.0	86.93597925969244	0.0	0.0	0.0	29.56775858108137	0.0
PWY-6145	1.2283732510633373e-05	0.0004534381168135287	8.89374971439282e-06	0.014286162459601431	1.3457550762354834e-06	4.3961643961879536e-05	1.319865178818363e-05	0.00531544303842858	0.00018661096401794908
PWY-6147	98038.63590660649	218010.1657841597	94125.49033239718	193750.9206453522	97415.07463273572	24587.806316090933	107988.7873669585	48935.90435732363	59010.83774360312
PWY-6148	0.0	0.007154690207573981	0.0	95.95557033707185	0.0	0.0	0.0	0.08246947191404629	0.0
PWY-6151	93427.76373902684	73111.8671590282	82183.45163361907	165785.2895628415	84298.59688462556	24230.605118509473	58106.03034953804	59389.60823332998	41654.05380778566
PWY-6163	124698.76478246723	206840.8875864129	94604.95139021408	187648.7923908087	95484.03883338106	24777.13720869812	106146.47455821182	68609.18892339866	56143.17516693996
PWY-6165	480.44266590574426	16.791394958024863	227.7598924722076	147.07513534212862	162.34578158321142	7.290381600317671	12.755665963038332	97.85107530564818	53.71377935814672
PWY-6174	0.002405123312528157	0.0023322147340209603	0.0017391880986630194	1.2530899402931481	0.0002633221994388896	0.00856874577897068	0.0025814132052649486	0.04591668088045529	0.03640981199285016
PWY-6182	31.093737385254087	129.06033284903353	30.218712957010304	30.817928721176564	13.297542139520129	0.553464553300567	57.50025976484651	93.10853933662729	27.077761258545536
PWY-6185	30.117435525928126	138.77868101934965	29.59144871408727	32.26555160380217	14.764940449940045	0.8751548906607083	61.49412935962009	103.78419474918566	23.294123766478794
PWY-621	87649.23102359062	120091.89810064858	35718.479392155794	90170.49345492483	35222.606416209484	25510.68415582953	67956.28558561912	70393.16118814217	33938.2100621962
PWY-6210	13.462003944141305	46.06666938091314	15.26249297782787	24.70956497728785	0.36391984622911927	9.527265246789254	22.821707211368153	35.39420992091833	20.00356781083932
PWY-622	0.07322850997198267	0.070980835280686	0.05301958209758294	0.10617566062158756	0.00802265048589422	0.26173144611006555	0.07866289639214648	1.3984924604170166	1.1094180781492515
PWY-6263	1023.6354371575675	1466.998783139439	58.61811924057772	9842.774336340899	45.87809131356105	506.74387593867	419.32360892493944	850.3808847043387	719.9409648373513
PWY-6269	65056.50529247854	140361.30507110595	54452.87406300445	87597.10664256438	54512.66932112151	14711.703992037956	64011.446740478685	28528.96054332339	33463.839420734046
PWY-6277	135116.4434479008	244249.00402512852	109724.70184899012	220155.05866833837	111295.52050292585	36524.655254695885	121311.0645338434	85335.69697472522	69224.24237222486
PWY-6282	94354.74439313174	54750.54620820119	95708.55580928786	164213.1332116453	99051.41492041339	25936.588190879298	84354.13930931628	48095.84214978524	55030.12184457659
PWY-6284	7454.970348967984	1464.811530359525	27933.581471291214	2105.4988620447616	25901.57648061018	0.0	0.0	73.17021663207849	9.085287802332898
PWY-6285	14200.284043663325	3014.6215878382227	43922.05995200988	4346.891353485753	41608.16317847058	0.0	0.0	153.4416677318406	19.07546566029405
PWY-6317	99692.56425589115	109921.55254940323	18570.805240505368	79200.95388482924	16329.047390480528	26539.26071974696	52769.60153486361	72784.0605399063	32108.948664617146
PWY-6338	0.0	2.335912553705139	0.0	0.11475963952407375	0.006707591080320834	0.0	0.0	0.0	0.0
PWY-6339	0.0	10.05423854981254	26.502129617298635	12.336193484273817	9.739209402205322	0.0	0.0	0.0	0.0
PWY-6353	74137.93913843328	69087.48073220221	16004.171446052702	50972.95414093901	14708.674085471368	5501.741555803399	14928.733978056925	36132.92315657696	6170.794191169586
PWY-6383	0.0	418.33970988702146	0.8494218820748255	64.21408483443142	0.0	0.0	6.246917664474999	1468.0353128825282	26.961542351762198
PWY-6385	125852.8020251857	217473.52117569404	93206.29962569119	197976.10793325852	95122.66779653214	32851.78834908287	109351.26596407537	80185.6242078438	62089.43490766842
PWY-6386	128488.36699333736	217023.10584368647	91685.97828971775	198514.54044705105	93810.56002552315	32585.123551669494	109874.97317945087	80164.7877590267	61985.516754661076
PWY-6387	128148.62758754859	219569.4128961683	93828.07592133223	200059.76683184024	95667.08556747952	33211.378780624975	109787.44031063985	81783.9414551174	62262.78516176872
PWY-6396	5426.239947228584	5547.913406483217	604.1106818951571	7052.4739134071215	512.6574185628099	2017.4681592029335	1168.6784162191452	6954.257560083167	2080.793670222106
PWY-6397	0.0	0.0	3.224799999963106e-12	0.0	0.0	0.0	0.0	0.0	11.518962397419815
PWY-6404	0.0	0.0	1.2889188312347026e-11	0.0	0.0	0.0	0.0	0.0	0.0
PWY-6467	76784.60888258548	183055.871959829	87292.93649256974	164686.15776038566	89615.62019189734	20339.224814419504	86378.96190531255	30552.737584860053	49061.72089636059
PWY-6470	7366.615268446227	2575.142037579434	2965.6396494892333	6016.065304079021	2107.2261918993913	1449.5979924844446	1683.8560149961925	11797.157913516507	2674.477761722462
PWY-6471	40925.015594210294	62307.227863548076	16414.755048229148	56330.51196441483	14768.437417779882	19177.467205670775	29560.654060091536	53879.443222124406	20473.00434382387
PWY-6478	31996.509352737303	100314.7239734547	15588.862446454279	29645.603057560715	16666.290856446292	2611.3605745000755	27190.629100504884	14797.657635417485	5786.366126837512
PWY-6505	20.09233981880478	8.119720515387536	21.093296277973533	11.687300838630902	0.7096430953662947	0.9609809511478751	37.30942225940492	77.40380035395323	27.084283919180315
PWY-6507	99163.23254059252	179856.8409336264	56863.99198765196	114220.90200153037	58922.53908865926	16852.987710394325	79804.09569600604	26543.562446563417	38954.82259031319
PWY-6519	93169.34418939234	84076.7824420625	90549.24750249473	162311.02009487525	94485.8352772162	25560.102486078897	93608.73652873668	46132.03241688837	57149.253191900134
PWY-6545	32846.34210220783	35225.485109078145	24736.48587617752	42889.57802899632	25121.910330842707	10490.699712101266	25784.925445435165	25493.892668539305	18266.46527841841
PWY-6562	22.74133181899655	16.99826181234581	44.12977541865267	8.902074162794069	23.5437816690979	3.9472401368163337	1.2482288559747603	36.529605940445386	16.487729294534912
PWY-6572	38562.64340304058	83030.84511986551	21547.718411867	36279.57301952557	23603.362508091734	2140.001989222604	21424.97293798074	4115.535508801675	4006.5675775465634
PWY-6588	29894.689883740506	17158.995934748193	6801.2635429320135	17697.4164225022	5193.8526817144875	3523.7702446611574	8531.607517108734	33984.96798205997	3608.204480973478
PWY-6590	9998.345314498674	4237.032932501589	4399.04830914071	17720.886742970644	4056.0127974273496	1853.759035866666	2030.845494585002	15770.730703402602	2358.8521160675223
PWY-6608	88852.73957699341	74148.6072644963	28444.170429015725	57911.93678426826	29057.48756738327	6687.055232033163	26019.10668794662	31830.96211904311	14384.531257825483
PWY-6609	132198.04961231077	216024.81331632452	87485.77966664922	194108.5097033977	89255.50268950964	31368.39317967782	115462.76128633667	79250.59997098017	64634.69241861342
PWY-6612	88750.00057301302	192326.1482519346	85408.10435740069	156195.29978034305	86796.11030253877	22862.511488656713	94201.38758564241	39751.394957424985	50717.11178847826
PWY-6628	5813.659570731293	96162.24512595891	13826.759131652227	33419.28290434281	15395.777598997664	4043.3213384716414	10609.148786107577	15915.040124946727	5441.385948048335
PWY-6629	1631.1677697885966	1146.3421024599838	3832.7674531527537	322.99395038187987	4529.177575225046	296.0107040550347	365.90497296092605	1420.814034156443	539.6617593877882
PWY-6630	5802.646811934373	94339.53099743919	13603.329038288311	32863.776135140564	15108.324672519435	4006.753162593348	10560.512781433526	15733.749592652115	5412.827305174171
PWY-6641	269.18172462721446	142.1575434130961	53.506839070416035	6243.161186833237	29.49629409554623	3.496138604499435	184.1919209855432	167.6722167452491	59.256407639917406
PWY-6690	154.00982442961396	157.32625647082645	371.2785859626838	38.24399476539717	447.9659848267449	27.35220752298662	47.72935632755612	245.98032870854001	49.90418973675899
PWY-6700	98092.12429959257	205672.60098696838	103308.29245126346	191644.8068435485	105456.52072290331	27527.37542539149	105513.6195609202	50098.93255680707	61964.85951491478
PWY-6703	81437.13808464895	194013.85155647164	90734.87524250879	164086.06133717587	93040.38579334493	21950.50451149734	92449.8628055705	40120.452912519475	52746.89563402055
PWY-6708	8650.87930766969	1295.6623988131971	1374.2424151483972	11106.041766485758	1438.786705210295	219.06660302577947	599.1103713682605	3227.481820277676	417.9967531516942
PWY-6713	1.53060843737707	20.612738617087217	0.34697393375286617	0.41513279734012326	0.02679577323900955	0.059722393563580826	3.6779744840158393	16.079758215477337	1.7643598351924301
PWY-6728	0.0	1696.095289523189	0.0	16108.082302749706	0.0	0.0	0.0	2962.9692210069584	0.0
PWY-6731	1.7353527085858285	274.18028493437356	4.906129080740759	5.647791073047558	9.134235354138339	5.5128210198279035	1.7360274951538055	31.230852514211442	23.559245358356815
PWY-6737	172780.5465415596	274914.07436366926	135733.87592243846	258293.08088486167	137459.37663159842	36010.74375123469	148365.54471977105	89790.34975396947	81312.13414113881
PWY-6749	20919.952380198763	2601.2984298015294	1440.3690900062684	8333.526434802878	1220.3370530310965	897.8895918643063	12387.119232169613	11645.234216362993	2165.367245791319
PWY-6876	113.6458001550059	153.08983085681808	24.37826102243181	70.18369003794008	1.0954427419149553	706.6527044692145	205.91074864308018	1058.9477972134357	446.767778263365
PWY-6891	9911.237688140845	13403.53157341844	3706.8750209689197	12237.285589216344	2983.9855651964135	2271.0103666339032	2367.39525856823	12878.496496904527	3998.958175847117
PWY-6892	83478.30862830704	177474.5332582171	72366.950256244	141221.30016170902	73029.92842123726	23161.329822722244	88636.01894131674	48496.50062079778	54417.547165835094
PWY-6895	36556.18624175062	54343.125299485975	16363.939884112418	49263.51086781595	13515.759661458324	8486.311455662193	10922.655133782715	30641.270194545894	16016.18103459577
PWY-6897	110671.45290708778	222595.4447574902	109577.2945423609	194285.20828145972	112654.92790065918	26455.637651749978	110398.84823887705	45943.93191765609	62796.37361061708
PWY-6901	92050.00860942338	188438.99063672536	47832.69529359233	117459.38048241852	48283.55602041092	23347.680122211867	73730.22288907653	47501.06832126906	44069.54521451848
PWY-6906	360.9155263576255	250.300573939374	121.61092889151537	77.43164505914574	51.92137628448082	0.34185373795040863	26.569141182094747	309.002356578054	23.357480587718165
PWY-6915	0.0	0.0	0.1358740718374561	0.0	0.0	0.0	0.0	0.0	0.0
PWY-6919	0.0	0.0	0.16884792733405996	0.0	0.0	0.0	0.0	0.0	0.0
PWY-6942	0.0	0.0	0.00019897263953504778	0.0	0.0	0.0	0.0	0.0	0.0
PWY-6944	0.0	0.0	0.09294718209476652	0.0	0.0	0.0	0.0	0.0	0.0
PWY-6948	1.7579078419595241e-06	9.938095766599026e-06	2.0726754629264484e-06	1.4177053557875332e-05	9.137280921698378e-07	2.0380486024187783e-06	9.137372737468433e-07	2.629530780113945e-05	1.7998359131518008e-05
PWY-6957	0.0	0.0	0.0	0.0	0.0005309337249862928	0.0	1.5133167712595004	0.0	0.0
PWY-6969	110445.30643461809	237875.03241938466	83624.28107944662	128670.89767785455	84121.38223579238	24995.51370702614	115217.4773484013	48824.10981412863	57205.85963038664
PWY-6975	0.0	0.0	1.2733333328016262e-13	0.0	0.0	0.0	0.0	0.0	0.0
PWY-6977	0.0	0.0	2.1561061186534583e-13	0.0	0.0	0.0	0.0	0.0	0.0
PWY-7003	37948.16754358023	29708.490719668935	5138.542554110728	23804.01362224589	4208.3706476735	6735.880904752627	7475.568474231415	36648.76715343721	6891.082131914134
PWY-7007	141.3304086185721	136.59950228670166	15.596575432786802	269.03447310986303	9.587748920610345	5.412634433956596	3.172528496031278	55.7939664046874	25.596974993493042
PWY-7013	14866.152564287051	3034.7664469355827	5256.459514167929	8612.41789556684	4292.426542976896	2045.868018347168	2548.3374458275503	22084.763311249742	1943.0623034783005
PWY-7014	0.00247319296036714	0.011316896640708453	0.002858240617933828	0.016251186903363236	0.0010670438120303153	0.0031124562306887216	0.0013644627981292449	0.037848372657274997	0.02620093963147653
PWY-7015	0.0014174736655906	0.0080135847922861	0.001671286455507548	0.0114316626696852	0.000736783103184	0.0016433598433158	0.000736783103184	0.0212029804138515	0.0145128079151866
PWY-7019	0.004426236207264732	0.022153946874297323	0.002690799783816103	0.018168896789962707	0.0010287355811831812	0.0026631222115627946	0.0012009171940787168	0.06470776867081629	0.02271871474821885
PWY-7020	0.0025415227108559597	0.01241959513510112	0.002449594444517922	0.015376862548767942	0.0009569387291154606	0.0025847220128100814	0.0011436451015883352	0.038422781617284164	0.021861735397353536
PWY-7022	0.0028709448869502687	0.011688180031730276	0.0031835209661231936	0.016811189523716904	0.001110166735281053	0.004056832583611517	0.0017088246892584928	0.045056370459031214	0.03167668101434186
PWY-7031	0.013216838893183964	7.870508731531221	0.011684778436056515	102.67179953679481	0.003612142187576169	0.014091909879565902	0.006773300474643144	37.95436794357671	0.10863386441465205
PWY-7046	0.0	154.71807586963976	0.0	0.3904594180523836	0.0	0.0	0.0	0.13935639946446884	0.0
PWY-7090	2374.399986591435	1594.374611802322	1017.5621813935185	3966.3314924656784	815.3883180226378	301.87915282365555	1213.7931976545735	745.5337435070375	516.6543046256369
PWY-7094	2480.7465440956653	1925.8029921759348	711.7589999711291	5660.25532432277	476.18264446485836	265.2230387362335	925.3960103426293	9196.228451623876	428.21650131593714
PWY-7097	0.0	2.3359125537051386	0.0	0.11475963952407378	0.006707591080320834	0.0	0.0	0.0	0.0
PWY-7098	0.0	2.6237693828985327	0.0	0.1291039911995546	0.007545911982296927	0.0	0.0	0.0	0.0
PWY-7106	0.0	0.0	0.00012718069098547745	0.0	0.0	0.0	0.0	0.0	0.0
PWY-7111	158637.38170693823	275939.9980567776	98771.16003495733	203773.4733439967	100245.28791185672	33180.67852917247	127712.94905630677	95310.43067661063	69608.32834917786
PWY-7159	14.220041931617773	301.0403061302436	4.539656398717806	14.181706116772473	1.4697471083074996	15.422914401681075	7.899620460579537	86.57714228129272	63.06586144357143
PWY-7184	42531.051198054076	121706.78663363322	38273.19436428555	84711.09524541935	36685.19253149642	18911.866318405322	40607.18376487061	33552.46253775107	24889.97179603154
PWY-7185	0.0019594490103043375	0.0018993360077600755	0.0014186934661240375	0.0028410528389199224	0.00021466914693191175	0.007012553547542409	0.00210539283724684	0.03746753863153889	0.029766984078998346
PWY-7187	52838.28881876944	123593.46737628542	42822.019445288526	96191.27016434056	41048.387656356936	19553.678847234904	43520.41393837242	43522.63538474516	26324.617341644553
PWY-7196	66137.95578205562	237572.92103106115	71311.78524139443	134842.85656771687	72209.84597372563	28888.2168521593	102142.12024734619	47249.61782541336	56373.48896143416
PWY-7197	35489.174713515305	194531.8533240631	43766.55809268072	79053.17756976176	44204.48349824747	19806.067135768022	70984.66282166017	29943.482836158997	38212.78167197342
PWY-7198	22124.816074632396	10292.659956793435	2249.930868582608	6014.957572223168	1709.1861547151113	1213.531569436979	7860.743387451458	9727.66340645077	1235.6599065763073
PWY-7199	108149.22426758645	173439.1746118761	78879.74643251346	175653.1728963243	80874.26951919215	26624.125649185415	99950.2074962729	63477.39050268899	55723.90469132513
PWY-7200	49191.25144408147	128624.12785740828	43454.44530607202	94329.29294478483	42359.7040777564	19632.720836377695	48607.98685474089	37995.95369732742	29194.360039736133
PWY-7208	140185.95609337336	246452.56388439896	107969.56994706759	224315.74507007675	109499.07122467273	37583.30262544198	120306.26701838999	89164.57197283606	70026.83287833068
PWY-7210	23770.39836979483	14081.518865153017	3104.458429183823	8233.412759804261	2374.909923531782	1675.586080045646	10102.88426147094	11919.303426502838	1716.3931155862492
PWY-7211	46928.90399920381	151941.70734697083	44121.0164571699	88874.60922977232	42647.40673740293	20915.041900434622	56945.73737811195	21950.279544365	33735.17426642957
PWY-7219	145840.01972889758	268619.9456397365	110710.0522785885	227586.780013928	111906.3675766656	39203.61326108752	136160.60042784188	90706.13076696183	77311.70297752117
PWY-722	15.565813592190468	57.05011048903259	14.416503488481789	14.532372839632908	24.032477387879783	0.35005299619683605	39.76902841314478	36.113245292886255	10.234857191149255
PWY-7220	142121.2225613297	285351.12624163274	109649.15343049806	221594.3617049463	110775.29539517072	36655.14589249967	140839.6929034204	86741.47483308167	73478.10758941264
PWY-7221	133247.75954046103	267192.7384801641	102762.09571099676	209399.7618236443	104285.4554412038	38969.342901196986	127189.07281081047	84109.90936375478	73025.58578004653
PWY-7222	142121.2225613297	285351.12624163274	109649.15343049806	221594.3617049463	110775.29539517072	36655.14589249967	140839.6929034204	86741.47483308167	73478.10758941264
PWY-7228	59307.226978290375	251354.4611526001	66267.88679853482	124443.07886343241	67081.7506803493	28827.142312910604	101393.75960543824	42986.30407529548	55962.117819779734
PWY-7229	147044.41268984796	278868.90905095846	111158.57985315587	228922.08023072526	112423.55618366513	39373.68847457876	139855.1984291517	89939.61932892427	78181.76425386076
PWY-7234	27066.950933508866	92084.05632496753	7968.8443054869995	74723.12227564296	9186.515887443036	22433.63204288303	20064.44591394089	38152.04058144184	21742.365190781908
PWY-7237	40357.30792770311	51465.43721606849	17799.508897194817	50401.557341273634	18345.142116622257	2110.571312436881	14877.522628709194	14195.747404389294	3144.7050613849856
PWY-7242	114293.21349801499	183056.69028747728	58176.005080690295	119483.76086855282	60025.531609235244	18833.851187871576	81109.17061482322	40766.57535737706	40670.29108113504
PWY-7254	11157.801563394129	13481.285998887435	2685.66539147294	8602.800244437358	1748.6078647795123	1198.1859274659446	1545.1249837376652	15485.939132790318	1133.8160781488084
PWY-7255	0.0	0.0	0.5562271903627294	0.0	0.0	0.0	0.0	0.0	0.0
PWY-7287	0.0	0.0	2.508843468317466e-08	0.0	0.0	0.0	0.0	0.0	0.0
PWY-7295	18.32195082598377	71.51287635071043	35.57728269276694	21.4597834816053	0.0	0.0	11.828872229013474	47.646982004491264	9.538136105308348
PWY-7315	37617.59232922871	10117.39963307144	29947.093019554348	13353.376303911302	29099.00670380823	3905.5580222140543	26712.307565176125	19971.782154356115	9166.131313002754
PWY-7316	0.0	0.0	0.0001335553710571376	0.0	0.0	0.0	0.0	0.0	0.0
PWY-7323	103263.79012964862	204284.2247193253	99375.6542636421	198025.69771187447	102005.16324848475	26423.08790388779	105841.47873991731	50213.77632456738	59255.266879502975
PWY-7328	24271.511755240816	93381.23088082125	20630.579215499438	51741.03667389344	19047.22206451806	14485.487098223679	14504.526014704936	27286.15992908491	15290.276720298907
PWY-7332	15443.264005663024	63259.32209271601	10946.217052614302	22976.990819014718	10472.601480021438	2415.997086750995	19478.060430889727	11783.275265619259	4222.158694903466
PWY-7347	24.452590152342115	38.39228498381821	1.2126437271393533	3411.556794543683	0.5026684245950461	1.7080358268569038	0.7321211499930131	22.608773028630402	11.920066929338592
PWY-7352	0.0	0.0	3.5837960466055865e-07	0.0	0.0	0.0	0.0	0.0	0.0
PWY-7354	0.0	0.0	0.0010967019814553378	0.0	0.0	0.0	0.0	0.0	0.0
PWY-7371	346.4990908424751	458.6974017930182	20.362706309562114	2910.2580867005004	16.23067325554286	158.50644274414663	144.90887614585418	281.32000560034726	237.82817296992616
PWY-7373	5.048678376839575	31.799015675614136	1.2650982578181915	291.746338131085	0.0220525261233053	2.0127934573564277	1.6970284950646475	112.50025481436488	4.006360315432311
PWY-7374	186.2757793242311	129.08061330083981	13.997405671690048	201.56535068202876	12.482984657293738	2.1726566822607456	76.21141487932839	80.46172312081096	37.07808991129295
PWY-7376	63.29803975731108	2072.248544292793	17.434804440830256	275.45873656711063	0.0	0.0	128.7802132896984	5018.942252112613	55.93951524234455
PWY-7377	3684.7851371488073	14238.203758723594	1381.1562568918391	7374.527376119029	1527.3173196731714	285.54934009265736	1467.2693895279647	8628.351542716278	1111.1660989644138
PWY-7391	1.4365039500290668	2.293686740685363	0.34210084215942277	1.4458499851457343	0.09325845124320806	0.8961623770579177	0.71671690057595	10.329401876148307	4.665414186057367
PWY-7392	13696.665591368708	67620.2075992907	10512.001884215562	45283.91441526132	11938.07319079371	18959.776445933985	17060.50330489362	40720.416630048814	21602.369890633097
PWY-7400	82608.20776713615	96925.39401657638	56377.85670454501	72514.50930100784	53870.523036979925	12291.913986848664	42190.47341569255	50390.24082807814	18580.270923037075
PWY-7413	0.0	0.0	0.06469799628884253	0.0	0.0	0.0	0.0	0.0	0.0
PWY-7415	0.0	0.0	2.1274999989971614e-13	0.0	0.0	0.0	0.0	0.0	0.0
PWY-7431	5895.702942384109	466.8347653308825	313.32481644266255	9281.546241073822	197.60475192882495	176.8115009242134	65.60510231270973	1156.3365438322094	189.64831956866965
PWY-7446	168.38411530538167	125.36876607552554	352.66764672109434	34.861142915969104	420.46441917745796	27.451003329934984	37.29851950838141	148.21659840821664	50.11792570323602
PWY-7456	79961.17596887413	180918.0233115065	71256.57442817099	143123.68850383145	73988.71890147623	22066.514990002906	88416.95091192632	32912.52126803147	50452.95355747113
PWY-7527	89.26851647434592	245.74375625997664	28.203487633827482	594.3793685947347	14.332953207153805	19.451239733341392	2.917431035139233	121.87396181555808	57.96149805112701
PWY-7539	104035.56416997651	207236.45573119842	96245.21143692768	197594.29765645956	99575.13302562892	24402.07596232746	106364.9716492485	49962.558186562004	58374.157795650484
PWY-7560	129282.64672037424	212757.87761206034	101318.47150802326	199270.08411310086	102351.87603059437	27106.984290442382	112737.96957910588	69396.92793669281	60378.067896563625
PWY-7616	2.340807609958923e-07	134.7779255947686	1.5498720440492189	24.380489897011884	1.216719228455641e-07	2.7138329013388564e-07	1.2167192532206302e-07	87.37707485209197	17.342916640573552
PWY-7644	10.203568930528016	0.44888871802624913	1.2312236379995867	2.099516221192931	0.49528352206162096	0.08939005512572054	0.0277589493368667	1.5190241716137123	6.407906803171528
PWY-7663	165425.38104027745	284684.83822224283	129500.94940322418	261478.87560331795	131423.75177509512	47144.19008958954	150919.3417292627	95035.9907312001	89163.89444566458
PWY-7664	100098.1534328435	61695.59001589665	99222.98058974276	172818.08047273644	102487.43322682998	27601.616209529453	89436.31769966995	51730.53710505293	57879.07853568219
PWY-841	80923.84472795262	252918.8746006816	82154.80706159552	157993.49884377164	83218.63044102919	32138.697362864532	112466.12038195811	55034.21642866848	62775.561834335465
PWY-922	2300.54519326121	15663.221003315184	1401.30586988931	10054.692362705606	1618.69357351113	5839.361891165432	3499.507805837602	14160.380139179608	5002.652302088219
PWY0-1061	28571.80564869618	4158.321401708733	32846.279512617664	6774.227673412253	30062.40762155385	3511.855438772988	6615.885047922036	14941.787107940641	7297.081655102806
PWY0-1241	25863.737502170054	5035.989751242092	24832.27906772873	26899.67740310969	24596.255596140858	105.09614847777031	4408.641583168639	1421.2693080707884	323.74623427694945
PWY0-1261	65945.15588138458	98083.58022687092	24799.187881796723	89204.71881787013	23167.73719831692	2449.1658321875198	26677.23460212053	12373.776875212166	5410.627538977527
PWY0-1277	596.1381978092977	463.24841012701233	883.6904662487025	145.29810773138658	968.2303316275813	92.72288033266109	164.85126053136108	876.900614532534	155.14404609645007
PWY0-1296	48070.78381500273	56135.517961281395	9875.847119691318	41393.34920288032	9010.280080922263	9992.441807458294	24276.35222539894	42189.47741879157	10967.18613473903
PWY0-1297	46968.82093387954	64243.39311766341	8953.726332282027	38687.16068282259	8656.235397435716	10295.762192656592	21248.723532134834	38508.69972645712	11012.219515081943
PWY0-1298	48063.16478767353	46162.32285028071	7036.287120423123	35137.22067486275	6397.779791560928	10869.931645456823	17719.487351301745	38553.92090442493	11443.380507300179
PWY0-1319	125257.24341078554	229860.80348084855	96445.98650251963	199761.8807560597	97687.3625480806	31652.861477551953	111146.71595796467	82652.009853971	61224.70599540795
PWY0-1338	423.36651236956124	194.33104071618027	536.7931020006841	117.37668878721733	595.8392919815542	60.860950274487514	165.1114205661088	334.5539679544561	138.70427657580694
PWY0-1415	4741.550235683275	51345.38447951092	3383.4022867293243	18154.716776888446	3899.6962020844603	2002.0706399788908	5044.360358486987	3865.8588362403775	2827.8993910254494
PWY0-1479	1265.9283518976424	29449.878161026216	4236.255964462887	14517.667157740656	4725.017727658292	283.3503861904035	3180.255680926709	1364.521410159121	867.0748196144809
PWY0-1533	839.1793841332707	3673.4496068669796	1301.4636611013486	14077.661993209169	1419.5814128741918	450.6205779545958	393.2136242709258	1691.0336249948787	612.1602489319606
PWY0-1586	101890.57016081346	190674.91024069625	62585.42406224772	150222.76017353733	65018.8258908119	24614.93781897825	96690.31772420196	57215.23222341094	56593.411190654326
PWY0-162	76007.11373288369	232273.90826423254	77937.55988538227	147792.10326661987	78776.70554284264	29395.974658609288	104158.38653498502	53414.24241468299	57309.094482035965
PWY0-166	52260.999006030375	125568.83098478663	43121.90410068297	97443.45498885371	41325.4824702021	20070.49965062272	43936.97270483852	42944.55626789959	26805.416671205687
PWY0-321	263.2772760949119	335.58013694387887	553.2273307270717	89.90721088973845	635.7482151192346	49.741125154762486	72.23293592611329	557.3495245088136	124.95562598594913
PWY0-41	1764.440223398809	1489.1427518846267	671.0763421405035	581.3483048254781	698.0842759015193	90.63397367673376	280.8731079229691	1407.8101420670384	423.2729835148083
PWY0-42	207.85237388685937	298.14638698408777	409.7786454130588	1627.2956217884387	461.83354891879117	35.97772103712648	94.67647198537792	219.69304208685932	93.81436896273077
PWY0-781	42641.602607430774	74709.09149784897	10811.396189586827	67690.09553030517	11069.047148116651	4068.50773821143	19145.374693436137	25674.505419432564	6127.291746771789
PWY0-845	52137.78650614259	153580.55389340682	43001.65539933909	66965.89632741401	43906.135629466924	15771.20296729735	67592.26475483316	13409.089539831972	35222.13024394477
PWY0-862	92623.22705467949	54040.9475514848	94681.07190307415	161684.35343568068	98042.04094049915	25468.297681951157	81985.30417865147	47564.996345148866	53660.39225182452
PWY1G-0	0.0	256.0533917113078	0.7077974961128354	42.66395659499827	0.0	0.0	0.0	932.3442154754881	16.03691049294968
PWY490-3	20733.892160869662	9733.622353500828	2124.3468493441264	7809.649249296761	1648.6157347260998	1393.944366830476	9421.134264573835	21951.021815120028	2474.417848290533
PWY4FS-7	104219.77323728385	108769.29078845587	56129.74326817645	119961.91014023357	54521.521156343486	20255.11795265579	50925.90464240613	66430.98578287051	25969.21667735098
PWY4FS-8	104219.77323728384	108769.29078845587	56129.74326817645	119961.91014023355	54521.521156343486	20255.11795265579	50925.90464240613	66430.98578287051	25969.21667735098
PWYG-321	101222.48352723151	63576.299396618015	98737.4298176009	171779.94569207256	101828.91799600833	27937.07996978621	90693.84909350012	51948.60277624892	58400.27647078126
PYRIDNUCSAL-PWY	110236.23766853387	187711.84557316863	85637.40161225943	164965.09894140792	87303.29155696394	24230.783842512683	99663.4837911599	55405.93072418668	53264.22890915673
PYRIDNUCSYN-PWY	97744.9816797136	190623.22630808761	88997.23057449433	175822.16884970685	90163.79515515557	23400.400037659027	94253.6098153493	50625.37873799502	52929.10004351924
PYRIDOXSYN-PWY	46821.53351566526	144818.22304608297	44176.55719727367	66706.95948345341	44657.37587643037	13599.650307340096	64391.41188237976	10816.397719736282	34404.9468754726
REDCITCYC	21062.61640009286	5852.5968004875385	4081.254348284802	17633.168553940384	2849.7325467063883	3628.4869045407645	6583.519071118632	22939.71090097485	5168.134458452123
RHAMCAT-PWY	60321.45923322877	123471.55928141219	47544.11039761314	92450.35653056994	49628.399773275	10390.088652095405	43923.717104574374	18289.80438235299	19490.45000717075
RIBOSYN2-PWY	110765.73943467539	226916.6197894351	94618.04653417906	189501.7161546656	96098.27076376455	28060.30029832625	111644.0101367811	57173.84462853595	62026.304164583256
RUMP-PWY	20546.786186209887	11002.734678405499	4538.508259771375	5822.314790492657	3107.5739635650216	3048.6567013472977	16787.27175456698	27522.784616122997	4736.388275946223
SALVADEHYPOX-PWY	82220.60812196757	42676.83049970229	8627.433862084785	30520.26681976313	7783.0875796631735	3153.15933418546	7932.993347166322	28636.780032685223	3143.6488516634226
SER-GLYSYN-PWY	134549.24924449984	221425.49024889743	94992.05493836498	191460.08751864533	96333.28988353486	30408.11279821287	117332.06910821049	81054.01378519273	63802.23559863409
SO4ASSIM-PWY	20854.02742680948	12280.335535390212	29071.073147316376	18647.57733872595	27746.57719882263	1113.6609373608946	3526.3084705807955	7258.14974494085	1562.4046410468095
SUCSYN-PWY	81.26108471382832	125.82198152621162	4.0418754311809995	8485.682558801738	1.6755126297864873	5.6208392670962395	2.431609299563485	73.11050613673811	38.03444378839035
SULFATE-CYS-PWY	39921.038428837535	26049.354759457314	48615.58229237706	37850.69037690655	47173.93358361314	2406.062809651011	7680.664383153831	14726.661080025697	3422.534160594869
TCA	83792.93237619443	222812.00138628672	72257.5289434375	109489.0990621389	72380.66020912943	22269.715826694322	104742.47881279021	33988.099492432906	51580.99623535952
TCA-GLYOX-BYPASS	568.1049030463139	674.1233685994414	1269.7407606492552	249.5941430461687	1473.0202458557678	156.36161668744447	397.5494094209279	941.874172033733	551.6308640497078
TEICHOICACID-PWY	22073.719379893915	47652.35722619381	7123.106538162199	26460.46067371187	6446.390718278429	6363.1838022464635	17725.1388522877	19806.625038092814	7169.136209849155
THISYN-PWY	104472.80873227649	217057.5406526316	100807.78899583545	186160.00490121555	103073.09880907413	26038.019206748733	107201.63666750204	46917.06873220502	62115.21336744721
THREOCAT-PWY	500.90259256390266	532.940807691143	684.0624989111135	164.10767003538734	911.9961314050591	69.62915117450748	144.8356744432979	592.8728236473028	196.13165306511112
THRESYN-PWY	138372.37888687555	252711.7895922231	99048.52166103062	214152.88520175248	101697.34045273847	34293.26133702874	124945.78347728247	81916.68534795825	69591.59543837966
TRNA-CHARGING-PWY	128353.0838780334	226665.06517625367	98932.63491217155	202352.7494551867	100189.94448060381	33014.44816174333	113725.64444077655	79897.89561767879	64401.31727220515
TRPSYN-PWY	88642.92178407715	178128.74868828294	67294.15277038679	108602.28019366988	67764.71038189232	18406.565931307785	87614.29478032271	37556.91123479353	43232.446712737066
TYRFUMCAT-PWY	52.993669309154846	246.794222569567	26.378564792735396	3463.0902590097635	11.666457928857268	1.1687262885172174	69.71524696456899	201.90135325491468	36.28517659358702
UBISYN-PWY	8728.673134565686	1299.791239658633	1346.64363354778	11376.657824094595	1416.1950946938966	219.71641434433883	516.0095431188057	2280.037313482694	425.00045553320894
UDPNAGSYN-PWY	46092.6799806168	68709.83700108515	11898.87282363293	54507.20179424284	10673.825932856855	14997.99028497441	28902.533282811914	49395.776259158134	17350.62431658182
VALDEG-PWY	0.2869372349841996	9.453760666812562	0.027019682583011292	12.790722234145283	0.018723302942729315	0.008810850583997124	0.029140341202931064	1.5498809557310989	0.08425052760363562
VALSYN-PWY	145819.67532863334	248339.8150477291	103589.30326132922	202226.71671897286	105045.8213815755	30295.354058634533	125556.28111991388	83985.90508001701	66492.13511518452
