Unnamed: 0	description	S210421121673	S210421121674	S210421121675	S210421121676	S210421121677	S210421121678	S210421121679	S210421121680	S210421121681
1CMET2-PWY	N10-formyl-tetrahydrofolate biosynthesis	118450.68659969204	221303.3235353944	95363.7447792522	195172.77440277036	96658.70592440788	29067.25729137456	110981.41373718326	71248.23866171647	60362.56791640296
3-HYDROXYPHENYLACETATE-DEGRADATION-PWY	4-hydroxyphenylacetate degradation	35.973915646448226	140.97650505108967	29.105148234171477	85.80020180071178	7.559642532927766	1.325807250335252	60.50656697611728	90.65465302641356	25.120242342619523
AEROBACTINSYN-PWY	aerobactin biosynthesis	114.5559647003939	81.2260566796544	280.5720619683908	22.42649317265455	333.77328494989337	20.807106846345995	28.843513237783046	101.74231149306266	38.67345685146419
ALL-CHORISMATE-PWY	superpathway of chorismate metabolism	2636.8089980083296	1303.973547028566	3129.8021479840754	543.368820655057	3439.3141942786883	305.0667836906646	418.59749863685687	1607.1729367245416	610.5810047589948
ANAEROFRUCAT-PWY	homolactic fermentation	104088.45863584922	187706.2637639214	42971.82453232661	134015.4019132032	41780.07721418529	30713.51709938464	59983.09791713111	78319.97590345642	43556.0350584892
ANAGLYCOLYSIS-PWY	glycolysis III (from glucose)	159511.42499410946	279462.90870567504	119377.25570508752	234693.1186149554	120589.10309077344	37428.08093031831	136763.4308514646	92412.25499377088	73647.62006008059
ARG+POLYAMINE-SYN	superpathway of arginine and polyamine biosynthesis	17242.974496892068	17627.608842858477	4967.411063288517	33483.735841596965	4088.983693820565	3372.0942578599484	6605.794187049428	18954.16357265667	5342.197125793369
ARGDEG-PWY	superpathway of L-arginine, putrescine, and 4-aminobutanoate degradation	96.27724347087629	74.1893148097161	263.31747562266844	20.27124722877999	286.46704993233976	19.84855250660548	22.983721556521225	107.1264679392519	42.52535291805656
ARGORNPROST-PWY	arginine, ornithine and proline interconversion	15468.20333856306	7561.902362633654	1777.37764862115	4425.942709557643	1806.8222502278545	2718.9229904797926	2971.0558206319897	10787.609313755402	2642.2222957622275
ARGSYN-PWY	L-arginine biosynthesis I (via L-ornithine)	82214.72459507783	95978.58596666706	56111.07893985354	71784.10749622474	53573.804714459024	12182.018904331691	41736.39137749376	50062.89819639667	18350.66979050181
ARGSYNBSUB-PWY	L-arginine biosynthesis II (acetyl cycle)	74286.57411300369	66978.37797562747	41078.18901027896	56033.56080784921	37756.384149998165	9075.262124803265	32191.241932824945	47117.00675530593	13617.439824755396
ARO-PWY	chorismate biosynthesis I	111073.50677714072	148753.2933541542	66392.51568287896	131530.5082964513	63070.58555793637	16345.595116897104	67510.28260163104	64537.89660204632	30793.522120020643
ASPASN-PWY	superpathway of L-aspartate and L-asparagine biosynthesis	131663.61947707454	316615.01595346275	103791.14456651048	208553.9979127685	108296.95148389669	33652.208528357725	138097.51086245905	70498.49188138095	71373.57417004397
AST-PWY	L-arginine degradation II (AST pathway)	172.36225718136023	179.90986389363408	394.5091019916551	145.954618758343	447.9543881942817	27.81240624007682	62.78649179789531	178.7440880840798	64.90266637093973
BIOTIN-BIOSYNTHESIS-PWY	biotin biosynthesis I	89698.67939872849	95035.11729041058	83530.40256398107	150502.72553288535	86361.32313763701	23568.019957087552	90746.73094352004	45807.646335540565	54172.995137054335
BRANCHED-CHAIN-AA-SYN-PWY	superpathway of branched amino acid biosynthesis	136728.57954220683	234228.9944448531	99714.25194103604	192486.62554028284	100875.89085865888	28829.64651777085	118525.81557167554	76578.88310679891	63521.37453921318
CALVIN-PWY	Calvin-Benson-Bassham cycle	153034.03067530115	229345.0904825382	107067.9173141854	217351.7429345445	108363.05912546668	31754.388172748342	124640.74285340852	90547.79275067108	64459.92038895587
CATECHOL-ORTHO-CLEAVAGE-PWY	catechol degradation to &beta;-ketoadipate	33.571354232912874	130.46414768172298	24.36044300149545	33.3026258051474	9.880315804464542	0.5724784925441327	57.76390883487478	93.07863375063832	50.74994395680989
CENTBENZCOA-PWY	benzoyl-CoA degradation II (anaerobic)	1.993868657035213	88.40871762631596	0.3779515025421332	2.4107891112835307	0.2560346461483093	0.1624041501951482	0.7081522129196729	2.6570018646253435	1.6530056048881847
CENTFERM-PWY	pyruvate fermentation to butanoate	7904.67093919906	3308.95795489415	3457.3543290611688	14062.144959395982	3184.512293078993	1456.4845890484742	1585.3777536307243	12760.92252281501	1847.8048215377464
CHLOROPHYLL-SYN	chlorophyllide a biosynthesis I (aerobic, light-dependent)	8.695493614086292	158.35388745759576	4.383539574228034	7.787652315148281	1.6117044524865067	11.905066273697129	8.915053464277758	71.89266539770473	47.97461227246716
COA-PWY	coenzyme A biosynthesis I	120694.25904236476	227372.3897057177	104081.516414663	193296.6997013634	105612.75093232191	31798.535468282946	110082.57651345484	75783.56778096239	61226.15527108319
COBALSYN-PWY	adenosylcobalamin salvage from cobinamide I	66907.72018014599	141980.57637955688	60316.69487271368	91002.13014723254	60074.89528687827	15067.19725859089	64915.20316776939	29498.27127049048	34119.6558612037
CODH-PWY	reductive acetyl coenzyme A pathway	1032.2323754598524	27781.9988995968	2356.543068471863	6661.8199711289735	2704.7372013949066	155.98282192898927	1939.964635223604	682.5613517111103	624.3749907330722
COLANSYN-PWY	colanic acid building blocks biosynthesis	44806.325974198735	137753.96151392558	51173.649451051846	99534.38868938287	49433.28265220673	20725.15291969068	26281.375867409435	48017.98988691485	25617.886541414955
COMPLETE-ARO-PWY	superpathway of aromatic amino acid biosynthesis	115879.93119591924	160088.20382778515	70831.87473978291	137743.92838419258	67527.39222673354	17423.7451233679	72777.84969279471	66842.07314382444	33289.538003548114
CRNFORCAT-PWY	creatinine degradation I	1.3929425307968133	64.2698658730058	1.6422615259078557	8033.135705007047	0.7240468587717471	1.614102181833587	10.069236938826815	57.21717696053474	21.667705390931506
DAPLYSINESYN-PWY	L-lysine biosynthesis I	83384.16015914505	88766.54167253438	20104.118352051733	72699.59566023019	17773.394161247274	9713.90326761199	25125.93477735401	55686.868263612414	16016.691047492292
DENITRIFICATION-PWY	nitrate reduction I (denitrification)	16.97179263377704	60.79935753478079	1.955842785800136	7077.368374930775	17.234092226866238	3.4525641913288942	35.7941786721916	130.4497272801407	47.07668683791321
DENOVOPURINE2-PWY	superpathway of purine nucleotides de novo biosynthesis II	82692.2770517072	250470.80992055085	82005.67174244908	157553.39561086587	83027.36846063653	31596.952138589968	111811.84795539512	56099.61940385177	61710.75174483043
DHGLUCONATE-PYR-CAT-PWY	glucose degradation (oxidative)	15.243093289128751	37.0730588570731	3.363370978781888	0.0032127907513965	0.0002070807937128	0.0004617905433319	32.63976977011504	9.504280423882038	11.6060150908873
DTDPRHAMSYN-PWY	dTDP-L-rhamnose biosynthesis I	152304.92012167926	432486.4960039384	102743.8574937344	227506.48595002884	104035.84902282852	48443.09075863202	219693.37829804517	70854.3930283729	116846.25069270904
ECASYN-PWY	enterobacterial common antigen biosynthesis	359.8349052590207	245.11992048594047	828.3320782817124	75.0249520509991	966.7448714126242	62.905387794640895	76.59292715756025	303.9653484537678	116.97307175050842
ENTBACSYN-PWY	enterobactin biosynthesis	2175.776370661511	911.4035442400668	1951.739451942632	324.4252450163307	2148.399269578044	200.67235918444248	270.12332420282905	1019.7732040532994	393.06596510154463
FAO-PWY	fatty acid &beta;-oxidation I	4920.467134777277	1862.780016258852	2071.9018629152515	6005.848712525511	1865.476242569964	892.4963757033562	837.1977864701031	9729.994071547995	1021.4611420370924
FASYN-ELONG-PWY	fatty acid elongation -- saturated	132034.6043870501	284694.16594148887	114975.94264043744	237754.37350668045	116907.46379807733	44747.1074252451	150949.86035206655	74664.2818570538	89173.25248539135
FASYN-INITIAL-PWY	superpathway of fatty acid biosynthesis initiation (E. coli)	79925.67657060453	46628.27280617589	58091.09741295314	132239.7456792224	58429.835505946845	22444.91429293537	72623.21127098674	42214.26058016366	47505.560866060885
FERMENTATION-PWY	mixed acid fermentation	80697.75322587501	91018.98681783248	13566.125195435228	59715.45228075176	12916.521613931953	21404.23350146021	17013.570005565998	52776.14885414981	25711.528544587152
FOLSYN-PWY	superpathway of tetrahydrofolate biosynthesis and salvage	101902.59953944384	212118.26462458723	93519.76152136996	177121.7666162565	95091.50906362932	26307.01926001064	104219.49736045276	48675.03694839178	57031.421908229015
FUC-RHAMCAT-PWY	superpathway of fucose and rhamnose degradation	36731.7091194464	13312.171245061189	25459.78632470795	13714.37852143549	24173.11578006172	1702.5734906704756	9679.99460477549	12484.62743551137	2723.637604373204
FUCCAT-PWY	fucose degradation	30862.392928955927	6276.645976704652	17506.473943399636	6691.5575411591535	15825.957602187103	864.9747526239315	4864.505318512911	9765.466408215272	1304.6880300603225
GALACT-GLUCUROCAT-PWY	superpathway of hexuronide and hexuronate degradation	81596.3749080248	125297.37355679485	49770.79680338949	99601.84403615572	52227.680820545895	8756.200122980435	45261.21913622196	22145.72398967628	17360.455289574973
GALACTARDEG-PWY	D-galactarate degradation I	8326.345854799623	1176.6588917431254	1336.0156612611397	3104.9094219246595	1276.4614225441633	298.05857948246955	915.7817207588248	5422.203598849874	370.252986622192
GALACTUROCAT-PWY	D-galacturonate degradation I	88956.47652171581	153471.32544114653	53006.39273263987	104180.97621781798	55109.02516245286	11446.351407363569	54672.47623316912	31084.4672511175	23432.6150420615
GALLATE-DEGRADATION-I-PWY	gallate degradation II	0.0107691659006046	2.6226999491485103	8.983733892635625	3.7798250317777575	4.872586265516913	0.0384243187492759	0.0115692741411942	0.2210782299402657	0.1626824118165622
GALLATE-DEGRADATION-II-PWY	gallate degradation I	17.85685876853653	60.41227422817296	25.24803715528917	16.75585503320739	4.872586265516913	0.0384243187492759	10.287654878287352	44.18504900588934	7.423098514110801
GLCMANNANAUT-PWY	superpathway of N-acetylglucosamine, N-acetylmannosamine and N-acetylneuraminate degradation	45391.50151444666	63285.24332257945	8103.515732896955	42006.82428184465	8059.988953591052	15295.539927169071	26750.96349656893	45768.537215066666	15228.860039281592
GLUCARDEG-PWY	D-glucarate degradation I	5024.485358136308	1176.6588917431254	1202.2213879719698	6107.082820688778	1122.9568272560257	305.97488268939406	765.7686759154437	4898.807967435535	371.3256711730312
GLUCARGALACTSUPER-PWY	superpathway of D-glucarate and D-galactarate degradation	8326.345854799623	1176.6588917431254	1336.0156612611397	3104.9094219246595	1276.4614225441633	298.05857948246955	915.7817207588248	5422.203598849874	370.252986622192
GLUCONEO-PWY	gluconeogenesis I	138909.44243111406	271267.90394158254	113293.233125552	229954.82482066308	115095.08634486268	37115.84463988054	137298.84092098105	81789.70265086106	77210.48603092035
GLUCOSE1PMETAB-PWY	glucose and glucose-1-phosphate degradation	5383.471519691411	1150.8620212864205	21669.86041754172	32855.19903291122	19919.718903440287	1370.2465569474648	1458.5158340983446	936.754880647357	2064.9662592141594
GLUCUROCAT-PWY	superpathway of &beta;-D-glucuronide and D-glucuronate degradation	91763.30899386646	130271.50014576016	50457.76161733798	109400.570179914	53009.27836680634	8951.134275583277	46907.5653783342	22214.24343521731	17331.878705752653
GLUTORN-PWY	L-ornithine biosynthesis	90684.81006554524	186569.35168324053	70514.29590251025	144932.89810178973	72848.42351445403	20514.49219692921	90251.66606686136	42339.59982144506	48617.554064753975
GLYCOCAT-PWY	glycogen degradation I (bacterial)	141635.90153460458	213183.77255512017	104734.1733032599	202117.14606164716	105271.12598878233	30527.495536719707	114743.99733357818	80831.02863172325	63309.4893997339
GLYCOGENSYNTH-PWY	glycogen biosynthesis I (from ADP-D-Glucose)	102441.10466327931	91988.81159558648	25337.17777495083	96743.7904161082	23444.68053247493	24524.57085056546	58257.7495256693	79353.53569904987	32413.403164577663
GLYCOL-GLYOXDEG-PWY	superpathway of glycol metabolism and degradation	574.2566968790125	1000.7110100204934	1330.654359570054	8153.408050704819	1539.0297146255984	126.24874695821131	235.5146502030209	1559.6910309264715	274.5601765519127
GLYCOLYSIS	glycolysis I (from glucose 6-phosphate)	142575.96767071195	264062.6305390023	108057.01243905917	214157.4763053493	109557.53694500202	36008.17706820276	133935.340585344	87232.13942410378	72686.93754112558
GLYCOLYSIS-E-D	superpathway of glycolysis and Entner-Doudoroff	50905.05674868143	93111.64952766753	12815.358154901907	51805.97143643336	13302.070291553344	4558.688392536773	27706.62292202407	30548.883514884103	7549.128302468262
GLYCOLYSIS-TCA-GLYOX-BYPASS	superpathway of glycolysis, pyruvate dehydrogenase, TCA, and glyoxylate bypass	1126.70396141861	1340.6914763313985	2368.9446387120884	497.42802858934346	2726.137134608705	305.01434429106524	786.6575804934838	1841.473508945873	1047.0362657643184
GLYOXYLATE-BYPASS	glyoxylate cycle	614.1279057735883	1008.2738420980918	1395.527823437598	10746.40951315747	1618.8646415605886	136.0783080551919	237.63089178950443	2287.5046551789	302.9749126407587
GOLPDLCAT-PWY	superpathway of glycerol degradation to 1,3-propanediol	2803.801740669071	2085.467853913438	360.6636456452657	3567.310682277102	419.5147367056584	1096.1452930153946	478.1347677740638	4344.179299882755	930.2687111859173
HCAMHPDEG-PWY	3-phenylpropanoate and 3-(3-hydroxyphenyl)propanoate degradation to 2-oxopent-4-enoate	154.00982442961396	157.32625647082645	371.2785859626838	38.24399476539717	447.9659848267449	27.35220752298662	47.72935632755612	245.98032870854	49.90418973675899
HEME-BIOSYNTHESIS-II	heme biosynthesis I (aerobic)	3569.071363492141	42923.284649599016	3892.098527251837	25387.629133097755	4591.348752261349	6783.9832983800525	4409.841626722715	9041.739987149038	6208.786544519173
HEMESYN2-PWY	heme biosynthesis II (anaerobic)	13450.211277187238	83374.93102722047	4018.498749277113	29130.10001680158	4761.703532335668	7654.462758754913	7038.079740556006	12965.66931914481	6474.428502035682
HEXITOLDEGSUPER-PWY	superpathway of hexitol degradation (bacteria)	21176.813073737143	30328.301162330543	7511.080502664377	12557.302738632648	6761.910165041339	4283.898903377606	13477.91853128525	26388.7626911457	5618.531413167162
HISDEG-PWY	L-histidine degradation I	47344.28977209941	148147.6061781889	37674.78050133596	84609.32602410649	38531.00399318012	11269.902760860465	58419.22802917381	17479.09907384207	27260.765323402436
HISTSYN-PWY	L-histidine biosynthesis	117214.70806645816	216143.2916875487	85255.0085947356	163657.86863400915	87040.93896286568	24839.80299985589	107799.10752064838	61545.96547090078	57594.52718897212
HOMOSER-METSYN-PWY	L-methionine biosynthesis I	54073.971562781335	55301.07189991726	47298.94313714317	87517.50020612433	47629.2269778714	13883.748033933163	35230.63378616161	38825.400072418684	28888.69174152353
HSERMETANA-PWY	L-methionine biosynthesis III	59314.79063192432	59305.14053001984	52788.406297559166	94694.45555074116	52913.78470866583	14907.131439476854	38015.30243636415	40916.82671394611	31832.068366755622
ILEUDEG-PWY	L-isoleucine degradation I	1.177859232088405	6.658179403337129	1.388682542055249	9.498121154841431	0.6122188927260817	1.3653845608079371	0.6122342028213414	17.615791660875168	12.048562918681816
ILEUSYN-PWY	L-isoleucine biosynthesis I (from threonine)	145819.67532863334	248339.8150477291	103589.30326132922	202226.7167189729	105045.8213815755	30295.354058634533	125556.28111991388	83985.90508001701	66492.13511518452
KDO-NAGLIPASYN-PWY	superpathway of (Kdo)2-lipid A biosynthesis	1146.4949737972074	792.276754887901	2693.4077437993265	248.3447885940054	3163.037410269412	202.77725116723457	245.65710740259527	966.7971768446248	379.5313206820016
KETOGLUCONMET-PWY	ketogluconate metabolism	479.9341349137823	322.26482314895514	569.1218126444332	99.98048815432708	660.297932909943	57.22784223225666	125.11000298744968	396.3080698325836	129.32245214853577
LACTOSECAT-PWY	lactose and galactose degradation I	4216.902598218263	12552.286943153687	1452.6793058132612	8832.250188749362	1302.0824425261872	4641.47986301747	3138.049958714465	11448.322240796842	3494.532711450996
LEU-DEG2-PWY	L-leucine degradation I	206.1271043152656	1218.53498529741	40.80490336726479	6479.429437557963	19.53032371724885	58.13862698630082	110.85101132448744	1778.9724136938737	70.8506061430084
LIPASYN-PWY	phospholipases	9.5e-15	117.32039857130805	1.125e-14	7.7e-14	5.000000000000001e-15	1.1e-14	5.000000000000001e-15	1.4275000000000002e-13	9.775e-14
LPSSYN-PWY	superpathway of lipopolysaccharide biosynthesis	576.1944629200117	467.5932024664157	1477.435552882726	172.2030620640521	1741.551338253559	105.39738285059984	172.41587100088202	278.37041911690386	211.71337007174716
MET-SAM-PWY	superpathway of S-adenosyl-L-methionine biosynthesis	70694.8856318592	77605.32970083876	61118.64949517401	114623.07970671116	61551.82557932789	18465.3060450182	48022.264454693846	49471.39381128876	37507.80264115859
METH-ACETATE-PWY	methanogenesis from acetate	3166.9822403147064	24091.740902729565	1035.391038270449	9066.833263090011	992.4171359707892	1137.777820651064	2952.4266111301886	8565.16457025722	1607.4612044292344
METHGLYUT-PWY	superpathway of methylglyoxal degradation	242.23849089327405	305.8348312871248	608.7053273486198	146.2243866217882	710.3759677081595	44.35542045339696	82.85659002662481	314.0117533934341	106.62935675504174
METHYLGALLATE-DEGRADATION-PWY	methylgallate degradation	0.0134614572655161	3.2783719632663475	11.22951683839417	4.724767922188861	6.090689042534576	0.0480303919014615	0.0144615925496106	0.2763476942707861	0.2033529630977063
NAD-BIOSYNTHESIS-II	NAD salvage pathway II	1891.908542440288	1295.5013444837234	1385.1835548885174	739.2355528207223	1364.7376988271258	179.5811222716691	579.8364280823985	1512.9828168545182	316.0545520937644
NADSYN-PWY	NAD biosynthesis II (from tryptophan)	34.72697821978447	8.763673445180594	25.173577327194536	13.38210051462218	0.9876017160690208	20.510876502523768	49.61319198078177	134.41426351539582	37.80674504053094
NAGLIPASYN-PWY	lipid IVA biosynthesis	86492.0571131646	204943.1747674824	97080.14167849028	184000.75757559412	99723.81132577788	22782.5264677242	97355.02468257686	35477.4939442368	54920.47661955271
NONMEVIPP-PWY	methylerythritol phosphate pathway I	129282.64672037424	212757.87761206037	101318.47150802326	199270.0841131009	102351.87603059436	27106.984290442382	112737.96957910588	69396.92793669281	60378.067896563625
NONOXIPENT-PWY	pentose phosphate pathway (non-oxidative branch)	191207.4916517432	244265.5656292129	129420.84824562789	256474.22340834	130795.12076130309	34179.37354214649	140013.0609282477	114428.49414522856	69049.6115021283
OANTIGEN-PWY	O-antigen building blocks biosynthesis (E. coli)	66191.82209610249	99298.21822419828	20571.051171924235	82831.47701992448	18733.588978856173	20699.977894932443	45753.297729613216	57067.881596668	26774.39644249312
ORNARGDEG-PWY	superpathway of L-arginine and L-ornithine degradation	96.27724347087629	74.1893148097161	263.31747562266844	20.27124722877999	286.46704993233976	19.84855250660548	22.983721556521225	107.1264679392519	42.52535291805656
ORNDEG-PWY	superpathway of ornithine degradation	264.9181312239311	294.0823295513763	601.0044664832589	106.05957460577989	715.5111082440263	51.07978592172161	68.9766364604962	603.825704562336	98.7150910907736
P101-PWY	ectoine biosynthesis	31.34619954861884	508.2016349949072	25.366577677522663	4317.216598483721	18.59098537451812	4.338845483900973	59.63702135461676	1437.8180662143905	16.631125283697113
P105-PWY	TCA cycle IV (2-oxoglutarate decarboxylase)	2210.603415712816	2785.1907706413635	3904.216598464976	829.4956990373984	4503.254807848013	511.45972422305374	1137.5130035708628	9072.862457510686	1387.8048790894104
P108-PWY	pyruvate fermentation to propanoate I	125092.32280625188	265353.7807277539	113261.03797219944	216475.47887019705	116193.79070703126	27054.847333942234	121504.57280434162	58928.480029325	63704.053995554685
P122-PWY	heterolactic fermentation	32107.91468477764	47275.37055263743	9442.928242834132	35967.576536969376	8448.854935698619	16930.864862441344	16855.4462490771	39385.03817264362	16193.93369238234
P124-PWY	Bifidobacterium shunt	39645.77983591354	54739.08579716808	11149.953383008744	43728.73859568848	9920.719784005758	20313.618970499683	22618.747426011625	51187.44986408007	18751.961178044065
P125-PWY	superpathway of (R,R)-butanediol biosynthesis	3935.108389865573	2357.1667531593557	366.21514814288815	4299.67785943788	260.294608801455	938.2117209418456	527.9039281328047	4781.763488227745	1054.4654812485803
P161-PWY	acetylene degradation	56037.32516360437	55105.015688059226	7230.071883765748	35241.64141542906	6859.871848804853	16148.81607003897	9049.096838569098	41087.69931961409	15708.44291822254
P162-PWY	L-glutamate degradation V (via hydroxyglutarate)	2176.7831189274434	2125.4855250036626	327.3798926709632	6749.685113848102	220.17080109033463	417.5173925601275	998.6063518659894	6446.48521684184	765.2173418654932
P163-PWY	L-lysine fermentation to acetate and butanoate	9771.305215883353	6597.956364784904	2065.8267917128182	6522.322402060069	1335.1158636295504	1002.108326796784	2914.2447308967444	10963.393053356947	896.9541797890618
P164-PWY	purine nucleobases degradation I (anaerobic)	45437.01830369404	51784.355296016	14160.452979897944	39315.88650984904	14798.508333981748	2812.2625885217512	10728.006773045505	26234.67748185632	5315.010445345812
P184-PWY	protocatechuate degradation I (meta-cleavage pathway)	0.0	2.626226957307452	0.0033081011070529	4.094338163266431	0.0088016711999213	0.0	0.0	0.0226823256167396	0.0
P221-PWY	octane oxidation	13516.346286122214	888.1360738211573	2053.0984050121083	8541.719079717643	1655.1924623414698	1335.476398601132	10947.947453131534	12781.54424693924	2913.620150333732
P23-PWY	reductive TCA cycle I	7151.514706533724	54950.5897907859	7000.9435519123845	52214.5913313515	7811.829085576776	1667.4542193819657	9148.723567944728	19268.7530729894	4350.625658486723
P261-PWY	coenzyme M biosynthesis I	288.23363621330867	131.4829786404546	13.646344636636876	171.605088739311	14.07337699616662	9.34206386599646	72.1232803316316	253.01928391127237	25.837058787010896
P281-PWY	3-phenylpropanoate degradation	17.69550542247394	593.2856670198631	21.897351510158558	729.4279542871882	15.729885501600911	0.5242303069243377	78.23719375002871	201.15228758357745	11.808874608309576
P341-PWY	glycolysis V (Pyrococcus)	1782.268605879629	86.41433567071583	125.61658020525005	343.95761906906387	105.00324335722692	34.961005033638294	74.35177252228509	1858.8626056977453	91.84196837517908
P381-PWY	adenosylcobalamin biosynthesis II (late cobalt incorporation)	106.03933587182324	3340.43493562952	29.15150529303146	458.53880301131306	0.0	0.0	210.0168870819425	6631.68656081308	92.4849107370815
P4-PWY	superpathway of L-lysine, L-threonine and L-methionine biosynthesis I	48180.39060795392	80478.58901100408	10335.4595225983	69837.56724970626	10833.694764414797	3904.5070190739016	18808.954234767352	25256.39175170758	5854.545030350197
P42-PWY	incomplete reductive TCA cycle	167454.7321631631	361289.9838504339	135541.8733849347	265081.45476108213	137546.43870044508	37301.124090068304	156583.04098023102	79318.91626264017	81565.01596115809
P441-PWY	superpathway of N-acetylneuraminate degradation	61488.697125456165	97314.33763180456	13483.88988661278	58113.37983656222	13547.047951224711	7948.022706611477	25932.717575984465	42398.89558341496	12056.470332927054
P461-PWY	hexitol fermentation to lactate, formate, ethanol and acetate	7469.919126405503	37094.861319548414	5213.464002762268	20030.47751110801	4963.769246256224	2768.6104497347505	9252.384209540258	19686.3792642014	3730.9311554914457
P562-PWY	myo-inositol degradation I	8566.571040662855	1307.5946413921292	899.8965983354472	6795.391980470104	646.7738397796705	234.97411501059463	1010.0564680360573	5938.864305684064	460.1119925612127
P621-PWY	nylon-6 oligomer degradation	0.0002772294386811	0.0015672721330382	0.000326869595328	0.0022357946990769	0.0001440999735205	0.0003213594307993	0.0001441001682693	0.0041468246242657	0.0028381629091649
PANTO-PWY	phosphopantothenate biosynthesis I	97044.99889755197	234737.17993133707	89900.89684243893	171394.98227315646	91921.70200020864	26173.757727767865	111446.52365744124	47133.25845340321	62028.975651004206
PANTOSYN-PWY	pantothenate and coenzyme A biosynthesis I	104345.26879768445	232734.27310567367	94451.6552901861	177430.74761421097	96207.06133408772	28862.70243206125	112382.62737951332	55398.91825112316	62905.20932234151
PENTOSE-P-PWY	pentose phosphate pathway	87929.2677383582	195877.01624220292	49359.97653483927	108863.17301242123	51601.86449040317	20498.3748221848	85371.37823632383	47194.02477303314	43228.83446225854
PEPTIDOGLYCANSYN-PWY	peptidoglycan biosynthesis I (meso-diaminopimelate containing)	127635.6569008622	218147.9922531374	94762.1564151051	199575.86633479755	96537.0395914328	33038.50873465686	109999.26574456952	80993.50799342626	62395.70748284132
PHOSLIPSYN-PWY	superpathway of phospholipid biosynthesis I (bacteria)	110250.38580277433	160692.0643881085	73267.18911575753	161103.53560521474	72504.38449405158	27064.507621722358	81141.17891981552	71994.92856757682	43692.12217152553
POLYAMINSYN3-PWY	superpathway of polyamine biosynthesis II	6155.73316195664	10018.652460836836	2796.4393115793587	17340.75389910756	2267.094785922508	2007.4331592848023	3703.4114589156425	10454.436637162002	3164.259509642569
POLYAMSYN-PWY	superpathway of polyamine biosynthesis I	9639.03257344385	9907.585740137472	2633.071545820765	22118.90871152055	2152.388973247194	1964.1719973929703	3589.3579674388334	11690.115653542962	3131.856216126441
POLYISOPRENSYN-PWY	polyisoprenoid biosynthesis (E. coli)	106538.3194653012	200930.33113466657	92813.64805870313	185558.6402311915	94250.14898938446	27400.673482634567	99577.91474196385	55634.42350809981	56631.38029949114
PPGPPMET-PWY	ppGpp biosynthesis	571.610857611862	951.4782257960492	902.9976704217686	5914.209968643108	1018.7347024547864	286.8930758798555	140.41049401805014	1016.4901269148816	388.2380399928892
PROTOCATECHUATE-ORTHO-CLEAVAGE-PWY	protocatechuate degradation II (ortho-cleavage pathway)	48.37781872352328	276.2809477399871	25.36740160015881	41.89269654257805	6.398022807969274	1.139058502817217	90.3955006308008	138.27106944925745	78.52258540233272
PRPP-PWY	superpathway of histidine, purine, and pyrimidine biosynthesis	55137.97440644989	139314.36827982496	24213.315612832037	95799.76086349234	25145.728383363723	23002.48374005623	53881.76927782888	32385.640120248663	34006.69672868782
PWY-1269	CMP-3-deoxy-D-manno-octulosonate biosynthesis I	85924.19847230331	211628.34374883564	91306.03600754528	174278.83521915728	93834.71061651724	24077.67983212977	103088.75439420478	38615.90631514539	58272.98215626224
PWY-1361	benzoyl-CoA degradation I (aerobic)	0.0	0.0	0.0	0.9869625900698028	0.0	0.0	0.0	0.0	0.0
PWY-1422	vitamin E biosynthesis (tocopherols)	1.9687506396837555	1.9214454135307688	1.423973329677937	2.880243164260593	0.2166654176577685	6.688171307375106	2.116883679259781	35.782144597731225	25.637082850539493
PWY-1501	mandelate degradation I	0.0	0.0	0.0	0.0	0.0001249284178161	0.0	0.3684554897416634	0.0	0.0
PWY-1541	superpathway of taurine degradation	165.95711739361494	53.0908945788453	31.588686348700275	215.00946740527303	24.397032517845872	2.0427716096778967	109.6053245922654	95.55438832380304	41.04368599386392
PWY-1622	formaldehyde assimilation I (serine pathway)	10.469829879315316	45.47495575558268	4.227829656951888	1529.4022192915625	0.5867074881002986	14.195787365155748	5.936875290310329	149.32615006530958	62.74121518818546
PWY-181	photorespiration	16.777796692979734	73.7424973258085	12.238704384077982	21672.09728264417	7.798038144237186	24.71908036771677	9.961884170178916	258.7119983531491	176.2059582960474
PWY-1861	formaldehyde assimilation II (RuMP Cycle)	28755.216253152437	14632.850312017625	6031.805616832296	7764.107200386701	4129.315056471532	3956.424553113882	22350.233613992885	37802.93044094421	6232.52220391852
PWY-2221	Entner-Doudoroff pathway III (semi-phosphorylative)	5.186596585266883e-06	2.9322048433142555e-05	6.115307296678047e-06	4.182893789771615e-05	2.6959207928985943e-06	6.013122097774612e-06	2.695920789323112e-06	7.758259041871867e-05	5.310295875413626e-05
PWY-2941	L-lysine biosynthesis II	22513.860959276262	64703.084654028105	4292.668396881712	34499.28560011613	4999.895471253016	15093.14614519002	10919.590266651225	35529.06731774413	14220.260848150783
PWY-2942	L-lysine biosynthesis III	142422.476750382	241015.3015506438	103565.34967145063	215266.0887649471	104676.6507473692	32963.55873413415	117639.82502518308	84229.85866368788	65918.37411457559
PWY-3001	superpathway of L-isoleucine biosynthesis I	138919.35821957665	248152.97191247545	99745.56657384304	205041.63959180005	101927.88271634848	31236.383933462297	123867.23605805062	78937.79027193214	67348.56203163526
PWY-3661	glycine betaine degradation I	0.0367831871115446	174.3090022157758	0.0315319643431637	19553.404189141544	4.500139928900272	0.1055852975332219	8.501259932822059	0.6584928466093533	0.5054318492492418
PWY-3781	aerobic respiration I (cytochrome c)	711.308195133707	6380.056318096272	324.748217612095	56695.3027389378	250.49149118239364	434.4075862114893	1173.5292360972908	9115.967455954997	2241.969184339238
PWY-3801	sucrose degradation II (sucrose synthase)	243.65878143936592	343.67060115248086	8.566926561802132	242.0769963267201	1.2966895077763554	42.162913121309	12.713402385809284	281.9943998490677	177.53887794062678
PWY-3941	&beta;-alanine biosynthesis II	0.2385423884029787	7.289016995502502	0.0224880831802186	10.582018683847537	0.0155577704978683	0.0073350510715826	0.0242729593994227	1.2813477379585505	0.0701126594325282
PWY-4361	S-methyl-5-thio-&alpha;-D-ribose 1-phosphate degradation	53.7911816486567	148.57448176656243	16.993136353774485	361.1299912673894	8.620322052654688	11.779264793272782	1.7512667443486132	73.82699156116301	35.27101706980855
PWY-4722	creatinine degradation II	135.52742607234234	2078.715698160431	60.721010542364624	1122.1297379444727	53.35085403281732	24.470573916375777	137.36666809058858	1662.684880035739	124.2326951852362
PWY-4984	urea cycle	25563.99022067813	54924.87928467922	25705.55538038113	24458.507871106005	25121.45117286326	2344.889882537801	26159.14115498167	23017.682263471652	4567.15283643128
PWY-5005	biotin biosynthesis II	9744.464831943618	13225.919469527136	728.1714776256383	4824.197497572495	531.338356534123	475.0151354760654	3247.828074856352	7357.911223351654	649.2430588688776
PWY-5022	4-aminobutanoate degradation V	11583.829588324576	9907.699793020136	2840.4603953993146	12951.66356646661	2465.1353400675825	2795.8615543238334	5964.517197697652	16678.96297510781	2589.6019987958807
PWY-5028	L-histidine degradation II	41.229684772332455	256.02899785520736	52.05992580690789	74.79763873801268	32.72798529468372	0.6280930313859183	60.85095804236408	74.67678578412169	30.17320630328724
PWY-5088	L-glutamate degradation VIII (to propanoate)	165.1411160458673	220.74038635739717	3.03006008081533	163.70495379344695	2.430837590444662	1.309921848020069	9.830702420997	57.65225709624822	13.392598118584532
PWY-5097	L-lysine biosynthesis VI	139259.92826194823	234039.25937927508	96534.6285192978	198971.00361753916	97857.95959986425	31251.233971156067	114600.08322626835	82893.83296648046	62596.72235675551
PWY-5100	pyruvate fermentation to acetate and lactate II	146039.3690238857	226384.0507807387	93650.21600353884	202064.2901194225	95139.59042422332	32732.497095926374	118441.95300388146	89718.94160150357	65806.0879517099
PWY-5101	L-isoleucine biosynthesis II	157659.84865765937	270641.86602868297	111330.0297240188	216130.26851387467	112961.90938429616	32330.079130423743	135859.28348389306	90539.21504880764	71667.94195176383
PWY-5103	L-isoleucine biosynthesis III	134170.9665385527	233225.80439617016	96361.93339592856	188110.78890381183	97842.39129409856	27833.853180238097	117941.86278892406	74058.46677352316	62673.773771933054
PWY-5104	L-isoleucine biosynthesis IV	154244.13127994267	245378.9069561837	104039.69807161082	205146.14563704515	105083.38920779029	29641.71424383206	124977.81064428989	85691.97243231484	64950.49511579782
PWY-5121	superpathway of geranylgeranyl diphosphate biosynthesis II (via MEP)	125018.84132580749	207290.56775689157	98244.09277113392	195558.81399902515	99282.23143677023	27642.16064008773	108973.79729658423	69852.7435891249	59492.42522524708
PWY-5154	L-arginine biosynthesis III (via N-acetyl-L-citrulline)	81201.69248810592	110832.918140974	60045.95324019197	82758.47754618684	58309.08274629404	12021.203459111524	45925.36925844581	45520.32234133071	20339.96879547644
PWY-5177	glutaryl-CoA degradation	4630.788105455868	1419.5532558171	1795.2707869351011	6932.177049877478	1601.05224409291	766.4134543179377	884.6151354473013	8200.051312187006	899.4026133756555
PWY-5178	toluene degradation IV (aerobic) (via catechol)	51.41312613157988	113.5929465733448	27.741345006718305	40.79200068216952	21.084001523565583	0.0029197087882514	35.237102255061494	98.71995009014394	31.297764714792265
PWY-5179	toluene degradation V (aerobic) (via toluene-cis-diol)	0.0	0.0	5.286766721972995e-05	0.0	0.0	0.0	0.0	0.0	0.0
PWY-5180	toluene degradation I (aerobic) (via o-cresol)	10964.297930488654	887.7612590642055	1218.3111686476489	1510.3796512106528	1176.358826124161	983.995174783088	632.0493566023795	4420.811590364838	1022.6049024390624
PWY-5181	toluene degradation III (aerobic) (via p-cresol)	29.739286713354907	149.7886353485718	23.28049411143194	30.15348151666615	4.710433697317404	0.6966568475661954	52.94239903003321	79.07018441146027	28.72799127177988
PWY-5182	toluene degradation II (aerobic) (via 4-methylcatechol)	10964.297930488654	887.7612590642055	1218.3111686476489	1510.3796512106528	1176.358826124161	983.995174783088	632.0493566023795	4420.811590364838	1022.6049024390624
PWY-5183	superpathway of aerobic toluene degradation	36.23584485312988	119.37769926156392	26.03264034428042	33.13882885399359	0.0002854971952552	3.599999999998531e-15	29.72859119684331	88.42709782983631	23.35653558022368
PWY-5184	toluene degradation VI (anaerobic)	1.0542709612768195	3.610422871008403	0.3699220093633857	2.438782689403398	0.2055665280675703	0.2425817794182386	0.391491363155524	3.4544417891424244	2.2477873846398646
PWY-5188	tetrapyrrole biosynthesis I (from glutamate)	34308.59360105329	33154.62519711421	22469.853940005312	25855.13591657687	20409.75522600176	2371.571715657078	11601.658824937836	23527.88316510037	4542.699908587597
PWY-5189	tetrapyrrole biosynthesis II (from glycine)	27939.90382434075	31296.94318058972	20168.136979049206	23567.81258530073	18338.38531407539	2032.854477376732	10168.433625888298	20501.89448895913	3927.8745620219634
PWY-5198	factor 420 biosynthesis	0.0048484813957361	11.793181341287877	0.5464771199800785	14.650490491719957	0.0025186523381842	0.0056214278630507	0.0025203389728641	206.3984258238764	0.0496142916713982
PWY-5265	peptidoglycan biosynthesis II (staphylococci)	131.45072782769378	6301.70619070553	486.94007085205766	1796.1475177917778	697.5499855442308	318.5150460193691	677.1616584308216	1482.729560387976	1540.7938969901872
PWY-5266	p-cymene degradation	10964.297930488656	887.7612590642058	1218.3111686476486	1510.3796512106526	1176.3588261241612	318.582678023024	632.0493566023795	4420.811590364838	360.4571707658892
PWY-5273	p-cumate degradation	10964.297930488654	887.7612590642055	1218.3111686476489	1510.3796512106528	1176.358826124161	318.582678023024	632.0493566023795	4420.811590364838	360.45717076588926
PWY-5304	superpathway of sulfur oxidation (Acidianus ambivalens)	14557.069018463875	183334.0731846364	16674.81701724786	23594.61646814061	18411.54026697261	9467.65386825457	60052.54302836062	5254.188036098099	24122.17712982529
PWY-5345	superpathway of L-methionine biosynthesis (by sulfhydrylation)	29896.974054510625	24947.886401699438	35063.435211739896	36313.82337259462	32961.25107680633	880.688761129507	7095.249158265111	5029.082415538188	1392.4236234669709
PWY-5347	superpathway of L-methionine biosynthesis (transsulfuration)	85488.03623827882	101961.03323733014	72660.5148970692	138223.8444673046	73452.36602186813	21730.846743670067	61507.10043755544	56918.907283960005	45150.88478898189
PWY-5384	sucrose degradation IV (sucrose phosphorylase)	17840.354893311564	11714.416544951902	22649.40006746069	6018.124825246831	20776.53703546465	1665.247152708678	3844.734449172888	8173.148682809048	1708.5426485751004
PWY-5392	reductive TCA cycle II	6.102388739791972	10.068494676773284	2.3524129703016023	15.685013884966144	1.236164596725899	1.885313196108803	2.2355445537623475	24.89365108900921	16.609404454693088
PWY-5415	catechol degradation I (meta-cleavage pathway)	5904.974355162037	543.3843572930623	273.4577694639155	571.4339689749604	203.92011710728	349.9741862500597	435.589028263315	1931.5920451526536	388.8864264453025
PWY-5417	catechol degradation III (ortho-cleavage pathway)	35.23966702078009	138.93903326076207	32.66708814226849	32.42791201183395	14.123032894311509	0.6863867695455024	62.93162048906199	106.75812217926276	42.7448069412552
PWY-5419	catechol degradation to 2-oxopent-4-enoate II	23.53257480219036	78.2254257271552	120.76479841571226	46.74088787369771	87.33662614421412	16.13236951661457	50.67770745994752	135.7300602889535	55.55600457941873
PWY-5420	catechol degradation II (meta-cleavage pathway)	41.12955594145084	131.05490625499172	200.25569074830065	80.49688212503484	146.7544131728532	27.501899360471867	85.11362694492584	233.5948553142528	90.03966837881406
PWY-5430	meta cleavage pathway of aromatic compounds	32.594473446651804	89.47952555479894	30.028909140483243	43.0849882144889	22.58178517491613	0.0047090354968514	34.911336057814474	92.93767707214242	42.56285663288884
PWY-5431	aromatic compounds degradation via &beta;-ketoadipate	35.23966702078009	138.93903326076207	32.66708814226849	32.42791201183395	14.123032894311509	0.6863867695455024	62.93162048906199	106.75812217926276	42.7448069412552
PWY-5484	glycolysis II (from fructose 6-phosphate)	126722.00293230654	255508.270729719	96956.0103019744	196852.5146669071	98594.12715721974	35798.95776023057	125704.49655918153	81835.87707736604	69698.25083087875
PWY-5505	L-glutamate and L-glutamine biosynthesis	81820.32814597379	30925.79084480769	10321.533426168347	21750.016872807548	7585.976938642064	5460.970346329316	23449.82648736223	39822.61079192305	10325.573990538242
PWY-5507	adenosylcobalamin biosynthesis I (early cobalt insertion)	1013.2387577219667	6271.147053795214	293.43033714975473	8322.470298037499	98.56382512611523	265.8182957457828	807.9328730331888	6986.322390860141	838.0306949470398
PWY-5509	adenosylcobalamin biosynthesis from cobyrinate a,c-diamide I	64785.521258894085	140465.55865410084	52753.85155493994	87195.85058868396	52984.437936286304	14603.371367569089	63848.856781448434	28225.92792569773	33235.525481729586
PWY-5529	superpathway of bacteriochlorophyll a biosynthesis	0.4543059264206748	243.8010502217361	4.492488018117651	11.79305201283542	2.0956449480962025	1.1073138576453183	8.550709466842767	22.844153093828925	5.544518656647778
PWY-5531	chlorophyllide a biosynthesis II (anaerobic)	14.220041931617772	301.0403061302436	4.539656398717806	14.181706116772473	1.4697471083074996	15.422914401681076	7.899620460579537	86.57714228129272	63.06586144357143
PWY-5532	adenosine nucleotides degradation IV	46.0783169468448	315.9185521983952	95.71322514816404	2241.6039811908145	89.56804836931776	21.271596021032043	34.5966742610415	157.6733440730857	53.730947650091856
PWY-5634	superpathway of penicillin, cephalosporin and cephamycin biosynthesis	0.0	0.0	6.1363546290094996e-09	0.0	0.0	0.0	0.0	0.0	0.0
PWY-5647	2-nitrobenzoate degradation I	12.01861949929423	5.223101392181128	15.020966455293175	7.332988348800588	0.4054899347237559	8.770604144020673	24.23898842450437	55.994175638518335	17.67255876971846
PWY-5651	L-tryptophan degradation to 2-amino-3-carboxymuconate semialdehyde	21.70702614465037	5.477385306795815	15.735106119894676	8.364042042650478	0.6172535331745632	12.823287154454896	31.01407542298267	84.0842738594182	23.63535576944537
PWY-5654	2-amino-3-carboxymuconate semialdehyde degradation to 2-oxopentenoate	12.148514289291132	52.12670380527522	16.201764043324687	21.015378346633216	0.5844403883213366	9.046408114683246	27.136801599805597	61.12752693611557	24.04113104527072
PWY-5655	L-tryptophan degradation IX	20.09233981880478	8.40220316911447	21.093296277973533	11.687300838630902	0.7271496245726475	14.17991293745263	37.30942225940492	94.68426281268724	28.00057014749452
PWY-5656	mannosylglycerate biosynthesis I	0.5389025371845605	0.5221064542725294	0.3905423514645016	0.775080020034672	0.0591139044513833	1.8851030782004168	0.5762051646212244	10.048592903134455	7.7812717553586195
PWY-5659	GDP-mannose biosynthesis	121437.917800856	229317.6927093956	116589.64287954874	223155.08652352612	118226.02606981691	33030.47924860993	115136.36710231214	65740.1587522813	66955.96566140017
PWY-5667	CDP-diacylglycerol biosynthesis I	125257.24341078554	229860.80348084847	96445.98650251963	199761.8807560597	97687.3625480806	31652.861477551956	111146.71595796468	82652.009853971	61224.70599540794
PWY-5676	acetyl-CoA fermentation to butanoate II	40524.13427413651	12745.903795791332	8322.259822772026	28455.37029904756	5978.51681802508	5115.781285521948	12248.017583139796	47117.70919931457	5507.546022352497
PWY-5677	succinate fermentation to butanoate	14890.191896814826	5300.762834553046	1905.9865305303624	6042.167274548574	1280.6916804379143	867.3829869480637	1405.511286247182	12396.4500638605	818.8374399332076
PWY-5679	clavulanate biosynthesis	0.0	0.0	0.0151505746978388	0.0	0.0	0.0	0.0	0.0	0.0
PWY-5686	UMP biosynthesis	137799.67577101974	231002.2470428911	106668.74406550228	214868.0915203762	107755.0456107705	33918.2331380177	119380.64664859876	85274.99855627253	66748.6555835136
PWY-5695	urate biosynthesis/inosine 5'-phosphate degradation	138981.1915524904	248364.1885653509	99972.51189039183	217009.2181962106	102228.98571161336	33571.471654373105	127610.40269218142	72437.93206960539	71203.82215642721
PWY-5705	allantoin degradation to glyoxylate III	2552.7306673760336	2581.686831635514	687.8724261129221	4470.4556895579335	672.8950891295918	93.1580486061893	265.39625439264654	1677.5286809922443	357.5086254534606
PWY-5737	(5R)-carbapenem carboxylate biosynthesis	0.0	0.0	0.0088518369953222	0.0	0.0	0.0	0.0	0.0	0.0
PWY-5741	ethylmalonyl-CoA pathway	0.0	330.72653454709	0.0	7956.633411056493	0.0	0.0	0.0	0.6230993514931455	0.0
PWY-5747	2-methylcitrate cycle II	217.8302883669029	285.5624294181964	407.6937201601588	2536.093989713931	462.0706445456468	33.561410387704875	99.19810887569044	229.08598851970717	89.17793962652286
PWY-5757	fosfomycin biosynthesis	0.0	0.0	1.1780409999986632e-09	0.0	0.0	0.0	0.0	0.0	0.0
PWY-5823	superpathway of CDP-glucose-derived O-antigen building blocks biosynthesis	0.0239102738117283	0.3604464674789355	0.0281923915301425	6.042163615686717	0.0124286166739305	0.0277183472775813	0.0124286090385653	1.394282136115225	0.2447393732817437
PWY-5837	1,4-dihydroxy-2-naphthoate biosynthesis I	6354.226437139472	1572.936697089446	23291.900098700306	1406.1293826579529	21580.453324157075	307.49831067097057	414.10790868289246	1004.5439057188834	687.2718907149492
PWY-5838	superpathway of menaquinol-8 biosynthesis I	18802.742100086405	5300.025059319453	52002.86391555215	4739.55256826482	50009.127945693166	1026.0950099868735	1405.6002083653837	3282.618404726594	2290.5368371343075
PWY-5840	superpathway of menaquinol-7 biosynthesis	18667.812682346288	5264.797487461474	34394.26328212379	4713.035692495532	30513.13959040212	1023.2377963908536	1401.8356786553934	3286.5355419680627	2271.533613205803
PWY-5845	superpathway of menaquinol-9 biosynthesis	1565.0540586735378	1956.648930555324	3906.682286443209	4356.889300867369	4543.132590955921	615.5476279592536	324.37392895261223	1355.859638284884	844.197934219415
PWY-5850	superpathway of menaquinol-6 biosynthesis I	1565.0540586735378	1024.1850628321074	3906.682286443209	322.00614771150555	4543.132590955921	281.8200817673799	324.37392895261223	1269.3563019694695	579.8107654363541
PWY-5855	ubiquinol-7 biosynthesis (prokaryotic)	8650.87930766969	1295.6623988131971	1374.2424151483972	11106.041766485758	1438.786705210295	219.06660302577947	599.1103713682605	3227.481820277676	417.9967531516942
PWY-5856	ubiquinol-9 biosynthesis (prokaryotic)	8650.87930766969	1295.6623988131971	1374.2424151483972	11106.041766485758	1438.786705210295	219.06660302577947	599.1103713682605	3227.481820277676	417.9967531516942
PWY-5857	ubiquinol-10 biosynthesis (prokaryotic)	8650.87930766969	1295.6623988131971	1374.2424151483972	11106.041766485758	1438.786705210295	219.06660302577947	599.1103713682605	3227.481820277676	417.9967531516942
PWY-5860	superpathway of demethylmenaquinol-6 biosynthesis I	1048.7216816900168	683.7800918619698	2635.258221361007	214.7784733837381	3069.093299930249	188.5763585387516	216.46328540929343	853.0860805120323	387.7569435941816
PWY-5861	superpathway of demethylmenaquinol-8 biosynthesis	13353.97160251672	3560.024344854085	41056.78419891155	3183.197769461825	38978.76532525025	693.3851845927251	941.0984229709233	2234.8084988652035	1546.186593009559
PWY-5862	superpathway of demethylmenaquinol-9 biosynthesis	1048.7216816900168	1308.0508803957946	2635.258221361007	2924.436112021792	3069.093299930249	413.701565504315	216.46328540929343	911.7245095167748	565.3810493513053
PWY-5863	superpathway of phylloquinol biosynthesis	7207.139637353175	1795.5304311558791	25697.65401191657	1605.2695199211514	23876.759121712857	350.9251225599116	472.9943592342567	1145.8444079454007	784.1505709254623
PWY-5896	superpathway of menaquinol-10 biosynthesis	1565.0540586735378	1024.1850628321074	3906.682286443209	322.00614771150555	4543.132590955921	281.8200817673799	324.37392895261223	1269.3563019694695	579.8107654363541
PWY-5897	superpathway of menaquinol-11 biosynthesis	16891.7766103855	4652.452455838152	48677.75177260197	4160.296964132142	46589.58816946387	902.5033208109788	1232.1704283324746	2900.577935569961	2014.6773813871844
PWY-5898	superpathway of menaquinol-12 biosynthesis	16891.7766103855	4652.452455838152	48677.75177260197	4160.296964132142	46589.58816946387	902.5033208109788	1232.1704283324746	2900.577935569961	2014.6773813871844
PWY-5899	superpathway of menaquinol-13 biosynthesis	16891.7766103855	4652.452455838152	48677.75177260197	4160.296964132142	46589.58816946387	902.5033208109788	1232.1704283324746	2900.577935569961	2014.6773813871844
PWY-5910	superpathway of geranylgeranyldiphosphate biosynthesis I (via mevalonate)	3259.604117918678	21652.627011078825	1989.1267751044677	14047.721964918595	2295.6102161181598	7714.985608291021	4927.891821035335	18709.31813935159	6897.061782581315
PWY-5913	TCA cycle VI (obligate autotrophs)	63774.67857106841	199477.20393378305	68015.83502005039	92872.40688973824	68889.07314132302	20995.600618606	102427.62198397092	22708.410736738988	48890.15507481678
PWY-5918	superpathay of heme biosynthesis from glutamate	7682.035402961539	35246.42804815111	7723.288597320991	25644.69751552589	8581.95511315238	2757.1433647860954	6988.524311651975	14289.426490477168	4921.9606340571145
PWY-5920	superpathway of heme biosynthesis from glycine	592.6691601110343	945.4100797292108	1279.227813871118	14032.078948022703	1481.3579206417703	122.26758180771309	304.07371568496745	758.7161767360333	319.9634449211091
PWY-5940	streptomycin biosynthesis	0.0	0.0	0.0050414479804602	0.0	0.0	0.0	0.0	0.0	0.0
PWY-5941	glycogen degradation II (eukaryotic)	269.91224175432234	468.7687857110762	28.643987731744883	523.2817485239661	24.2391072177686	12.918079971288297	15.317998101502807	141.36483590329274	51.1650867666506
PWY-5971	palmitate biosynthesis II (bacteria and plants)	98883.6872944415	77180.14311046217	99379.26604047712	175838.27039536904	101552.38596648411	30958.627412123653	88581.48980498548	58596.92340040216	61475.90159902163
PWY-5973	cis-vaccenate biosynthesis	149499.4479301598	258958.3005431231	117753.54816103996	237497.6339546909	119443.92952808364	40918.61719578754	134830.2357746424	87581.4707127281	79142.74049892648
PWY-5989	stearate biosynthesis II (bacteria and plants)	97757.3117051132	55673.87656411965	101747.67004435594	172741.54983705623	105688.5632786356	26798.93874376551	88421.65087167373	48506.79986397513	57872.57909309894
PWY-6071	superpathway of phenylethylamine degradation	240.75197460298045	274.4625943695635	497.7941102972597	84.35033452592485	572.9380866919936	49.27734834023115	67.346174071048	455.7009280904851	117.7720957241714
PWY-6107	chlorosalicylate degradation	0.0001740494861433	3.8412276696005625	0.1595921598919006	0.0014036531848577	2.4739227348515604	0.0002017428087224	4.884449969147413	0.0026034462330551	11.57110087705436
PWY-6113	superpathway of mycolate biosynthesis	29649.44917596857	7034.943755078858	66264.79206659383	7738.828753238038	64742.28895786302	0.0	0.0	274.0542009050757	33.70237234040893
PWY-6121	5-aminoimidazole ribonucleotide biosynthesis I	142486.96775403258	258945.81941852765	115439.04080770256	233243.33900356872	117321.18867210344	38327.47471805399	129459.61632917872	87688.96596977494	74072.1582921425
PWY-6122	5-aminoimidazole ribonucleotide biosynthesis II	135116.4434479008	244249.00402512847	109724.70184899012	220155.0586683384	111295.52050292584	36524.655254695885	121311.0645338434	85335.69697472522	69224.24237222486
PWY-6123	inosine-5'-phosphate biosynthesis I	130039.56880256592	237819.1898856993	105315.67335393273	211140.53951166617	106887.18599934215	33740.24374095451	118877.02581283065	72569.16593669195	66881.50694263306
PWY-6125	superpathway of guanosine nucleotides de novo biosynthesis II	65536.54593504104	251803.9710141795	69858.23865217173	131646.07869272155	70696.44374249934	29190.00074381888	104475.008233811	46965.38931169461	56866.14219801252
PWY-6126	superpathway of adenosine nucleotides de novo biosynthesis II	142864.7643603219	265819.5955432961	108193.085773784	222506.00467729088	109458.22065805209	37858.40685218488	133315.07169800295	87084.24888451406	74792.52959561581
PWY-6142	gluconeogenesis II (Methanobacterium thermoautotrophicum)	34.674298872486624	31.72992137692519	24.41322447638794	49.43621857051429	3.813184108287925	69.93978364822581	34.38217610008292	549.4275377013621	132.11253668573335
PWY-6143	CMP-pseudaminate biosynthesis	20.806754766861427	6.355686222922448	0.0	86.93597925969244	0.0	0.0	0.0	29.56775858108137	0.0
PWY-6145	superpathway of sialic acids and CMP-sialic acids biosynthesis	1.2283732510633372e-05	0.0004534381168135	8.89374971439282e-06	0.0142861624596014	1.3457550762354834e-06	4.3961643961879536e-05	1.319865178818363e-05	0.0053154430384285	0.0001866109640179
PWY-6147	6-hydroxymethyl-dihydropterin diphosphate biosynthesis I	98038.63590660648	218010.1657841597	94125.49033239718	193750.9206453522	97415.07463273572	24587.806316090933	107988.7873669585	48935.90435732363	59010.83774360312
PWY-6148	tetrahydromethanopterin biosynthesis	0.0	0.0071546902075739	0.0	95.95557033707183	0.0	0.0	0.0	0.0824694719140462	0.0
PWY-6151	S-adenosyl-L-methionine cycle I	93427.76373902684	73111.8671590282	82183.45163361907	165785.2895628415	84298.59688462556	24230.605118509477	58106.03034953804	59389.60823332998	41654.05380778566
PWY-6163	chorismate biosynthesis from 3-dehydroquinate	124698.76478246725	206840.8875864129	94604.95139021408	187648.7923908087	95484.03883338106	24777.13720869812	106146.47455821182	68609.18892339866	56143.17516693996
PWY-6165	chorismate biosynthesis II (archaea)	480.44266590574426	16.791394958024863	227.7598924722076	147.07513534212862	162.34578158321142	7.290381600317671	12.755665963038332	97.85107530564818	53.71377935814672
PWY-6174	mevalonate pathway II (archaea)	0.0024051233125281	0.0023322147340209	0.001739188098663	1.253089940293148	0.0002633221994388	0.0085687457789706	0.0025814132052649	0.0459166808804552	0.0364098119928501
PWY-6182	superpathway of salicylate degradation	31.093737385254087	129.06033284903353	30.218712957010304	30.817928721176564	13.297542139520129	0.553464553300567	57.50025976484651	93.10853933662727	27.077761258545536
PWY-6185	4-methylcatechol degradation (ortho cleavage)	30.117435525928126	138.77868101934965	29.59144871408727	32.26555160380217	14.764940449940044	0.8751548906607083	61.49412935962009	103.78419474918566	23.294123766478798
PWY-621	sucrose degradation III (sucrose invertase)	87649.23102359062	120091.89810064858	35718.479392155794	90170.49345492484	35222.606416209484	25510.68415582953	67956.28558561912	70393.16118814217	33938.2100621962
PWY-6210	2-aminophenol degradation	13.462003944141305	46.06666938091314	15.26249297782787	24.70956497728785	0.3639198462291192	9.527265246789254	22.821707211368157	35.39420992091833	20.00356781083932
PWY-622	starch biosynthesis	0.0732285099719826	0.070980835280686	0.0530195820975829	0.1061756606215875	0.0080226504858942	0.2617314461100655	0.0786628963921464	1.3984924604170166	1.1094180781492515
PWY-6263	superpathway of menaquinol-8 biosynthesis II	1023.6354371575676	1466.998783139439	58.61811924057772	9842.7743363409	45.87809131356105	506.74387593867	419.3236089249394	850.3808847043387	719.9409648373513
PWY-6269	adenosylcobalamin salvage from cobinamide II	65056.50529247854	140361.30507110595	54452.87406300445	87597.10664256438	54512.66932112151	14711.703992037956	64011.446740478685	28528.96054332339	33463.839420734046
PWY-6277	superpathway of 5-aminoimidazole ribonucleotide biosynthesis	135116.4434479008	244249.00402512847	109724.70184899012	220155.0586683384	111295.52050292584	36524.655254695885	121311.0645338434	85335.69697472522	69224.24237222486
PWY-6282	palmitoleate biosynthesis I (from (5Z)-dodec-5-enoate)	94354.74439313174	54750.54620820119	95708.55580928786	164213.1332116453	99051.4149204134	25936.588190879294	84354.13930931628	48095.84214978524	55030.12184457659
PWY-6284	superpathway of unsaturated fatty acids biosynthesis (E. coli)	7454.970348967984	1464.811530359525	27933.58147129121	2105.4988620447616	25901.57648061018	0.0	0.0	73.17021663207849	9.085287802332898
PWY-6285	superpathway of fatty acids biosynthesis (E. coli)	14200.284043663323	3014.6215878382227	43922.05995200988	4346.891353485753	41608.16317847058	0.0	0.0	153.4416677318406	19.07546566029405
PWY-6317	galactose degradation I (Leloir pathway)	99692.56425589116	109921.55254940323	18570.805240505368	79200.95388482924	16329.047390480528	26539.26071974696	52769.60153486361	72784.0605399063	32108.948664617143
PWY-6338	superpathway of vanillin and vanillate degradation	0.0	2.335912553705139	0.0	0.1147596395240737	0.0067075910803208	0.0	0.0	0.0	0.0
PWY-6339	syringate degradation	0.0	10.05423854981254	26.502129617298635	12.336193484273815	9.739209402205322	0.0	0.0	0.0	0.0
PWY-6353	purine nucleotides degradation II (aerobic)	74137.93913843328	69087.48073220221	16004.171446052702	50972.95414093901	14708.674085471368	5501.741555803399	14928.733978056924	36132.92315657696	6170.794191169586
PWY-6383	mono-trans, poly-cis decaprenyl phosphate biosynthesis	0.0	418.3397098870215	0.8494218820748255	64.21408483443142	0.0	0.0	6.246917664474999	1468.0353128825282	26.9615423517622
PWY-6385	peptidoglycan biosynthesis III (mycobacteria)	125852.8020251857	217473.52117569404	93206.2996256912	197976.1079332585	95122.66779653214	32851.78834908287	109351.26596407536	80185.6242078438	62089.43490766842
PWY-6386	UDP-N-acetylmuramoyl-pentapeptide biosynthesis II (lysine-containing)	128488.36699333736	217023.10584368647	91685.97828971776	198514.54044705103	93810.56002552315	32585.12355166949	109874.97317945088	80164.7877590267	61985.51675466108
PWY-6387	UDP-N-acetylmuramoyl-pentapeptide biosynthesis I (meso-diaminopimelate containing)	128148.6275875486	219569.4128961683	93828.07592133225	200059.76683184024	95667.08556747952	33211.378780624975	109787.44031063984	81783.9414551174	62262.78516176872
PWY-6396	superpathway of 2,3-butanediol biosynthesis	5426.239947228584	5547.913406483217	604.1106818951571	7052.4739134071215	512.6574185628099	2017.4681592029333	1168.6784162191452	6954.257560083167	2080.793670222106
PWY-6397	mycolyl-arabinogalactan-peptidoglycan complex biosynthesis	0.0	0.0	3.2247999999631058e-12	0.0	0.0	0.0	0.0	0.0	11.518962397419816
PWY-6404	superpathway of mycolyl-arabinogalactan-peptidoglycan complex biosynthesis	0.0	0.0	1.2889188312347026e-11	0.0	0.0	0.0	0.0	0.0	0.0
PWY-6467	Kdo transfer to lipid IVA III (Chlamydia)	76784.60888258548	183055.871959829	87292.93649256974	164686.15776038566	89615.62019189734	20339.224814419504	86378.96190531255	30552.737584860053	49061.72089636059
PWY-6470	peptidoglycan biosynthesis V (&beta;-lactam resistance)	7366.615268446227	2575.142037579434	2965.6396494892333	6016.065304079021	2107.226191899392	1449.5979924844446	1683.8560149961925	11797.157913516508	2674.477761722462
PWY-6471	peptidoglycan biosynthesis IV (Enterococcus faecium)	40925.01559421029	62307.22786354808	16414.755048229148	56330.51196441483	14768.437417779882	19177.46720567077	29560.654060091536	53879.443222124406	20473.00434382387
PWY-6478	GDP-D-glycero-&alpha;-D-manno-heptose biosynthesis	31996.509352737303	100314.7239734547	15588.86244645428	29645.603057560715	16666.290856446292	2611.3605745000755	27190.629100504884	14797.657635417483	5786.366126837512
PWY-6505	L-tryptophan degradation XII (Geobacillus)	20.09233981880478	8.119720515387536	21.093296277973533	11.687300838630902	0.7096430953662947	0.9609809511478752	37.30942225940492	77.40380035395323	27.084283919180315
PWY-6507	4-deoxy-L-threo-hex-4-enopyranuronate degradation	99163.23254059252	179856.8409336264	56863.99198765196	114220.90200153035	58922.53908865926	16852.987710394325	79804.09569600604	26543.562446563417	38954.82259031319
PWY-6519	8-amino-7-oxononanoate biosynthesis I	93169.34418939234	84076.7824420625	90549.24750249472	162311.02009487525	94485.8352772162	25560.102486078897	93608.73652873668	46132.03241688837	57149.25319190013
PWY-6545	pyrimidine deoxyribonucleotides de novo biosynthesis III	32846.34210220783	35225.485109078145	24736.48587617752	42889.57802899632	25121.910330842707	10490.699712101266	25784.925445435165	25493.892668539305	18266.46527841841
PWY-6562	norspermidine biosynthesis	22.74133181899655	16.99826181234581	44.12977541865267	8.902074162794069	23.5437816690979	3.9472401368163337	1.2482288559747603	36.529605940445386	16.487729294534912
PWY-6572	chondroitin sulfate degradation I (bacterial)	38562.64340304058	83030.84511986551	21547.718411867	36279.57301952557	23603.362508091734	2140.001989222604	21424.97293798074	4115.535508801675	4006.5675775465634
PWY-6588	pyruvate fermentation to acetone	29894.689883740502	17158.995934748193	6801.2635429320135	17697.4164225022	5193.852681714488	3523.770244661157	8531.607517108734	33984.96798205997	3608.204480973478
PWY-6590	superpathway of Clostridium acetobutylicum acidogenic fermentation	9998.345314498674	4237.032932501589	4399.04830914071	17720.886742970644	4056.0127974273496	1853.759035866666	2030.845494585002	15770.730703402602	2358.8521160675223
PWY-6608	guanosine nucleotides degradation III	88852.73957699341	74148.6072644963	28444.170429015725	57911.93678426826	29057.48756738327	6687.055232033163	26019.10668794662	31830.96211904311	14384.531257825483
PWY-6609	adenine and adenosine salvage III	132198.04961231077	216024.8133163245	87485.77966664922	194108.5097033977	89255.50268950964	31368.39317967782	115462.76128633668	79250.59997098017	64634.69241861342
PWY-6612	superpathway of tetrahydrofolate biosynthesis	88750.00057301302	192326.1482519346	85408.10435740069	156195.29978034305	86796.11030253877	22862.511488656717	94201.3875856424	39751.394957424985	50717.11178847826
PWY-6628	superpathway of L-phenylalanine biosynthesis	5813.659570731293	96162.24512595891	13826.759131652228	33419.28290434281	15395.777598997664	4043.3213384716414	10609.148786107577	15915.040124946729	5441.385948048335
PWY-6629	superpathway of L-tryptophan biosynthesis	1631.1677697885966	1146.3421024599838	3832.7674531527537	322.99395038187987	4529.177575225046	296.0107040550347	365.9049729609261	1420.814034156443	539.6617593877882
PWY-6630	superpathway of L-tyrosine biosynthesis	5802.646811934373	94339.5309974392	13603.329038288311	32863.776135140564	15108.324672519437	4006.753162593348	10560.512781433526	15733.749592652115	5412.827305174171
PWY-6641	superpathway of sulfolactate degradation	269.18172462721446	142.1575434130961	53.50683907041604	6243.161186833237	29.49629409554623	3.496138604499435	184.1919209855432	167.6722167452491	59.256407639917406
PWY-6690	cinnamate and 3-hydroxycinnamate degradation to 2-oxopent-4-enoate	154.00982442961396	157.32625647082645	371.2785859626838	38.24399476539717	447.9659848267449	27.35220752298662	47.72935632755612	245.98032870854	49.90418973675899
PWY-6700	queuosine biosynthesis	98092.12429959256	205672.6009869684	103308.29245126346	191644.8068435485	105456.52072290333	27527.37542539149	105513.6195609202	50098.93255680707	61964.85951491478
PWY-6703	preQ0 biosynthesis	81437.13808464895	194013.85155647164	90734.8752425088	164086.06133717587	93040.38579334492	21950.50451149734	92449.8628055705	40120.45291251948	52746.89563402055
PWY-6708	ubiquinol-8 biosynthesis (prokaryotic)	8650.87930766969	1295.6623988131971	1374.2424151483972	11106.041766485758	1438.786705210295	219.06660302577947	599.1103713682605	3227.481820277676	417.9967531516942
PWY-6713	L-rhamnose degradation II	1.53060843737707	20.612738617087217	0.3469739337528661	0.4151327973401232	0.0267957732390095	0.0597223935635808	3.6779744840158393	16.079758215477337	1.76435983519243
PWY-6728	methylaspartate cycle	0.0	1696.095289523189	0.0	16108.082302749706	0.0	0.0	0.0	2962.9692210069584	0.0
PWY-6731	starch degradation III	1.7353527085858285	274.1802849343736	4.906129080740759	5.647791073047558	9.13423535413834	5.512821019827904	1.7360274951538055	31.23085251421144	23.55924535835681
PWY-6737	starch degradation V	172780.5465415596	274914.07436366926	135733.87592243846	258293.08088486167	137459.37663159842	36010.74375123469	148365.54471977105	89790.34975396947	81312.13414113881
PWY-6749	CMP-legionaminate biosynthesis I	20919.952380198763	2601.298429801529	1440.3690900062684	8333.526434802878	1220.3370530310965	897.8895918643063	12387.119232169613	11645.234216362993	2165.367245791319
PWY-6876	isopropanol biosynthesis	113.6458001550059	153.08983085681808	24.37826102243181	70.18369003794008	1.0954427419149553	706.6527044692145	205.91074864308015	1058.9477972134357	446.767778263365
PWY-6891	thiazole biosynthesis II (Bacillus)	9911.237688140844	13403.53157341844	3706.87502096892	12237.285589216344	2983.985565196413	2271.0103666339032	2367.39525856823	12878.496496904529	3998.958175847117
PWY-6892	thiazole biosynthesis I (E. coli)	83478.30862830704	177474.5332582171	72366.950256244	141221.30016170902	73029.92842123726	23161.329822722244	88636.01894131674	48496.50062079778	54417.54716583509
PWY-6895	superpathway of thiamin diphosphate biosynthesis II	36556.18624175062	54343.125299485975	16363.939884112418	49263.51086781595	13515.759661458324	8486.311455662193	10922.655133782717	30641.27019454589	16016.18103459577
PWY-6897	thiamin salvage II	110671.45290708778	222595.4447574902	109577.2945423609	194285.2082814597	112654.92790065918	26455.637651749978	110398.84823887704	45943.93191765609	62796.37361061708
PWY-6901	superpathway of glucose and xylose degradation	92050.00860942338	188438.99063672536	47832.69529359233	117459.38048241852	48283.55602041092	23347.680122211867	73730.22288907653	47501.06832126906	44069.54521451848
PWY-6906	chitin derivatives degradation	360.9155263576255	250.300573939374	121.61092889151536	77.43164505914574	51.92137628448082	0.3418537379504086	26.569141182094747	309.002356578054	23.357480587718165
PWY-6915	pentalenolactone biosynthesis	0.0	0.0	0.1358740718374561	0.0	0.0	0.0	0.0	0.0	0.0
PWY-6919	neopentalenoketolactone and pentalenate biosynthesis	0.0	0.0	0.1688479273340599	0.0	0.0	0.0	0.0	0.0	0.0
PWY-6942	dTDP-D-desosamine biosynthesis	0.0	0.0	0.000198972639535	0.0	0.0	0.0	0.0	0.0	0.0
PWY-6944	androstenedione degradation	0.0	0.0	0.0929471820947665	0.0	0.0	0.0	0.0	0.0	0.0
PWY-6948	sitosterol degradation to androstenedione	1.757907841959524e-06	9.938095766599026e-06	2.0726754629264484e-06	1.4177053557875332e-05	9.137280921698378e-07	2.0380486024187783e-06	9.137372737468432e-07	2.629530780113945e-05	1.7998359131518008e-05
PWY-6957	mandelate degradation to acetyl-CoA	0.0	0.0	0.0	0.0	0.0005309337249862	0.0	1.5133167712595004	0.0	0.0
PWY-6969	TCA cycle V (2-oxoglutarate:ferredoxin oxidoreductase)	110445.30643461808	237875.03241938463	83624.28107944662	128670.89767785456	84121.38223579238	24995.51370702614	115217.4773484013	48824.10981412863	57205.85963038664
PWY-6975	superpathway of erythromycin biosynthesis (without sugar biosynthesis)	0.0	0.0	1.2733333328016262e-13	0.0	0.0	0.0	0.0	0.0	0.0
PWY-6977	superpathway of erythromycin biosynthesis	0.0	0.0	2.1561061186534585e-13	0.0	0.0	0.0	0.0	0.0	0.0
PWY-7003	glycerol degradation to butanol	37948.16754358023	29708.49071966893	5138.542554110728	23804.01362224589	4208.3706476735	6735.880904752627	7475.568474231415	36648.76715343721	6891.082131914134
PWY-7007	methyl ketone biosynthesis	141.3304086185721	136.59950228670166	15.596575432786802	269.03447310986303	9.587748920610345	5.412634433956596	3.172528496031278	55.7939664046874	25.59697499349304
PWY-7013	L-1,2-propanediol degradation	14866.152564287053	3034.7664469355827	5256.459514167929	8612.41789556684	4292.426542976896	2045.868018347168	2548.3374458275503	22084.763311249742	1943.0623034783005
PWY-7014	paromamine biosynthesis I	0.0024731929603671	0.0113168966407084	0.0028582406179338	0.0162511869033632	0.0010670438120303	0.0031124562306887	0.0013644627981292	0.0378483726572749	0.0262009396314765
PWY-7015	ribostamycin biosynthesis	0.0014174736655906	0.0080135847922861	0.0016712864555075	0.0114316626696852	0.000736783103184	0.0016433598433158	0.000736783103184	0.0212029804138515	0.0145128079151866
PWY-7019	butirosin biosynthesis	0.0044262362072647	0.0221539468742973	0.0026907997838161	0.0181688967899627	0.0010287355811831	0.0026631222115627	0.0012009171940787	0.0647077686708162	0.0227187147482188
PWY-7020	superpathway of butirocin biosynthesis	0.0025415227108559	0.0124195951351011	0.0024495944445179	0.0153768625487679	0.0009569387291154	0.00258472201281	0.0011436451015883	0.0384227816172841	0.0218617353973535
PWY-7022	paromamine biosynthesis II	0.0028709448869502	0.0116881800317302	0.0031835209661231	0.0168111895237169	0.001110166735281	0.0040568325836115	0.0017088246892584	0.0450563704590312	0.0316766810143418
PWY-7031	protein N-glycosylation (bacterial)	0.0132168388931839	7.870508731531221	0.0116847784360565	102.6717995367948	0.0036121421875761	0.0140919098795659	0.0067733004746431	37.95436794357671	0.108633864414652
PWY-7046	4-coumarate degradation (anaerobic)	0.0	154.71807586963976	0.0	0.3904594180523836	0.0	0.0	0.0	0.1393563994644688	0.0
PWY-7090	UDP-2,3-diacetamido-2,3-dideoxy-&alpha;-D-mannuronate biosynthesis	2374.399986591435	1594.374611802322	1017.5621813935184	3966.3314924656784	815.3883180226378	301.87915282365555	1213.7931976545735	745.5337435070375	516.6543046256369
PWY-7094	fatty acid salvage	2480.7465440956653	1925.8029921759348	711.7589999711291	5660.25532432277	476.1826444648584	265.2230387362335	925.3960103426292	9196.228451623876	428.21650131593714
PWY-7097	vanillin and vanillate degradation I	0.0	2.3359125537051386	0.0	0.1147596395240737	0.0067075910803208	0.0	0.0	0.0	0.0
PWY-7098	vanillin and vanillate degradation II	0.0	2.6237693828985327	0.0	0.1291039911995546	0.0075459119822969	0.0	0.0	0.0	0.0
PWY-7106	erythromycin D biosynthesis	0.0	0.0	0.0001271806909854	0.0	0.0	0.0	0.0	0.0	0.0
PWY-7111	pyruvate fermentation to isobutanol (engineered)	158637.38170693823	275939.9980567776	98771.16003495731	203773.4733439967	100245.28791185672	33180.67852917247	127712.94905630677	95310.43067661065	69608.32834917786
PWY-7159	chlorophyllide a biosynthesis III (aerobic, light independent)	14.220041931617772	301.0403061302436	4.539656398717806	14.181706116772473	1.4697471083074996	15.422914401681076	7.899620460579537	86.57714228129272	63.06586144357143
PWY-7184	pyrimidine deoxyribonucleotides de novo biosynthesis I	42531.05119805408	121706.78663363322	38273.19436428555	84711.09524541935	36685.19253149642	18911.86631840532	40607.18376487061	33552.46253775107	24889.97179603154
PWY-7185	UTP and CTP dephosphorylation I	0.0019594490103043	0.00189933600776	0.001418693466124	0.0028410528389199	0.0002146691469319	0.0070125535475424	0.0021053928372468	0.0374675386315388	0.0297669840789983
PWY-7187	pyrimidine deoxyribonucleotides de novo biosynthesis II	52838.28881876944	123593.46737628542	42822.019445288526	96191.27016434056	41048.387656356936	19553.678847234904	43520.41393837242	43522.63538474516	26324.617341644556
PWY-7196	superpathway of pyrimidine ribonucleosides salvage	66137.95578205562	237572.92103106115	71311.78524139443	134842.85656771687	72209.84597372563	28888.2168521593	102142.1202473462	47249.61782541336	56373.48896143416
PWY-7197	pyrimidine deoxyribonucleotide phosphorylation	35489.174713515305	194531.8533240631	43766.55809268072	79053.17756976176	44204.48349824747	19806.067135768026	70984.66282166017	29943.482836159	38212.78167197342
PWY-7198	pyrimidine deoxyribonucleotides de novo biosynthesis IV	22124.8160746324	10292.659956793435	2249.930868582608	6014.957572223168	1709.1861547151111	1213.531569436979	7860.743387451458	9727.66340645077	1235.659906576307
PWY-7199	pyrimidine deoxyribonucleosides salvage	108149.22426758644	173439.1746118761	78879.74643251346	175653.1728963243	80874.26951919215	26624.12564918541	99950.2074962729	63477.39050268899	55723.90469132513
PWY-7200	superpathway of pyrimidine deoxyribonucleoside salvage	49191.25144408147	128624.12785740828	43454.44530607202	94329.29294478484	42359.7040777564	19632.72083637769	48607.98685474089	37995.95369732742	29194.360039736133
PWY-7208	superpathway of pyrimidine nucleobases salvage	140185.95609337336	246452.56388439896	107969.5699470676	224315.74507007675	109499.07122467272	37583.30262544198	120306.26701839	89164.57197283606	70026.83287833068
PWY-7210	pyrimidine deoxyribonucleotides biosynthesis from CTP	23770.39836979483	14081.518865153015	3104.458429183823	8233.412759804261	2374.909923531782	1675.586080045646	10102.88426147094	11919.303426502838	1716.3931155862492
PWY-7211	superpathway of pyrimidine deoxyribonucleotides de novo biosynthesis	46928.90399920381	151941.70734697083	44121.0164571699	88874.60922977232	42647.40673740293	20915.041900434622	56945.73737811195	21950.279544365	33735.17426642957
PWY-7219	adenosine ribonucleotides de novo biosynthesis	145840.01972889758	268619.9456397365	110710.0522785885	227586.780013928	111906.3675766656	39203.61326108752	136160.60042784188	90706.13076696184	77311.70297752117
PWY-722	nicotinate degradation I	15.565813592190468	57.05011048903259	14.416503488481789	14.532372839632908	24.032477387879783	0.350052996196836	39.76902841314478	36.113245292886255	10.234857191149256
PWY-7220	adenosine deoxyribonucleotides de novo biosynthesis II	142121.2225613297	285351.12624163274	109649.15343049806	221594.3617049463	110775.29539517072	36655.14589249967	140839.6929034204	86741.47483308167	73478.10758941264
PWY-7221	guanosine ribonucleotides de novo biosynthesis	133247.75954046103	267192.7384801641	102762.09571099676	209399.7618236443	104285.4554412038	38969.342901196986	127189.07281081048	84109.90936375478	73025.58578004653
PWY-7222	guanosine deoxyribonucleotides de novo biosynthesis II	142121.2225613297	285351.12624163274	109649.15343049806	221594.3617049463	110775.29539517072	36655.14589249967	140839.6929034204	86741.47483308167	73478.10758941264
PWY-7228	superpathway of guanosine nucleotides de novo biosynthesis I	59307.226978290375	251354.4611526001	66267.88679853482	124443.0788634324	67081.7506803493	28827.142312910604	101393.75960543824	42986.30407529548	55962.11781977973
PWY-7229	superpathway of adenosine nucleotides de novo biosynthesis I	147044.41268984796	278868.90905095846	111158.57985315588	228922.0802307253	112423.55618366512	39373.68847457876	139855.1984291517	89939.61932892427	78181.76425386076
PWY-7234	inosine-5'-phosphate biosynthesis III	27066.950933508862	92084.05632496752	7968.844305486999	74723.12227564296	9186.515887443036	22433.63204288303	20064.44591394089	38152.04058144184	21742.365190781908
PWY-7237	myo-, chiro- and scillo-inositol degradation	40357.30792770311	51465.43721606849	17799.508897194817	50401.557341273634	18345.142116622257	2110.571312436881	14877.522628709194	14195.747404389294	3144.7050613849856
PWY-7242	D-fructuronate degradation	114293.213498015	183056.69028747728	58176.005080690295	119483.76086855282	60025.53160923525	18833.851187871576	81109.17061482322	40766.57535737706	40670.29108113504
PWY-7254	TCA cycle VII (acetate-producers)	11157.801563394129	13481.285998887435	2685.66539147294	8602.800244437358	1748.6078647795125	1198.1859274659446	1545.1249837376652	15485.939132790318	1133.8160781488084
PWY-7255	ergothioneine biosynthesis I (bacteria)	0.0	0.0	0.5562271903627294	0.0	0.0	0.0	0.0	0.0	0.0
PWY-7287	novobiocin biosynthesis	0.0	0.0	2.508843468317466e-08	0.0	0.0	0.0	0.0	0.0	0.0
PWY-7295	L-arabinose degradation IV	18.32195082598377	71.51287635071043	35.57728269276694	21.4597834816053	0.0	0.0	11.828872229013474	47.646982004491264	9.538136105308348
PWY-7315	dTDP-N-acetylthomosamine biosynthesis	37617.59232922871	10117.39963307144	29947.093019554348	13353.376303911302	29099.00670380823	3905.5580222140543	26712.307565176125	19971.782154356115	9166.131313002754
PWY-7316	dTDP-N-acetylviosamine biosynthesis	0.0	0.0	0.0001335553710571	0.0	0.0	0.0	0.0	0.0	0.0
PWY-7323	superpathway of GDP-mannose-derived O-antigen building blocks biosynthesis	103263.79012964862	204284.2247193253	99375.6542636421	198025.69771187447	102005.16324848477	26423.08790388779	105841.47873991732	50213.77632456738	59255.266879502975
PWY-7328	superpathway of UDP-glucose-derived O-antigen building blocks biosynthesis	24271.511755240816	93381.23088082124	20630.57921549944	51741.03667389344	19047.22206451806	14485.48709822368	14504.526014704936	27286.15992908491	15290.276720298907
PWY-7332	superpathway of UDP-N-acetylglucosamine-derived O-antigen building blocks biosynthesis	15443.264005663024	63259.32209271601	10946.217052614302	22976.99081901472	10472.601480021438	2415.997086750995	19478.060430889727	11783.27526561926	4222.158694903466
PWY-7347	sucrose biosynthesis III	24.452590152342115	38.39228498381821	1.212643727139353	3411.556794543683	0.5026684245950461	1.7080358268569038	0.7321211499930131	22.6087730286304	11.920066929338592
PWY-7352	daunorubicin biosynthesis	0.0	0.0	3.5837960466055865e-07	0.0	0.0	0.0	0.0	0.0	0.0
PWY-7354	aclacinomycin biosynthesis	0.0	0.0	0.0010967019814553	0.0	0.0	0.0	0.0	0.0	0.0
PWY-7371	1,4-dihydroxy-6-naphthoate biosynthesis II	346.4990908424751	458.6974017930182	20.362706309562117	2910.2580867005004	16.23067325554286	158.50644274414665	144.90887614585418	281.32000560034726	237.82817296992616
PWY-7373	superpathway of demethylmenaquinol-6 biosynthesis II	5.048678376839575	31.799015675614136	1.2650982578181915	291.746338131085	0.0220525261233053	2.012793457356428	1.6970284950646477	112.50025481436488	4.006360315432311
PWY-7374	1,4-dihydroxy-6-naphthoate biosynthesis I	186.2757793242311	129.0806133008398	13.997405671690048	201.5653506820288	12.482984657293738	2.1726566822607456	76.21141487932839	80.46172312081096	37.07808991129295
PWY-7376	cob(II)yrinate a,c-diamide biosynthesis II (late cobalt incorporation)	63.29803975731108	2072.248544292793	17.434804440830256	275.45873656711063	0.0	0.0	128.7802132896984	5018.942252112613	55.93951524234455
PWY-7377	cob(II)yrinate a,c-diamide biosynthesis I (early cobalt insertion)	3684.7851371488073	14238.203758723594	1381.1562568918391	7374.527376119029	1527.3173196731714	285.54934009265736	1467.269389527965	8628.351542716278	1111.1660989644138
PWY-7391	isoprene biosynthesis II (engineered)	1.4365039500290668	2.293686740685363	0.3421008421594227	1.4458499851457345	0.093258451243208	0.8961623770579177	0.71671690057595	10.329401876148308	4.665414186057367
PWY-7392	taxadiene biosynthesis (engineered)	13696.665591368708	67620.2075992907	10512.001884215562	45283.91441526132	11938.07319079371	18959.776445933985	17060.50330489362	40720.416630048814	21602.369890633097
PWY-7400	L-arginine biosynthesis IV (archaebacteria)	82608.20776713615	96925.39401657638	56377.85670454501	72514.50930100784	53870.523036979925	12291.913986848664	42190.47341569255	50390.24082807814	18580.270923037075
PWY-7413	dTDP-6-deoxy-&alpha;-D-allose biosynthesis	0.0	0.0	0.0646979962888425	0.0	0.0	0.0	0.0	0.0	0.0
PWY-7415	tylosin biosynthesis	0.0	0.0	2.1274999989971614e-13	0.0	0.0	0.0	0.0	0.0	0.0
PWY-7431	aromatic biogenic amine degradation (bacteria)	5895.702942384109	466.8347653308825	313.3248164426625	9281.546241073822	197.60475192882492	176.8115009242134	65.60510231270973	1156.3365438322094	189.64831956866965
PWY-7446	sulfoglycolysis	168.38411530538167	125.36876607552554	352.66764672109434	34.861142915969104	420.464419177458	27.451003329934984	37.29851950838141	148.21659840821664	50.11792570323602
PWY-7456	mannan degradation	79961.17596887413	180918.0233115065	71256.57442817099	143123.68850383145	73988.71890147623	22066.514990002903	88416.95091192632	32912.52126803147	50452.95355747113
PWY-7527	L-methionine salvage cycle III	89.26851647434592	245.74375625997664	28.20348763382748	594.3793685947347	14.332953207153803	19.451239733341392	2.917431035139233	121.87396181555808	57.96149805112701
PWY-7539	6-hydroxymethyl-dihydropterin diphosphate biosynthesis III (Chlamydia)	104035.56416997653	207236.4557311984	96245.21143692768	197594.2976564596	99575.13302562892	24402.07596232746	106364.9716492485	49962.558186562	58374.15779565048
PWY-7560	methylerythritol phosphate pathway II	129282.64672037424	212757.87761206037	101318.47150802326	199270.0841131009	102351.87603059436	27106.984290442382	112737.96957910588	69396.92793669281	60378.067896563625
PWY-7616	methanol oxidation to carbon dioxide	2.340807609958923e-07	134.7779255947686	1.5498720440492189	24.380489897011884	1.216719228455641e-07	2.713832901338857e-07	1.2167192532206302e-07	87.37707485209197	17.342916640573552
PWY-7644	heparin degradation	10.203568930528016	0.4488887180262491	1.231223637999587	2.099516221192931	0.4952835220616209	0.0893900551257205	0.0277589493368667	1.5190241716137125	6.407906803171528
PWY-7663	gondoate biosynthesis (anaerobic)	165425.38104027745	284684.83822224283	129500.94940322418	261478.87560331795	131423.75177509512	47144.19008958954	150919.3417292627	95035.9907312001	89163.89444566458
PWY-7664	oleate biosynthesis IV (anaerobic)	100098.1534328435	61695.59001589665	99222.98058974276	172818.08047273644	102487.43322682998	27601.616209529453	89436.31769966995	51730.53710505293	57879.07853568219
PWY-841	superpathway of purine nucleotides de novo biosynthesis I	80923.84472795262	252918.8746006816	82154.80706159552	157993.49884377164	83218.63044102919	32138.69736286453	112466.12038195811	55034.21642866848	62775.561834335465
PWY-922	mevalonate pathway I	2300.54519326121	15663.221003315184	1401.30586988931	10054.692362705606	1618.69357351113	5839.361891165432	3499.507805837602	14160.380139179608	5002.652302088219
PWY0-1061	superpathway of L-alanine biosynthesis	28571.80564869618	4158.321401708733	32846.279512617664	6774.227673412253	30062.40762155385	3511.855438772988	6615.885047922036	14941.78710794064	7297.081655102806
PWY0-1241	ADP-L-glycero-&beta;-D-manno-heptose biosynthesis	25863.737502170054	5035.989751242092	24832.27906772873	26899.67740310969	24596.255596140854	105.09614847777031	4408.641583168639	1421.2693080707884	323.74623427694945
PWY0-1261	anhydromuropeptides recycling	65945.15588138458	98083.58022687092	24799.187881796723	89204.71881787013	23167.73719831692	2449.16583218752	26677.23460212053	12373.776875212166	5410.627538977527
PWY0-1277	3-phenylpropanoate and 3-(3-hydroxyphenyl)propanoate degradation	596.1381978092977	463.24841012701233	883.6904662487025	145.29810773138658	968.2303316275812	92.72288033266108	164.85126053136108	876.900614532534	155.14404609645007
PWY0-1296	purine ribonucleosides degradation	48070.78381500273	56135.5179612814	9875.847119691318	41393.34920288032	9010.280080922264	9992.441807458294	24276.35222539894	42189.47741879157	10967.18613473903
PWY0-1297	superpathway of purine deoxyribonucleosides degradation	46968.82093387954	64243.39311766341	8953.726332282027	38687.16068282259	8656.235397435716	10295.762192656592	21248.723532134834	38508.69972645712	11012.219515081944
PWY0-1298	superpathway of pyrimidine deoxyribonucleosides degradation	48063.16478767353	46162.32285028071	7036.287120423123	35137.22067486275	6397.779791560928	10869.931645456823	17719.487351301745	38553.92090442493	11443.38050730018
PWY0-1319	CDP-diacylglycerol biosynthesis II	125257.24341078554	229860.80348084852	96445.98650251963	199761.8807560597	97687.3625480806	31652.861477551956	111146.71595796468	82652.009853971	61224.70599540795
PWY0-1338	polymyxin resistance	423.3665123695613	194.33104071618027	536.7931020006841	117.37668878721732	595.8392919815542	60.86095027448752	165.1114205661088	334.5539679544561	138.70427657580694
PWY0-1415	superpathway of heme biosynthesis from uroporphyrinogen-III	4741.550235683275	51345.38447951092	3383.4022867293243	18154.716776888446	3899.69620208446	2002.0706399788908	5044.360358486987	3865.8588362403775	2827.8993910254494
PWY0-1479	tRNA processing	1265.9283518976424	29449.878161026216	4236.255964462887	14517.667157740656	4725.017727658292	283.3503861904035	3180.255680926709	1364.521410159121	867.0748196144809
PWY0-1533	methylphosphonate degradation I	839.1793841332707	3673.44960686698	1301.4636611013486	14077.661993209167	1419.5814128741918	450.6205779545958	393.2136242709258	1691.033624994879	612.1602489319606
PWY0-1586	peptidoglycan maturation (meso-diaminopimelate containing)	101890.57016081346	190674.91024069625	62585.42406224772	150222.76017353733	65018.8258908119	24614.93781897825	96690.31772420196	57215.23222341094	56593.411190654326
PWY0-162	superpathway of pyrimidine ribonucleotides de novo biosynthesis	76007.11373288369	232273.9082642325	77937.55988538227	147792.10326661987	78776.70554284264	29395.974658609288	104158.38653498502	53414.24241468299	57309.094482035965
PWY0-166	superpathway of pyrimidine deoxyribonucleotides de novo biosynthesis (E. coli)	52260.999006030375	125568.83098478663	43121.90410068297	97443.45498885371	41325.4824702021	20070.49965062272	43936.97270483852	42944.55626789959	26805.416671205687
PWY0-321	phenylacetate degradation I (aerobic)	263.2772760949119	335.58013694387887	553.2273307270717	89.90721088973845	635.7482151192346	49.741125154762486	72.23293592611329	557.3495245088136	124.95562598594913
PWY0-41	allantoin degradation IV (anaerobic)	1764.440223398809	1489.1427518846267	671.0763421405035	581.3483048254781	698.0842759015193	90.63397367673376	280.8731079229691	1407.8101420670384	423.2729835148083
PWY0-42	2-methylcitrate cycle I	207.85237388685937	298.14638698408777	409.7786454130588	1627.295621788439	461.8335489187912	35.97772103712648	94.67647198537792	219.6930420868593	93.81436896273075
PWY0-781	aspartate superpathway	42641.60260743077	74709.09149784897	10811.396189586829	67690.09553030517	11069.047148116651	4068.50773821143	19145.374693436137	25674.505419432564	6127.291746771789
PWY0-845	superpathway of pyridoxal 5'-phosphate biosynthesis and salvage	52137.78650614259	153580.55389340682	43001.65539933909	66965.89632741401	43906.13562946693	15771.20296729735	67592.26475483316	13409.089539831972	35222.13024394477
PWY0-862	(5Z)-dodec-5-enoate biosynthesis	92623.22705467948	54040.9475514848	94681.07190307416	161684.35343568068	98042.04094049917	25468.29768195116	81985.30417865147	47564.99634514887	53660.39225182452
PWY1G-0	mycothiol biosynthesis	0.0	256.0533917113078	0.7077974961128354	42.66395659499827	0.0	0.0	0.0	932.344215475488	16.03691049294968
PWY490-3	nitrate reduction VI (assimilatory)	20733.892160869666	9733.622353500828	2124.3468493441264	7809.649249296761	1648.6157347260998	1393.944366830476	9421.134264573837	21951.021815120028	2474.417848290533
PWY4FS-7	phosphatidylglycerol biosynthesis I (plastidic)	104219.77323728384	108769.29078845588	56129.74326817645	119961.91014023357	54521.521156343486	20255.11795265579	50925.90464240613	66430.98578287051	25969.21667735098
PWY4FS-8	phosphatidylglycerol biosynthesis II (non-plastidic)	104219.77323728384	108769.29078845588	56129.74326817645	119961.91014023357	54521.521156343486	20255.11795265579	50925.90464240613	66430.98578287051	25969.21667735098
PWYG-321	mycolate biosynthesis	101222.48352723152	63576.299396618015	98737.4298176009	171779.94569207256	101828.91799600831	27937.07996978621	90693.84909350012	51948.60277624892	58400.27647078126
PYRIDNUCSAL-PWY	NAD salvage pathway I	110236.23766853388	187711.84557316863	85637.40161225943	164965.09894140792	87303.29155696394	24230.783842512683	99663.4837911599	55405.93072418668	53264.22890915673
PYRIDNUCSYN-PWY	NAD biosynthesis I (from aspartate)	97744.9816797136	190623.2263080876	88997.23057449433	175822.16884970685	90163.79515515556	23400.400037659027	94253.6098153493	50625.37873799502	52929.10004351924
PYRIDOXSYN-PWY	pyridoxal 5'-phosphate biosynthesis I	46821.53351566526	144818.22304608297	44176.55719727367	66706.95948345341	44657.37587643037	13599.650307340096	64391.41188237976	10816.397719736282	34404.9468754726
REDCITCYC	TCA cycle VIII (helicobacter)	21062.61640009286	5852.5968004875385	4081.254348284802	17633.168553940384	2849.7325467063883	3628.486904540765	6583.519071118632	22939.71090097485	5168.134458452123
RHAMCAT-PWY	L-rhamnose degradation I	60321.45923322877	123471.5592814122	47544.11039761314	92450.35653056994	49628.399773275	10390.088652095405	43923.71710457437	18289.80438235299	19490.45000717075
RIBOSYN2-PWY	flavin biosynthesis I (bacteria and plants)	110765.7394346754	226916.6197894351	94618.04653417906	189501.7161546656	96098.27076376457	28060.30029832625	111644.0101367811	57173.84462853595	62026.304164583256
RUMP-PWY	formaldehyde oxidation I	20546.786186209887	11002.7346784055	4538.508259771375	5822.314790492657	3107.5739635650216	3048.6567013472977	16787.27175456698	27522.784616123	4736.388275946223
SALVADEHYPOX-PWY	adenosine nucleotides degradation II	82220.60812196757	42676.83049970229	8627.433862084785	30520.26681976313	7783.087579663173	3153.15933418546	7932.993347166322	28636.780032685223	3143.648851663422
SER-GLYSYN-PWY	superpathway of L-serine and glycine biosynthesis I	134549.24924449984	221425.49024889743	94992.05493836498	191460.08751864533	96333.28988353486	30408.11279821287	117332.06910821047	81054.01378519273	63802.23559863409
SO4ASSIM-PWY	sulfate reduction I (assimilatory)	20854.02742680948	12280.335535390212	29071.073147316376	18647.57733872595	27746.57719882263	1113.6609373608946	3526.3084705807955	7258.14974494085	1562.4046410468095
SUCSYN-PWY	sucrose biosynthesis I (from photosynthesis)	81.26108471382832	125.82198152621162	4.041875431181	8485.682558801738	1.6755126297864873	5.62083926709624	2.431609299563485	73.11050613673811	38.03444378839035
SULFATE-CYS-PWY	superpathway of sulfate assimilation and cysteine biosynthesis	39921.038428837535	26049.354759457317	48615.58229237706	37850.69037690655	47173.93358361314	2406.062809651011	7680.664383153831	14726.661080025697	3422.534160594869
TCA	TCA cycle I (prokaryotic)	83792.93237619443	222812.00138628672	72257.5289434375	109489.0990621389	72380.66020912943	22269.71582669432	104742.4788127902	33988.099492432906	51580.99623535952
TCA-GLYOX-BYPASS	superpathway of glyoxylate bypass and TCA	568.1049030463139	674.1233685994414	1269.7407606492552	249.5941430461687	1473.0202458557678	156.36161668744447	397.5494094209279	941.874172033733	551.6308640497078
TEICHOICACID-PWY	teichoic acid (poly-glycerol) biosynthesis	22073.719379893915	47652.35722619381	7123.106538162199	26460.46067371187	6446.390718278429	6363.183802246464	17725.1388522877	19806.62503809281	7169.136209849155
THISYN-PWY	superpathway of thiamin diphosphate biosynthesis I	104472.80873227648	217057.5406526316	100807.78899583544	186160.00490121555	103073.09880907412	26038.019206748733	107201.63666750204	46917.06873220502	62115.21336744721
THREOCAT-PWY	superpathway of L-threonine metabolism	500.90259256390266	532.940807691143	684.0624989111135	164.10767003538734	911.9961314050591	69.62915117450748	144.8356744432979	592.8728236473028	196.13165306511112
THRESYN-PWY	superpathway of L-threonine biosynthesis	138372.37888687555	252711.7895922231	99048.52166103062	214152.88520175248	101697.34045273848	34293.26133702874	124945.78347728249	81916.68534795825	69591.59543837966
TRNA-CHARGING-PWY	tRNA charging	128353.0838780334	226665.06517625367	98932.63491217156	202352.7494551867	100189.9444806038	33014.44816174333	113725.64444077657	79897.89561767879	64401.31727220515
TRPSYN-PWY	L-tryptophan biosynthesis	88642.92178407715	178128.74868828294	67294.15277038679	108602.28019366988	67764.71038189232	18406.565931307785	87614.29478032271	37556.91123479353	43232.446712737066
TYRFUMCAT-PWY	L-tyrosine degradation I	52.993669309154846	246.794222569567	26.3785647927354	3463.0902590097635	11.666457928857268	1.1687262885172174	69.71524696456899	201.90135325491468	36.28517659358702
UBISYN-PWY	superpathway of ubiquinol-8 biosynthesis (prokaryotic)	8728.673134565686	1299.791239658633	1346.64363354778	11376.657824094596	1416.1950946938966	219.71641434433883	516.0095431188057	2280.037313482694	425.00045553320894
UDPNAGSYN-PWY	UDP-N-acetyl-D-glucosamine biosynthesis I	46092.6799806168	68709.83700108515	11898.87282363293	54507.20179424284	10673.825932856857	14997.99028497441	28902.533282811917	49395.77625915813	17350.62431658182
VALDEG-PWY	L-valine degradation I	0.2869372349841996	9.453760666812562	0.0270196825830112	12.790722234145283	0.0187233029427293	0.0088108505839971	0.029140341202931	1.5498809557310989	0.0842505276036356
VALSYN-PWY	L-valine biosynthesis	145819.67532863334	248339.8150477291	103589.30326132922	202226.7167189729	105045.8213815755	30295.354058634533	125556.28111991388	83985.90508001701	66492.13511518452
