	210421121673	210421121674	210421121675	210421121676	210421121682	210421121683	210421121684	210421121694	210421121695	210421121696	210421121697
1CMET2-PWY	121663.80839226992	218334.2462316061	98405.62593098433	200547.2972261069	53942.36633094278	48928.377020640175	111924.16458995185	15329.572183603923	76117.09686847008	31050.68654036456	12947.280158718968
3-HYDROXYPHENYLACETATE-DEGRADATION-PWY	38.76410702864205	145.1340024757814	30.815009940338264	88.93932519666373	21.907379456367348	66.60889455989467	81.24872938281605	1335.7639279572134	309.70898111759885	541.7128500950498	326.9851474609094
AEROBACTINSYN-PWY	117.91743400318806	84.25620982454842	291.80928358075425	23.142718059709427	9.281014249938597	47.3784759774815	20.22927759268987	89.0493935038411	62.37217950915632	62.330776854604245	64.7483913639375
ALL-CHORISMATE-PWY	2712.1336072632644	1351.1215685301026	3060.890862059904	561.3841024415716	259.356055565566	794.9932578818184	476.4961450081713	1189.8543003834054	1134.187501985831	1218.5687590637363	868.6337249932616
ANAEROFRUCAT-PWY	106896.27014097034	190639.83198799635	43697.87604974278	137894.54709103642	48591.16104565595	51988.2080681624	112090.87658602075	21046.28014027205	75897.10692501551	28559.848646813945	14903.296746967126
ANAGLYCOLYSIS-PWY	163942.91222813702	277142.85324542754	123144.27086288943	241096.1544382201	70236.6003942565	70489.49786594343	142482.22207160256	30754.71670326744	98077.62415930495	42691.692068296936	20405.220485394515
ARG+POLYAMINE-SYN	17724.822091553033	18712.47456688034	4782.252374844569	34628.87080851415	15385.982725740512	18876.016265183214	28174.491036400526	12360.826272354714	23340.37344303137	11686.77453941595	6563.043011289018
ARGDEG-PWY	99.08751380887645	76.7516327176727	272.0332096707511	20.931882291172524	9.22156525584225	42.786425698508296	16.983787959528357	256.67557191614713	72.93747989679443	60.908775210079334	57.83572946054625
ARGORNPROST-PWY	15953.202380740851	8076.1045902946025	1837.4415157805606	4578.659118823388	7512.54394213329	7098.1196309488505	5719.573673256349	2814.848250364258	14250.377733239942	3697.547364675506	3597.4313795300936
ARGSYN-PWY	84619.11332714668	98684.86716090358	57781.48344905688	74029.28983360226	46094.43537711391	47403.11145497378	59190.68056591783	19678.116416076988	59295.77488537266	23673.041817423316	11436.239564647205
ARGSYNBSUB-PWY	76622.65025655116	70579.55449314565	42164.84947056001	57804.379070886236	45213.02280935	46364.921574871325	51680.11975149305	18866.79541334064	57067.12154414215	22564.927393448736	10868.29540295889
ARO-PWY	114166.1781629572	150830.11197307534	68094.18029571767	135360.41937559194	59891.32687143525	55045.53487969685	90532.97085270593	21185.09408787627	77260.8468676612	33334.78255495372	14316.339988648446
ASPASN-PWY	134743.88675206227	312523.3785364564	107011.72345738675	213844.64038848647	46478.347576277	37920.8130879198	115540.79879521165	12016.052125316508	68927.42768579804	26403.372184798496	10546.02347285225
AST-PWY	178.083591787854	185.7854159057382	410.20138957589285	151.00213846602347	17.70045174427375	77.89420816557178	49.14353458102395	468.6572214158165	114.88285654363169	140.89733173544548	149.73482828155042
BIOTIN-BIOSYNTHESIS-PWY	91973.5911425367	96349.06024918349	86163.62575328768	154443.5707998732	24778.499440006475	18084.454289242964	69980.43671395034	4565.209479337673	35247.80035968907	19652.156095786842	6412.142646287037
BRANCHED-CHAIN-AA-SYN-PWY	140375.33710383717	231418.18499211452	102763.21696189334	197581.6493766242	64151.408443039254	61220.97573703847	102577.0050397904	25272.907870404193	83457.78000799668	36612.99407014318	16367.054919218419
CALVIN-PWY	157214.97892856656	227061.8002717541	110384.28805195256	223221.45068851125	69260.9341729409	61388.7937823575	132353.04307386637	30422.873025822762	92217.82136789752	41611.84552361585	19799.335333025323
CATECHOL-ORTHO-CLEAVAGE-PWY	36.371899568080025	134.32023102254772	25.891148961737084	34.80207338884914	14.116861337413706	49.89780546279746	53.2167029732285	910.1812349615196	175.85295776756095	385.76875217513617	390.63403129950217
CENTBENZCOA-PWY	2.077979441009181	91.54751428951965	0.3049335029200389	2.548404239131259	6.558805070940869	2.148138398718677	30.438537825479795	14.920447020207458	2.862251134340044	0.8878163393508823	8.92593447407648
CENTFERM-PWY	8203.523841981016	3469.3897419066284	3553.6237855626127	14524.864649609803	6141.209350960189	5461.067860966554	4813.350658547036	4513.268632351298	11522.02353817331	4649.769252881427	2406.6963376082217
CHLOROPHYLL-SYN	8.813575035211302	316.33741739001937	4.204736133749885	8.189143052071392	28.384264906509348	26.596080674269096	54.67154445349497	334.0725032094256	44.05594587036597	26.09124207711538	19.31207754310534
COA-PWY	124014.89842252331	224948.1318321805	107436.87044335474	198618.90654529465	51691.88862035391	53501.31876566827	120251.77978086504	20918.601556838566	78837.81661458622	34158.47086657521	15104.0524598472
COBALSYN-PWY	68308.10316729781	137089.48098873743	62115.921143296866	92982.53471053827	23393.305435438073	27945.869771152626	64729.811875317835	15223.117959469993	34310.379827541336	18456.2340120117	8326.070530910158
CODH-PWY	1071.1048206627202	28562.326195479167	2420.516480436858	6917.93319937507	1206.747025302286	1309.58425996715	4688.253695285022	1143.0354867620483	2008.3950594881626	583.1353781145253	385.03478095345184
COLANSYN-PWY	46357.47928267248	138730.76311528328	52842.71278641657	102660.99020029939	31136.498930869744	27429.205110558305	75040.92026676553	9121.638219230903	50828.213984429334	23045.889546655064	9854.323412128886
COMPLETE-ARO-PWY	119081.67312925517	161958.2068716497	72672.30694082279	141737.2365088046	62185.70560651237	57009.37330999858	93704.17185168313	22036.22036566689	80226.77128042899	34203.429555234165	14804.260268963984
CRNFORCAT-PWY	1.3929491392987552	65.96014489531218	1.0085068675446458	8317.54169906015	2.5617692945530686	11.338399110337251	24.820987298031906	228.57421173417248	22.41319989084438	36.60021462418335	35.04640385767644
DAPLYSINESYN-PWY	85911.41078496272	91102.35813409454	20389.892662145758	74961.47063889142	47064.94237986086	50012.50039689435	59680.95152466377	22781.950472106968	67044.23559547249	23479.07020510651	13404.821375884494
DENITRIFICATION-PWY	17.50151321416966	63.48699446480887	0.4247509155051854	7335.328974932512	16.602156605024774	40.230531731571446	293.5826298945917	128.83818950078333	42.613609058801494	21.58880024799261	73.38658028469648
DENOVOPURINE2-PWY	83898.66363628206	246710.01625581784	84465.39255989621	161109.08423764026	27086.873646590477	34990.07114966411	95404.76379649734	15924.841539577994	56504.404719822254	24240.095982458053	9497.051871662115
DHGLUCONATE-PYR-CAT-PWY	15.347476830957062	37.75557957744084	3.365030268695888	0.003340187689448182	0.0007328581340767758	0.0032448386982021522	11.609007171094238	190.85005009086035	13.851786690408579	15.586665565256515	40.345492250825465
DTDPRHAMSYN-PWY	154484.33362134107	414658.1409765999	105636.00438531916	231132.92341458777	51002.45381560214	50098.71579882904	123096.52540410883	16088.647412043834	62800.35982880545	30145.07945369869	11117.091846789712
ECASYN-PWY	370.58428074816914	254.2744833637577	860.5076524832987	77.49817959993783	40.82882564189912	163.8530632809974	56.22198286966642	465.4307209856465	256.24917672240633	380.0039062665036	256.1306863615994
ENTBACSYN-PWY	2242.605400593487	943.6287691179854	2025.3733393118016	335.708246541237	381.89120459887613	551.0581662683327	512.7852127483144	1002.1277896674798	737.2913304346124	956.4428919044863	707.0151753976097
FAO-PWY	5113.197705616188	1942.228366886701	2134.452555659637	6222.204048611185	4152.081229955383	3615.712548039744	3140.6002205295135	4433.4940017591025	8700.954309586712	3180.545849842473	1945.3277226622681
FASYN-ELONG-PWY	135425.25679549153	282315.30045388057	118660.78209967863	244358.10813536792	43862.904554026565	38958.63021806132	124942.71801191772	13003.965407741742	71827.5600036846	33943.08757649694	11395.899543899985
FASYN-INITIAL-PWY	82428.27348087603	47896.49928172516	59535.575139319924	136062.59892166022	26694.20133724375	16983.779960184926	86351.06079646024	6424.088957250498	42848.811617887506	22046.504208469763	6588.626844063081
FERMENTATION-PWY	83093.47838871593	94827.34010393081	13766.419343358986	61609.879290749544	37572.8010217896	38381.54123227537	61807.44895264378	8853.169129877959	57602.91169633224	18482.071985312978	11464.496809988455
FOLSYN-PWY	104543.77773773753	208970.49307526057	96541.04693489641	181859.48657730833	29365.704924767597	26164.005182233705	100133.53529609546	10351.232802932936	44706.55645619797	24962.43757892381	8816.89570417284
FUC-RHAMCAT-PWY	37918.17769190168	16919.188942800065	26273.47756238158	14114.471274156398	12544.031291489864	11337.896279355351	18193.38188834518	6496.280705104712	18841.143279726795	10502.63746926898	5186.238328926913
FUCCAT-PWY	31973.596000406134	8102.222688846723	18056.466097424847	6889.967539685228	12230.31778582271	12732.863038992256	11317.310308469816	8398.24376475345	18049.49725939933	9908.31125279606	6753.819612388329
GALACT-GLUCUROCAT-PWY	84111.67329093497	127303.88568733097	51503.79400675785	102507.67408940854	18124.767749864932	14096.398073427603	44950.51472756181	9150.548253253573	23571.50015440323	11291.462531437513	5298.2428891336385
GALACTARDEG-PWY	8628.404889808266	1214.2784515820845	1208.0012930630708	3223.3653660612026	3389.8585090189163	1951.1994348891822	1487.4026317495402	2119.4818391214326	4234.699233575092	1693.3420132700383	992.5658266315239
GALACTUROCAT-PWY	91395.27522588214	155697.1719918648	54769.46992306715	107176.47932543974	24317.29306406615	18507.95611277638	51946.400500537566	11190.786791372411	33043.7048207092	15960.555100480573	6298.931406007504
GALLATE-DEGRADATION-I-PWY	0.010769160793845472	2.624892086318657	9.174004435505388	3.787259766476182	0.02810227030673477	0.6496004262614403	3.5472491514452114	459.50785500391686	84.3112640720242	226.30755869310755	103.8172546048533
GALLATE-DEGRADATION-II-PWY	19.717423197503543	63.36188227889598	26.272993857397	17.47839068060106	8.497721018745493	23.644245626867725	25.205032048004572	575.550171101349	96.99374775771963	241.83217335505665	112.36036642919619
GLCMANNANAUT-PWY	46579.367741113485	66288.97631308365	8044.865732812525	43306.402652207944	24516.02197056449	26652.05812492062	54076.11721789582	12218.461156464757	36120.5979406198	9870.04868802491	8067.0456031745625
GLUCARDEG-PWY	5229.4673840018995	1214.2784515820845	1099.2647822619845	6328.364167772865	3429.6679566707803	1761.91825047662	1530.2073135795908	3022.653685707026	3771.0136492268407	1587.2469709289494	871.5061734308671
GLUCARGALACTSUPER-PWY	8628.404889808266	1214.2784515820845	1208.0012930630708	3223.3653660612026	3389.8585090189163	1951.1994348891822	1487.4026317495402	2119.4818391214326	4234.699233575092	1693.3420132700383	992.5658266315239
GLUCONEO-PWY	142612.92723231408	268210.65609601355	116902.10545020003	236232.38483152527	60187.44264885568	57946.17273754847	129598.41875291808	17710.414680145797	84875.30797295693	36726.59313926147	16026.493870296941
GLUCOSE1PMETAB-PWY	5555.4205471098685	1194.9908422200067	22347.168188404215	34030.10632471421	3130.2551704122675	1286.9012645832063	20143.652312669336	945.8092667758209	5756.414932995724	4430.489003648262	822.1216434364931
GLUCUROCAT-PWY	94328.40873090755	131239.03941642947	52206.160732703735	112462.08640704611	18096.71338656824	14384.600297240226	45084.582503526995	10589.571524044259	23415.113795086927	10705.190924031864	5599.653409260132
GLUTORN-PWY	92961.12204339153	182729.83187495702	72792.31849728352	148594.96217609444	41310.825159362765	41150.000350255745	67329.05851881653	15662.952968145824	49917.09630585933	21042.68293286844	9532.20140298196
GLYCOCAT-PWY	145537.62986347318	210649.76557421582	108061.4283477939	207565.24077478336	68084.4285638708	64243.83846252271	125736.95733508114	22422.310792152886	95683.95411487995	37430.5469016728	17012.342336695885
GLYCOGENSYNTH-PWY	105518.12426324637	95730.35432985688	26127.423497780648	99752.42503934808	61834.820699378404	67991.58854381874	100927.04103458632	27672.965790956823	87192.43547026807	30726.141724810605	16789.124763156782
GLYCOL-GLYOXDEG-PWY	593.090151538491	1033.1204280842767	1381.9442949359618	8442.388321134553	84.24665311461274	365.29418030749173	1176.9651581318085	768.4076990219353	544.228308124662	636.4854576239768	706.8736231192239
GLYCOLYSIS	146453.00956998614	261258.02654343788	111418.97907907832	219896.2532423903	59875.54652848031	61460.36679118182	130815.0636532627	24030.38528810933	87680.3583000488	35293.6551445104	17203.509152510058
GLYCOLYSIS-E-D	52665.272152790545	98244.1945546127	13216.530307459303	53467.355153015116	22665.872068227964	24374.184444622686	28475.923998037902	11135.412624512008	32593.8846229542	10320.330031779193	7392.620191580629
GLYCOLYSIS-TCA-GLYOX-BYPASS	1158.642398693778	1378.927234952511	2457.0420674895704	515.9245021419877	166.5773130236408	727.6759168018248	436.4334496378046	4444.641153907889	1279.9814722962142	1722.9879981644146	1415.8948964197564
GLYOXYLATE-BYPASS	634.3355441399137	1040.847469848043	1449.8105479179208	11127.606759149256	88.07148405637537	436.97149691647604	1247.771360799143	2259.5614049019164	601.516607570192	773.5814163968089	834.9509850155075
GOLPDLCAT-PWY	2917.5721476235963	2193.2138965244753	367.68492371925504	3673.1915617924747	4109.837196978668	5214.764309329718	3062.0326394568624	1482.58688105356	12867.807031866094	1998.2543966143744	1621.811146393145
HCAMHPDEG-PWY	158.817685593468	162.903599246562	386.2590238490495	39.282991767519206	15.640363078417359	86.60726338343868	57.31781017848069	173.58654746075166	94.62805174796553	107.35088747148275	135.45905772201758
HEME-BIOSYNTHESIS-II	3703.4434314965956	43737.750781932235	4024.742555965053	26185.111401584654	1639.506299678532	2309.0594701009086	22124.920385307814	1571.588583701662	9583.863269216805	1524.6793547659768	1216.152866375993
HEMESYN2-PWY	13893.567554611707	86205.17651315572	4155.95286996783	30153.300442492528	3497.3871848201625	9790.694336071876	26787.370467701523	6002.0121264931595	16296.31968093791	1653.7863468266396	2983.1251420971334
HEXITOLDEGSUPER-PWY	21978.290970984533	31448.492971988504	7786.763941497854	12646.311914354235	15168.0256756394	22307.403897203287	17351.62379878493	12531.89161029174	24991.107944063308	10983.962357640858	7880.877811384602
HISDEG-PWY	47668.77369351881	144111.1534980998	38537.462716608316	86423.76755869544	11076.39923988919	5006.786635008071	38224.48255313289	2004.933129669194	13959.8136806069	6546.711013436981	1486.0834786957666
HISTSYN-PWY	120508.36294375586	212070.7108897642	88027.97041663615	167739.43912990592	51364.069262645506	49184.86078639077	85550.25687545355	20180.00759354283	65015.46705629404	29866.22449064916	13050.381227466796
HOMOSER-METSYN-PWY	55733.03810401052	56557.91747227144	48820.59143590378	90079.96508856652	21447.84659006692	28435.641238418077	52843.19489957035	12258.940102822584	34289.26405904708	18453.19095122841	11239.038636445297
HSERMETANA-PWY	61171.83335682174	60859.03153091846	54499.9147674302	97438.87542101643	22701.8596102054	30688.28238619999	56583.049074817995	9800.963504608304	36192.31712876038	20516.852882627496	13053.255324985712
ILEUDEG-PWY	1.1778612861970759	6.518416115496578	0.852752102051165	9.87474280020931	2.166720392213279	9.597383485081037	2.307798580668696	30.68759614969895	6.3038301197596285	6.032227502783207	8.312828202639173
ILEUSYN-PWY	149767.75730470632	245984.92466651017	106749.87624427951	207614.9939169916	69784.6218620109	64601.112421887294	105840.8105841783	26877.302741208096	90027.52474559417	38707.613123484254	17510.90734522867
KDO-NAGLIPASYN-PWY	1180.6857276420194	821.0873645922077	2798.110440965982	256.6103114316237	144.01934605875354	538.2767504137063	180.01884695533218	1136.9988855851416	778.9294861376172	1186.025048290613	736.4248312979174
KETOGLUCONMET-PWY	487.6234930042738	332.2103576431022	587.2740006881343	103.34641014530614	87.44744457507288	199.43918077131298	140.78625689070853	1255.5928630875296	436.591427009473	563.3709913349753	278.1345963590009
LACTOSECAT-PWY	4384.075466198982	13035.068057681452	1520.0483246161798	9149.492412761641	1836.7202602199045	7457.161310553575	18923.37892481202	4170.558991163376	10748.827325645103	717.2172374325688	942.8156721126958
LEU-DEG2-PWY	210.71449874696745	1260.2508877378987	43.056509066363816	6709.589659140932	112.02603578163782	183.70398033990628	1512.9255282165254	1722.6531039912727	366.37412270977495	459.804574414628	684.718938582674
LIPASYN-PWY	9.5e-15	121.56491129940305	7e-15	8.000000000000001e-14	6.351544920324808	3.445e-13	33.71000886686807	4.487499999999988e-12	5.1e-14	4.9e-14	3.0014999999999973e-12
LPSSYN-PWY	596.3930903244504	485.1668545563113	1534.1537199626907	178.40548951791695	109.1829620247851	328.92362526387836	161.5928948053926	148.69312158128287	362.96146238489825	317.5785881601352	2.402874982182289
MET-SAM-PWY	72819.93031830064	79077.48154716399	63088.03919937363	117948.70841718081	28462.129380200367	35766.47258184957	69704.4193050369	14730.302617490534	44947.85996734682	22695.36422353661	12622.133031488996
METH-ACETATE-PWY	3410.6351174005526	27465.043901144007	1064.611268905312	9330.465064140639	6112.433336752665	7583.656936917125	6140.321246595085	6007.7270870119655	12614.9804277375	2954.692224919929	1937.5292338390052
METHGLYUT-PWY	249.6136092360325	316.55510097250027	632.675356057331	151.05449622649576	40.62809097355339	202.42327170922462	160.74753356719444	400.60727325014363	196.17609690507254	221.8596618323275	474.43566334599194
METHYLGALLATE-DEGRADATION-PWY	0.013461450884347508	3.281112064348139	11.467352290612816	4.734061547493307	0.03512783613481595	0.8119995801564422	4.43404086628275	573.3740265474812	105.37671796581033	282.6547937503396	129.6767221917941
NAD-BIOSYNTHESIS-II	1984.308882549971	1377.3690496389718	1435.6681389331911	749.2609062202316	1785.687068047682	3457.198489525955	1292.1457941715394	2019.2922608120602	2144.467224264206	1191.8496203078244	1573.0590417514125
NADSYN-PWY	37.358176144769075	8.552921322773624	26.532720236277672	13.94175901350437	29.2723377561277	84.7673445334364	4.320000365156663	1333.4423187096816	213.17989398520967	411.5377777976583	215.61640125970655
NAGLIPASYN-PWY	88579.94341481662	199997.31640520284	100331.04631808864	188952.94499192096	21632.176898214962	13292.548646688443	84709.08363663177	2477.5063370446264	32852.150945176254	20798.70805587705	4797.4946794291955
NONMEVIPP-PWY	132763.14367847887	209278.1513438928	104514.17240113155	204710.30228640666	62084.82452010536	55351.50194039852	113505.68115920018	20874.881654957928	80558.52253158521	35457.69042980168	14144.423398828647
NONOXIPENT-PWY	196585.13089814855	243851.3438038023	133443.35247618702	263596.00916225225	89667.68567643488	89211.02724657579	156877.42899463134	41374.772171348595	119734.8280180541	52682.04302047183	26726.910817912874
OANTIGEN-PWY	67899.25472706347	94255.85456554957	21030.50201907574	84678.45712190255	44594.64290110802	46970.54786278929	80130.78940206945	17918.405533126257	62079.044017578584	21736.910412110232	11601.6917120846
ORNARGDEG-PWY	99.08751380887645	76.7516327176727	272.0332096707511	20.931882291172524	9.22156525584225	42.786425698508296	16.983787959528357	256.67557191614713	72.93747989679443	60.908775210079334	57.83572946054625
ORNDEG-PWY	272.78293883307	304.70427548185074	624.7936310715678	109.22276815712989	22.93886525153215	128.40943803002037	310.73134936062405	273.4995940724788	149.43377349286214	148.26130148387116	204.38757765659514
P101-PWY	32.33756323922848	525.5192991675569	27.15991166043406	4474.733155792105	28.96087204566939	138.36198331709448	1197.2030652478759	523.0920893494008	29.503123656680692	52.4020509250313	314.0586253943208
P105-PWY	2281.9798371839606	2880.677336335213	4048.5372284606983	860.2835055091608	346.661958613711	1440.1065071077817	7043.375118994667	5467.6540552277065	2675.1702533733296	3479.402547177334	2530.365969850131
P108-PWY	128308.68911252625	259940.12168465258	116960.90040128621	222155.36125497136	34609.489357746155	22690.885443820567	95610.95823033024	3937.7130794649297	48535.902062422705	26478.232281593653	7664.09778619053
P122-PWY	33187.26196547808	48545.38003599483	9787.130609048969	37163.973720464	18020.997031981417	21263.132102691896	44073.485619145285	8163.3190725968525	34458.69890578222	6669.854324256855	4305.287251086203
P124-PWY	41073.96463928998	56401.918566077526	11560.666291124167	45254.407196159504	26531.051379965997	32458.910335894296	58697.37570609282	10905.039723715665	51540.11837324531	8563.43887202195	5635.448520828643
P125-PWY	4100.123540521123	2449.806478129593	377.77475640274474	4441.500318958371	4159.355623786762	11580.780736689472	7920.128727628872	16857.365227826616	11442.714750981237	9674.232359962194	6575.702343938886
P161-PWY	57815.51922717513	58279.98634731226	7329.6415034283145	36423.744642696016	29359.232779318507	39048.42564271285	42514.41333389099	17868.110992070862	57240.95502286079	12696.687802372542	10938.085851919745
P162-PWY	2255.5256239008404	2235.579415106387	324.5872874891907	6996.938557761948	3364.392912600277	4830.11418144507	3727.6118901251284	1620.236633488268	6904.273878830825	1572.254835633315	1659.5409962974663
P163-PWY	10127.083882867126	6799.946318956639	2125.3807919650017	6764.784175592501	5948.860127409506	7483.7259871109145	3806.3061303668824	1151.4412372547376	8974.422368853186	3186.3320888412327	1409.1633934883278
P164-PWY	45912.09678012054	54370.392160874486	14615.16365507374	40624.67164372935	14719.779708145976	16919.671584379284	19424.425587167774	9691.995337720487	21508.123964086608	6790.322021115753	4983.887681223475
P184-PWY	0.0	2.627545523112076	0.0022175449945145893	4.099893540464681	0.0068478306206907254	0.33710057467822896	2.904627222170375	509.96325048116904	91.75692447262786	261.1337092235205	119.62060125207468
P221-PWY	14086.016475248101	913.0864101923468	2123.717239533256	8790.35843462873	12440.035531454847	10401.111001363719	4818.335220369119	2624.393004707557	10772.462569073887	3046.9018287109684	1475.8575388220243
P23-PWY	7430.837711565595	56330.98588683424	7259.699496295132	53742.77914262779	564.6224623057817	7599.5322078258105	15819.692732864161	7721.49066201774	4917.889658034186	4243.669263930269	5625.96039678095
P241-PWY	0.0	0.0	0.0	0.0	0.0	0.0	0.0	0.0	20.481234666383767	0.0	0.0
P261-PWY	296.8981803535048	173.85683552475498	13.571466367201097	181.9450849636505	262.51088948020276	354.25976054809877	314.2958022107741	148.42794896832785	165.39488341739067	63.98023756013468	87.41276363933791
P281-PWY	19.523768379160124	613.0945411764211	23.967028536968925	685.2106658045069	8.83499311472268	126.27017283570703	891.8600530160368	1098.8998629275911	206.35367568817225	465.7830656848656	316.48671779950405
P341-PWY	1855.0071110253841	97.88258599473465	126.94361637014723	357.4718957878278	1139.218716284657	593.9220246659414	363.68635594192097	574.6760669850448	465.12088870292325	746.0582655553038	1471.1238657892022
P381-PWY	107.82327480777798	3460.2321728666625	31.435441413938037	460.6929492669819	71.23752774922811	583.3370861560767	5432.71873704903	3024.638985701683	722.1920410523413	1653.6041533428986	1693.9411766302248
P4-PWY	49673.997913459105	82889.06458116978	10605.614950902916	72125.96294713175	20331.993993297587	31735.817285978443	32316.210316173754	15591.381830225493	30151.249954530147	15842.621944629323	10688.357180165509
P42-PWY	171589.09225736232	355046.9492637029	139900.88001269873	271803.39797794656	47077.05890762416	38240.25650457913	143355.82883230096	11157.266910916625	74490.26027295916	36490.42947209402	11092.815790987728
P441-PWY	63458.89096520976	102073.79740930656	13722.816488249418	59939.951638301325	30569.159860149917	33388.38139463912	42387.55278729589	14308.84065664647	45335.114569054094	13230.364762540148	9588.199562478949
P461-PWY	7762.075682722763	38315.92504013919	5395.6779006065235	20342.27532525799	9902.964413578264	23407.91024965859	16726.260933507292	14791.656657761072	21261.356340920243	10155.955375162834	8397.883519868614
P562-PWY	8803.485714644776	2074.6921259321593	876.2304536064914	6968.208779766175	3006.5319791398224	3123.4110454845177	2253.195565469535	3537.3980881057128	4064.0859738515487	1892.4693785209386	1373.9241794012157
P621-PWY	0.00027722983062386243	0.001534363892942546	0.0002007163953376677	0.0023244510609195445	0.0005099848025904507	0.002258033423817849	0.0005431913293128441	0.0072290142529700474	0.0014837973846735712	0.0014200511902760773	0.001957389086617496
PANTO-PWY	99520.35483842359	229466.79144919108	92803.55918420757	175943.34028253503	32096.56234423731	35640.53337440149	87944.5046573757	8077.086299339697	51350.75712986784	22713.58952142285	8683.637546021037
PANTOSYN-PWY	107093.71585766537	229027.13204369138	97503.66412247797	182192.18576647638	36841.03782054603	40485.64664368631	97744.04659266525	10098.26013624022	56713.26693023852	26089.661332627187	10358.76663013362
PENTOSE-P-PWY	89451.04340816003	191283.6200680755	50522.31941419276	110854.17033924119	21295.900534539418	24875.39705082454	50427.468291742174	14620.981776654751	36046.376337176494	14287.224228714984	8715.697111289774
PEPTIDOGLYCANSYN-PWY	131157.0546634094	215973.05492751522	97777.81299252303	205146.58931902563	60759.41002228662	58688.71943157426	124860.76560817492	23747.838708066593	88993.89862203985	34324.45071258116	15829.617096103726
PHOSLIPSYN-PWY	113460.23358126097	163265.92837946935	75364.186381381	165784.76899659075	59832.2802015726	61677.59106968112	109637.5462048112	25072.438098361294	85446.65396122202	31006.340157474584	16228.64351948558
POLYAMINSYN3-PWY	6364.159273902904	10638.89820413858	2680.194085896302	17915.548017419176	2959.508797223607	10743.264663479915	16348.53692063877	6296.5422259426305	14971.678656820366	2586.4202038946632	3033.684086954606
POLYAMSYN-PWY	9906.687102782797	10526.885317378094	2525.5174369940073	22901.26230828942	9338.656140736282	12057.413006215622	18634.137521034314	9713.118302010043	14657.469363573362	7760.278813476881	4661.746645319396
POLYISOPRENSYN-PWY	109291.39471348621	197727.66986853993	95784.88072295955	190661.95255908827	37764.44706490903	29152.73160963622	104124.36483752671	9891.85960767408	57888.93247901563	27977.639197314027	9678.534006030175
PPGPPMET-PWY	585.0132996058924	982.6297181325746	937.5551157580428	6109.9707189611445	247.16806192635508	488.2983649752121	674.99033374513	3240.490293898947	828.241577786575	486.12322057226663	630.494953524231
PROTOCATECHUATE-ORTHO-CLEAVAGE-PWY	51.065061203404426	327.2671504656985	26.38937299899487	43.660861209297735	28.76460100219057	53.54513988969053	90.5593883624306	1394.8961100919155	329.69742525264115	514.83629871228	343.06800855057156
PRPP-PWY	56209.416135053296	144480.85743051543	24800.373228560275	98151.88260713323	12624.738368856342	13075.382357144941	55274.025957275364	9608.656017601736	27652.70248258715	11908.709457097302	5345.226711782907
PWY-1269	87691.51637209444	206998.61518444848	94284.26094056935	178772.7677340506	25677.868630627436	18440.23431551367	80391.0269918046	3353.0842741602423	36046.760120530365	21097.16527161348	5779.882325434803
PWY-1361	0.0	0.0	0.0	0.9872736165797813	0.0	0.0	0.6320496714537992	376.2596727830564	97.7763809638173	142.04108909902183	124.14877305248201
PWY-1422	1.969473475551919	1.8720687296887177	1.381384671280649	3.0141124110003084	4.101764970985526	11.744005459071113	0.8190258723357763	190.26402663997155	17.446799765411424	11.750596945263263	8.535398826529075
PWY-1501	0.0	0.0	0.0	0.0	0.0	2.5186300874145546	0.0	31.14518295724712	0.0	8.869274653433926	8.718341633321176
PWY-1541	171.68430127498507	54.91619964798009	31.709589942599084	221.30340213843536	55.086632915700655	184.23551528807076	608.3556739715899	74.68284152497145	248.18626202046195	47.4207677371837	28.349438265101398
PWY-1622	10.470584240032512	44.415281281363505	2.3318254321470544	1585.6039450005542	19.314653323756602	72.38853329439719	17.59037060204676	143.493583717751	548.2047976393906	154.43439827825048	64.09641330882256
PWY-181	16.777982419178564	71.97320914835451	4.939259148526278	22325.012245629976	31.50039567976188	125.21179009905501	29.37470612784561	2288.1586708859654	1461.5661542505068	1205.9403093276092	581.1673595124109
PWY-1861	29468.595635384838	15181.485993254706	5944.70628437962	7462.099089507009	21753.35158437231	21030.119631983896	12417.003374859267	12017.749500910262	22950.397229160317	11146.269774482424	7547.667200653561
PWY-1882	0.0	0.0	0.0	0.0	0.0	0.0022034680655810763	0.0	0.0	0.0	0.0	0.0
PWY-2221	5.186603747971927e-06	2.870634510000377e-05	3.7551399488968985e-06	4.348759024902298e-05	9.541131948979003e-06	4.224502432279567e-05	1.0162414664341382e-05	0.00013524573381504287	15.826412050250825	2.656728544364659e-05	3.6620273438521214e-05
PWY-2941	23238.509237037808	66412.13737257566	4458.388109529594	35719.31609163041	8449.276455966705	19392.128946987323	47341.346723542454	9791.065344525574	31319.491530862917	3358.319615550045	5661.293964500332
PWY-2942	146263.90055314673	238144.86901363364	106796.23619636403	221182.00327934136	64388.42512892301	61927.45885570651	128580.10501258438	26067.11573720459	93118.77518566018	37615.500991978806	17320.95438524941
PWY-3001	142562.879488889	244832.6648930215	102810.13933401431	210477.8888221503	62467.17359988367	58572.36154649798	110283.62227393835	23562.066590017133	83712.68658288028	35900.38652917013	15623.268600620491
PWY-3661	0.036783164675940234	180.38289536594723	0.026054884450156985	20262.482658559882	9.379510195191894	0.25414834058061253	49.83624118494527	2.8564059629811127	20.5998113338528	0.2103986081427377	0.18895467001113708
PWY-3781	741.5479759839068	6592.743734586376	328.12042201569204	58724.368053376835	1552.9480295080793	2408.943747816451	5728.132315386589	9512.112140561632	5111.914537228146	2917.558462470217	2704.231579998691
PWY-3801	250.81287745045134	364.83369187350945	8.304692934488344	250.02814385735815	302.18040165925237	73.31536485089036	4.887697489287067	1096.8925776000667	106.10608403271603	105.81678559894696	51.159196749148855
PWY-3941	0.2208640850100558	7.497371201831253	0.004584962533090747	10.878476000083582	0.19571922304022438	19.43098885169317	8.295942094627932	6.736256570076818	4.186211489956708	10.395406593100988	59.19657703212548
PWY-4361	53.967516142653565	153.37536819991436	16.98137198407162	371.15138914077505	38.34398365321262	34.19991050558307	140.88235860672765	541.348710125302	113.5293761621937	42.0066980572617	32.260472796153586
PWY-4722	140.5419418989515	2155.5371407756015	61.048847046507575	1156.444635866926	7.707489318181737	444.67630367923175	66.29674558529281	85.68196346580869	64.06074009639339	15.420061190337849	159.28864841813194
PWY-4984	26549.61893052136	58419.76790179203	26426.522562452355	25251.056150161687	13676.98766611552	7405.391550521494	19445.944195947883	5517.325656782478	13111.146789362052	6618.989234490168	2535.145417836604
PWY-5005	10105.599202812165	13634.216262179694	751.9571035502363	5029.49827287605	4316.9703852765515	3731.030526155743	2963.3016605995676	502.3269867385949	4663.200979080381	945.7555384998793	431.67232020060965
PWY-5022	11984.245514544535	10259.43732572246	2904.134785468554	13391.110029003323	11974.239734224106	14951.039456277515	12845.195725820387	8489.01212865071	21193.44614175638	5164.044347170031	3588.754234144984
PWY-5028	43.72720709868276	264.0798238774736	53.72911347057881	77.78118077965105	17.569879710700018	46.6510664704232	85.64444399209842	1470.6809303643076	408.2874039792124	1129.1697470392066	455.2856887942464
PWY-5088	170.18127507367223	234.73895893570992	2.5554629065351886	169.25630857339866	197.5472638447996	27.613512386667228	70.03585882455575	29.37078911973052	213.45139418398733	30.737958935694486	8.546219186938064
PWY-5097	142977.52700098662	231232.0657926135	99447.84533552415	204339.06097547276	63096.87056611274	58893.11415087849	117062.54086187703	25676.784634915737	84598.68549146262	35706.965874883186	16578.084141490403
PWY-5100	150052.56481854088	222402.0178326948	96641.38828430044	207410.8005516326	69885.48127240545	73461.25502703921	137932.95445112148	31626.333081300098	99230.4207486089	39115.92460333505	19150.928589634826
PWY-5101	161913.17413280273	267943.54858367	114718.32443148809	221838.66107137612	75117.85027553154	69860.71918825379	113449.29337004115	29042.537984840343	96396.58404954121	41611.82450878902	18791.604384676088
PWY-5103	137747.36184716134	230361.13316447876	99314.77821348594	193055.8506277113	61719.40597731754	57572.11649276755	96436.38222284848	23421.493314720778	77943.53398344894	34771.506085343455	15218.773652214188
PWY-5104	158498.82314385794	243602.73028206316	107245.27438039478	210650.89698451263	75736.79060785034	71338.94620032377	113497.9222857202	29177.172741586415	96388.81945778127	41314.47191789715	19038.90776300269
PWY-5121	128382.95115594532	204018.07888356218	101350.36147818154	200915.48149653943	59433.62801493205	54143.67443842695	113274.36506532996	20705.349359981115	80046.82790175226	34471.16848810891	14281.975328639783
PWY-5154	83560.78274683142	113290.26335544063	61865.16066217129	85289.13041291958	29043.136936961742	24442.396603566027	61619.008242352655	9754.559503339447	41933.033410784934	21740.812774888884	7935.987378308647
PWY-5177	4805.095284463711	1487.1623483856945	1804.1919617613694	7186.183570447257	3677.048280811851	3321.7554206626273	2854.518656226869	2091.614253946159	7238.592375879281	2692.7561399443325	1466.3148661207067
PWY-5178	55.01257170048755	116.89590664620808	29.120736911326045	42.326751323994735	15.300611928881853	44.80619313112849	47.01018386203805	481.12163710640704	110.67778888151655	123.33758631551062	98.10738775537611
PWY-5179	0.0	0.0	8.001592561321624e-05	0.0	0.0	0.009441876236099465	0.00047866658389312454	0.0019703902683979157	0.0	0.0	0.0
PWY-5180	11302.568688260802	914.6657442700188	1257.5184932470324	1565.2993708211059	3020.0986277327866	1685.4358740122616	1511.1185668205105	1648.8810427386059	3813.0454177410425	980.6996973277767	1778.6106097847587
PWY-5181	31.700438941107855	156.91568022677603	24.60564434722427	31.36886095312138	11.016138491920806	36.315499798109	49.20527876618904	594.6025792306959	151.58853940476104	201.10699888949026	180.96175119263827
PWY-5182	11302.568688260802	914.6657442700188	1257.5184932470324	1565.2993708211059	3020.0986277327866	1685.4358740122616	1511.1185668205105	1648.8810427386059	3813.0454177410425	980.6996973277767	1778.6106097847587
PWY-5183	38.99733603549717	123.72030682823787	27.420953164323596	34.500106730114744	13.485632116651551	40.320531073924954	46.43650516941757	483.8231004904165	84.23595148893824	108.33626137558656	98.08510470535374
PWY-5184	1.0912780274518312	3.5296268096975933	0.2631079929886366	2.5589454451434523	1.3527513788190506	2.281129657151904	1.1538520965544932	21.65328051354142	2.23906279781473	1.1645834551510927	12.711682830549462
PWY-5188	35530.1143977022	34989.88832759604	23149.713480837756	26679.4239784568	20762.896499189676	21275.841522651925	18885.122109676948	12147.1571148146	28692.099884637297	12907.978708639877	6551.906795659683
PWY-5189	28981.287792197498	33337.008691867886	20661.364435310672	24320.713667216252	18104.980376599186	18622.624093862258	16590.462308569695	10822.760782464684	24993.023114064486	11479.032682855035	5757.360732559246
PWY-5198	0.004848488992058045	11.50718330837509	0.8114039272404707	15.200033616581363	0.008919248696021292	42.520564650125095	5.145725697058754	92.23626538361917	0.02595111636142057	0.02483538603671378	46.4080011491563
PWY-5265	137.07299097798455	6525.879279719201	507.54069526523125	1853.4056487037055	277.8057225432164	687.5619625273932	1220.6366474343897	3028.4522730084645	776.6191332338544	605.9819573043795	864.3957745715712
PWY-5266	11302.5686882608	914.6657442700188	1257.5184932470324	1565.2993708211059	3020.0986277327866	1685.4358740122611	1511.1185668205103	946.5608415429591	3813.0454177410425	980.6996973277767	700.7401532745348
PWY-5273	11302.568688260802	914.6657442700188	1257.5184932470324	1565.2993708211059	3020.0986277327866	1685.4358740122616	1511.1185668205105	946.5608415429591	3813.0454177410425	980.6996973277767	700.7401532745348
PWY-5304	14200.315135024077	178965.1634789786	17021.442374011407	23228.265109156317	6662.081576419689	12574.545212677727	7338.064973488827	1496.740037656819	5882.557450352559	2768.3348738899267	1953.7798251379381
PWY-5345	30824.903544473626	25749.900408882026	36148.12096776844	37413.5140507332	5411.552762006987	6442.912189132145	21178.71923925741	6197.74750860265	8913.951028541082	8889.168018388746	3524.684033057879
PWY-5347	87973.29626076203	103420.2073690949	74985.89440240848	142159.01242396544	34742.94174296211	40840.10674907846	81842.48351089959	16980.631276774548	53599.80560942541	26652.713451513264	13801.223035587302
PWY-5384	18533.02443188509	16353.684738986845	23358.145049968414	6239.162908708821	8055.327993517558	10071.304963221279	6898.459568461544	4916.003496158067	10262.285994264852	4487.803697071388	2047.1042341124546
PWY-5392	6.3194149270205395	9.83187065320922	1.6120907605858141	16.422282600078344	4.165676659506886	14.414249557899327	3.188334213266946	42.32310887058084	10.140073514932993	8.331288872817522	11.474978952002168
PWY-5415	6111.8291647163505	561.436487334379	287.0887772748523	590.784583494882	702.0315009544977	1070.0116016176912	640.9444046987021	944.0283631966003	1713.0479020658775	817.3180032554857	760.9607476657897
PWY-5417	38.121839913264864	143.30706491809966	34.58104965483605	33.79844995066676	16.426022391846942	53.22584878867807	50.11422470336356	913.5173785632043	143.85639628270317	317.47927936663444	211.36162569136152
PWY-5419	25.52575174560603	80.42389189475898	127.52006740534301	49.64948616736582	18.782041765525214	68.13255494777287	32.09126110050205	678.638566441615	121.07791117751539	300.6516286440957	171.5043736012499
PWY-5420	44.610008745705855	134.75177141935416	211.15959392606723	85.47191673022259	32.75880247161389	116.78656102837508	55.54583978097599	858.9607150434122	208.34308948291547	451.14435181582644	264.7581137617571
PWY-5430	35.43887703674865	92.13757999012634	31.29896051480876	45.06409178431966	15.062306922967561	45.04093422045891	36.42835654600008	475.4222824531227	91.57549538469502	98.2570912254939	83.50497870018222
PWY-5431	38.121839913264864	143.30706491809966	34.58104965483605	33.79844995066676	16.426022391846942	53.22584878867807	50.11422470336356	913.5173785632043	143.85639628270317	317.47927936663444	211.36162569136152
PWY-5484	130082.90352626507	252400.15963291755	99990.1077583418	202056.86568522826	51120.29375652039	53664.83391828432	123960.54990622873	19768.159106481107	79519.07500042931	29858.15958041564	14776.61059398437
PWY-5505	84831.42480083118	34470.24739010689	10660.120367563817	22327.03219437346	43424.49264731179	44495.80677925651	38228.6417527746	11692.413255476173	42626.76053991389	14840.618472606073	8041.140856049278
PWY-5507	1083.9511509410927	6517.615098304163	299.7981591973205	8581.356117834155	2524.4208878008794	6274.387021016163	5513.060757703203	3969.948198227289	7162.85564630516	2819.491802430649	2379.630907435452
PWY-5509	66138.12460744356	135547.4236179973	54317.782326064735	89045.33038673001	22023.657216059768	26694.78702648155	60293.59044366444	13969.956619736395	32870.20467180832	16958.923287921014	7821.4053155466445
PWY-5519	0.0	0.0	0.0	0.0	0.0	0.019092074802806884	0.0	0.0	0.0	0.0	0.0
PWY-5529	0.4545517049830583	420.2251319197605	4.180913441512396	12.436529616437113	32.91614502486364	3.087636664830086	81.27238065890455	37.056325066993715	19.14056993788548	2.2987307347215773	1.8108515361034736
PWY-5531	14.678106270615917	311.19621281551974	4.322814520875836	15.035328369546669	27.600285837792992	31.124701222907206	86.2199969473094	395.2833194391311	43.83687770642449	28.148736312250513	21.230905908552597
PWY-5532	47.338372651994455	327.4646696896807	97.99590878705231	2309.6223880035564	34.055469993217535	77.64440334717546	105.10614850840018	524.6251685256876	166.44741297899554	269.857116957904	192.03814759475412
PWY-5634	0.0	0.0	9.287455476579486e-09	0.0	0.0	6.475430156382173e-10	5.555886885334776e-08	2.2870359787194265e-07	0.0	0.0	0.0
PWY-5647	13.025183274526547	5.104206138756201	15.72232717929003	7.649392124820508	10.090505413372995	36.49439835671689	2.5622666908798126	545.9997827736698	78.79728993283251	193.38905377002138	87.98181123134839
PWY-5651	23.351867255394314	5.345662440167464	16.58469456922081	8.713841602314607	18.29946674866195	53.01830511752628	2.700043798884091	869.1255945303027	133.39868203942584	258.6061215749992	135.76578842744004
PWY-5654	13.156348045431336	53.73845762737661	16.87181506379237	22.003488815570535	10.395783689942009	37.55517474165797	20.299814217476925	547.57952275606	79.1183372433198	200.13233554411443	91.82189453763664
PWY-5655	21.837559349722405	8.2127191639359	22.152308220031056	12.186442505234346	14.307289558698853	44.51877371529674	4.066193842223767	754.091479959722	105.46448882854878	149.6903028953366	110.44303103954302
PWY-5656	0.5389217400874581	0.508682254155368	0.37858919224755344	0.8110015496867732	1.1200924168062032	3.284272154833599	0.22211677446702727	46.59367259356618	4.745052052353209	3.177214681209666	2.3190811594930896
PWY-5659	124745.53959275578	224399.5134649669	120501.05116958286	229269.6278947579	43068.40281107996	41784.105373378705	138754.34471670951	20579.52438174025	67938.62863100659	35634.15129642297	15129.143373020182
PWY-5667	128547.45322309116	226572.48336399003	99473.21284111425	205136.2464456733	65985.16525345918	66566.23062643899	120227.48521773824	27537.81983883271	94023.54845941524	35131.54113043425	17230.253620950993
PWY-5676	41942.69588615881	13170.095586968913	8523.806862136335	29274.90963416024	33822.285164165114	32542.92978362944	19293.085118041916	14617.359904742862	55650.93298967772	16851.01587682748	9097.123690225684
PWY-5677	15381.406372307154	5524.567147360992	1944.465146917313	6252.231976506059	7319.048919011912	8160.160981106002	3992.882553831265	8018.970075204952	11044.003248396722	6001.154426494039	3492.778609028969
PWY-5679	0.0	0.0	0.022930308612769287	0.0	0.0	0.0027891024401708433	0.1371717312033887	0.564661112121352	0.0	0.0	0.0
PWY-5686	141506.80248774178	227513.81603796754	110010.09634356847	220783.85086689502	65871.68709880262	63318.879868429794	131778.9448536196	24786.370947385316	91582.04835742639	37547.512844891295	16850.992908162087
PWY-5695	142253.66058771918	243217.19405950786	103136.9674605019	222661.21838857597	50284.09366066167	39464.47597436651	125031.11090573124	17839.349979941613	74267.16963604359	34641.38718808267	14103.870771181393
PWY-5705	2605.4846449882025	2704.7514526304035	637.208078419753	4630.917883713631	1301.177213437717	1410.546904075209	801.6693172218309	1449.5324603900608	1503.791402601129	601.1005318515305	476.6270043334985
PWY-5724	0.0	0.0	0.0	0.0	0.0	0.002131158547986886	0.0	0.0	0.0	0.0	0.0
PWY-5737	0.0	0.0	0.013397373788838483	0.0	0.0	2.8789344200119986e-05	0.08014456511671249	0.3298807724873691	0.0	0.0	0.0
PWY-5741	0.0	342.8304836040067	0.0	8243.081386054491	14.634518837743057	0.5200461332685998	132.7518911370885	0.763575989251159	0.0	0.0	1.2671718343062635
PWY-5747	224.79449194746857	296.2448177737092	416.8435195501311	2623.183731481919	39.55450608388344	114.75808101819514	105.39389783303088	770.2122364429193	223.87998814239808	306.5763493481596	224.3767385345789
PWY-5757	0.0	0.0	1.7829809999930017e-09	0.0	0.0	2.995900799997476e-09	1.0666047599960545e-08	4.3905909399391616e-08	0.0	0.0	0.0
PWY-5823	0.023910342805178116	0.35760757801492504	0.01731174914965408	6.22154206626311	0.6140817555001504	2.725374698353336	0.04684980730702076	0.9981829913367299	46.547283475707715	32.27896558375731	11.275345729327054
PWY-5837	6552.6625719721615	1633.346945164628	24022.99690290679	1460.7921353821725	457.3354261772819	1476.3623163609373	8157.926609083029	525.836755847514	1357.9261034098945	4756.931849984391	939.4486078196338
PWY-5838	19375.607118589607	5498.406845754694	53673.49016079501	4922.916930727869	1499.0918045385572	4314.632983383409	23396.71408407043	1436.1786724715168	4330.307847530879	10910.797628146664	2469.824081717218
PWY-5840	19238.693184560227	5462.890212150489	35075.04118261885	4895.225071498427	1501.7200669128438	4362.605028722428	23167.126266450603	1488.081184084536	4343.571558757018	10908.394541138725	2509.3258955248866
PWY-5845	1611.046858870374	2021.755068786518	4057.2347704913955	4523.342080428271	473.0681881468762	640.8284869988022	2064.110558613065	1371.1170710053805	1412.4449919824192	918.3534936229321	741.2008624650455
PWY-5850	1611.046858870374	1062.2983027992407	4057.2347704913955	332.5385760704291	142.9839096029938	640.8284869988022	271.60165805582403	1003.4259992672337	830.9971675441858	918.3534936229321	741.2008624650455
PWY-5855	8750.280513024241	1338.1713924447622	1251.1225568234547	11499.231948369812	1259.727423695854	676.8407347892302	1176.9082129308922	2028.0243401594373	1647.241967676412	1096.3520273775991	705.194051663824
PWY-5856	8750.280513024241	1338.1713924447622	1251.1225568234547	11499.231948369812	1259.727423695854	676.8407347892302	1176.9082129308922	2028.0243401594373	1647.241967676412	1096.3520273775991	705.194051663824
PWY-5857	8750.280513024241	1338.1713924447622	1251.1225568234547	11499.231948369812	1259.727423695854	676.8407347892302	1176.9082129308922	2028.0243401594373	1647.241967676412	1096.3520273775991	705.194051663824
PWY-5860	1079.5655640681196	709.2766603091924	2737.0009731113905	221.80412655140708	95.48025296307763	431.9699917325979	181.23582445666682	727.1524477605196	557.6307959905301	619.6582802014927	510.96328554045454
PWY-5861	13765.790407621145	3694.6638210068486	42372.46863620513	3306.6056759973376	1016.9994013916253	3106.459828655535	16951.879084883592	1081.3298616533955	2988.31596472347	8480.814352113384	1849.538020289818
PWY-5862	1079.5655640681196	1351.745988575549	2737.0009731113905	3036.368925953152	317.11107543431973	431.9699917325979	1385.839650039537	1026.3280022211422	952.1731065700815	619.6582802014927	510.96328554045454
PWY-5863	7431.977604731457	1864.3671937785512	26504.60494683244	1667.653605065169	522.0526379100376	1680.5963164174884	9231.527191866553	598.7927323472518	1548.2213188419491	5325.960538998907	1064.1139044164418
PWY-5896	1611.046858870374	1062.2983027992407	4057.2347704913955	332.5385760704291	142.9839096029938	640.8284869988022	271.60165805582403	1003.4259992672337	830.9971675441858	918.3534936229321	741.2008624650455
PWY-5897	17408.8610673391	4827.478686202682	50236.922263015425	4321.399410313289	1322.8300568125312	3897.977250469889	21142.5321211108	1334.209677456685	3842.6341071214174	10184.29961130927	2272.024892337845
PWY-5898	17408.8610673391	4827.478686202682	50236.922263015425	4321.399410313289	1322.8300568125312	3897.977250469889	21142.5321211108	1334.209677456685	3842.6341071214174	10184.29961130927	2272.024892337845
PWY-5899	17408.8610673391	4827.478686202682	50236.922263015425	4321.399410313289	1322.8300568125312	3897.977250469889	21142.5321211108	1334.209677456685	3842.6341071214174	10184.29961130927	2272.024892337845
PWY-5910	3389.17652844111	22513.032525284747	2070.8481444170416	14564.290112183475	1762.56148778896	10033.444231179714	24329.661060611677	4134.271211531774	14840.241345131148	909.4319964288248	2989.698682910669
PWY-5913	63579.68453231987	193020.76996654453	70169.09842893574	94170.83439136119	14329.04606430722	10313.354191376773	61725.857280128635	5586.698072583016	26691.74691394807	20240.67384441088	5897.429810234725
PWY-5918	7969.457813571771	36863.05498052017	7976.255707786277	26453.526880159818	3660.461420823753	4963.619753592587	19185.167983485757	3287.100525103199	15853.523746959609	3236.9229813707016	2377.304238370839
PWY-5920	611.9987914442937	978.1290855798593	1328.6158717044823	14512.712388924889	75.98533379858138	324.97234776621656	265.4571342205688	1890.4944744234094	666.9192282723908	902.5909253882858	668.6931310450572
PWY-5940	0.0	0.0	0.0075918731548310185	0.0	0.0	0.09273916513701856	0.045008923746388096	0.22115281394766056	0.0	0.0	0.0
PWY-5941	280.03800514315003	485.99393264849965	30.187966789670458	537.7190922611641	613.3876179172572	2950.3998694233774	1387.452060532071	4600.959362683675	1576.0739846693896	2948.746245682413	1934.962857605857
PWY-5971	102024.7071164449	79063.26405041566	102690.40548203788	181308.53180232484	34146.38842258396	26857.0756252052	114887.72299925855	8571.366468233522	59662.23686042105	28325.038668158446	9226.008896729283
PWY-5973	153525.2636381917	256037.16144913758	121502.26646478246	244132.50636331164	70122.88474687742	71083.10359152986	146338.5420969811	24434.510042564936	100350.67393537116	41677.94653921875	17209.508370297943
PWY-5989	100923.34125904682	57208.52990478323	105238.79917577007	178180.04609018628	29964.261528389186	19494.53350549089	106317.47133372324	6198.045623477241	48305.20252801173	26599.926720557087	7545.128266182986
PWY-6071	248.42521593163852	283.5932829075406	516.74227280679	86.80794875280787	24.833604026891962	145.3981035203629	94.82094442596384	319.1833177720006	158.27839374910943	153.16259805767075	214.8914864389512
PWY-6107	0.0001740497700771925	3.8429613347900293	0.24110951968096603	0.0014593126446499772	0.0003201740860731032	0.13535784138765908	1.4266583133860329	5.948337285832774	11.994446538004862	3.8449582485408924	4.470091512738403
PWY-6113	30593.08259652981	7306.527979725968	68371.02253013423	8024.878909205818	371.6237906356928	5669.578562472114	35269.48274374597	0.0	5671.461620058484	16434.592703436254	3216.2720357099947
PWY-6121	146290.21245647428	256343.5022034835	119105.93297501685	239642.75662776522	62925.98777670245	64507.53764242835	141910.61621696386	25596.52040952236	91376.1560474841	39728.083889847876	16793.849396000198
PWY-6122	138765.2508935116	242556.00654533977	113199.37183017809	226253.55693976255	61772.944197714	64636.8301774812	137684.30927575318	26412.045845195647	90170.50782728988	38706.415702612496	16665.750921212326
PWY-6123	133453.68867937822	234089.73224889947	108676.35947101346	216878.51851923764	55263.00419200949	54998.87148621493	128486.84453998586	20978.330722095063	78545.97607853707	34713.71133802765	14351.598634218448
PWY-6125	66249.64175270396	247611.565162872	71896.58288789628	134364.94895046146	19947.339133480007	27393.13987135474	79285.69774470718	13067.002951488594	46084.54666840751	19564.409003709727	7520.231432718481
PWY-6126	146515.04613696205	262428.8928375702	111564.83175974523	228502.5805603311	56050.78075544821	57723.94579327539	136558.0253746314	25605.23586830573	89865.38709076404	38138.8976711882	17353.60913327776
PWY-6142	34.688303485508314	31.197772046207486	23.703714273375052	51.72419960317001	69.10575116351028	197.45598716713226	14.35940654383614	1278.3363451071666	267.96700288786053	185.70152785607576	139.8912266211036
PWY-6143	21.416435521222038	6.517620179454787	0.0	90.27393440481329	31.49791368826642	27.49135476899244	39.04014639311571	46.95450829275759	29.821572218222308	16.93278625879717	33.69971281642141
PWY-6145	1.2283713923822821e-05	0.0004531306948150868	8.621152322793836e-06	0.01481635054667971	0.0017030557936403901	0.0043387794763972	0.00859521450347513	0.007469426371879912	0.007383832855424141	0.003073857239623754	0.010386829641339208
PWY-6147	100583.75681521624	213598.06262071012	97294.31386865342	198939.9437422948	32125.175782512233	26489.818190747763	98474.44568456718	7496.810170362918	45093.767499548296	24049.98870217719	9633.905895796604
PWY-6148	0.0	0.007154691047757047	0.0	99.4922954242025	0.02716775175113942	0.06912031924161051	0.1391610916577145	0.10153729953136444	0.11821069372956547	0.048620191630428244	0.1682581841537238
PWY-6151	96182.46765063709	75376.87993952335	84896.78573503424	170918.99630716036	44107.05551850479	50608.10863905795	112257.46874080157	12852.903974519277	64396.83134064748	25166.09555459402	10140.772174848968
PWY-6163	128066.43407125998	203800.0752697797	97569.36162109762	192766.36241661615	60811.8495202378	54692.71470751823	105880.93744876402	20050.59149473776	77363.62551701949	34174.381713180286	13973.1676157606
PWY-6165	494.2792941452514	16.790135651733568	194.9404652494513	151.9237022080239	76.02131724119035	288.50338566010385	102.97478134648358	88.89790834772809	412.8188893008319	138.3084721776286	187.86556026036772
PWY-6174	0.0024051858816130913	0.002272025126158188	0.0016855809406894702	1.3056533118183526	0.0051404291591273365	0.021705294941736952	0.0010040111773589528	0.23775213106158719	0.021620066835727356	0.014365855621370651	0.0104503838713191
PWY-6182	33.823904898659016	133.06272050869362	32.06790179130031	32.12209339486872	14.574398732329511	49.4812791188704	46.7558033439789	928.3366664470161	146.0157231298791	331.5770800566466	211.92913940610836
PWY-6185	32.95722298373704	143.20426099487148	30.461764788516128	33.61144101737627	16.705169665532498	54.26162621627744	46.666456244391064	438.71667804044887	122.29514063841809	146.4841619760552	144.88580800962725
PWY-621	90597.35527566956	127194.92158854907	36875.31071366467	93022.83479277809	50054.55825188025	46901.3611337375	91397.45565947435	25125.36958256828	67144.62405044935	23239.540887674644	11819.725114710334
PWY-6210	14.460827310507517	47.483441211267795	16.0058869922664	25.92553956009893	10.319506650263799	21.313966398566013	19.575288249213664	442.4913081334649	54.1190934983817	64.65748299224767	51.847914807778665
PWY-622	0.07322841023013435	0.06914827188106454	0.051395568108744155	0.11111079583689633	0.15682197260921515	0.45431606275816566	0.030241558406831577	7.231610147417342	0.657538772711906	0.43697192427834763	0.31783616955750665
PWY-6263	1045.7634577785586	1514.5146236846854	53.761445532419636	10177.45897597595	732.2402313385169	749.7697630157747	2995.3176015109702	1663.2680539834307	1513.0259193718364	345.2622268541295	527.5815656374291
PWY-6269	66412.9315243985	135440.63933449067	56073.520731704426	89455.77937723351	22217.402774898852	27074.257189690634	60958.81788874733	14125.541156904994	33275.53837265588	17446.732224597174	7913.687667421314
PWY-6277	138765.2508935116	242556.00654533977	113199.37183017809	226253.55693976255	61772.944197714	64636.8301774812	137684.30927575318	26412.045845195647	90170.50782728988	38706.415702612496	16665.750921212326
PWY-6282	97412.81251743823	56239.031807065236	98967.77401469433	169378.16253174623	30245.44711097121	19887.979059891968	102526.8323528284	6205.932859581349	48603.04627821861	26015.11453625154	7432.44815797436
PWY-6284	7694.760172425611	1524.2866007555	28812.25238669364	2183.80602539222	83.02813233620238	1252.0271010464412	8721.955139028985	0.0	1116.722074787096	5801.556494696867	895.0445474199961
PWY-6285	14655.385769030483	3136.0299226113943	45304.04477295105	4508.155431304596	173.71027876247487	2501.2395522296897	16794.606806719283	0.0	2295.658229005069	9887.975267802924	1685.5790068131455
PWY-6317	102996.4895215468	116754.92515509577	18389.30351947881	81648.13327821897	52760.905942999205	56549.80970446097	78842.45666435639	21730.52295263047	70425.46753543832	25140.867211248784	13237.652525104522
PWY-6338	0.0	2.3368252161261056	0.0	0.11922736034378793	0.0	0.14021887062419913	2.2074037254442795	72.30004492713026	0.23679262009512253	5.4390225141472754	0.15563163660419735
PWY-6339	0.0	10.08183351058706	27.196600576590036	12.450876309851191	0.0	2.528899162205498	12.438055785607427	1014.095663162761	180.32731961598205	466.05998987477903	215.18557678434436
PWY-6353	76426.08564600436	79284.12782327288	16089.639988017787	52633.2432505681	25615.919373692417	26019.802109191543	27702.544168367203	14411.885956192227	41166.32777934931	14673.765248769094	6795.889467045036
PWY-6383	0.0	432.95815497277306	1.2855454131796522	64.71644632788461	0.0	71.22192724047939	1081.3998609587995	238.2299018578659	9.997477555524988	19.678278214011677	235.44147003374349
PWY-6385	129302.57400507815	215138.5963917544	96173.54923172593	203496.6903255065	59321.73033454323	58071.758258554786	122223.60021931281	23408.54970489842	86721.87422927428	33700.35002418176	15627.032790219559
PWY-6386	132022.39304297772	214851.472298477	94600.2882818117	204051.36400866671	60077.593944086504	58159.18366345338	121647.44825725407	23532.264269047402	87027.58805810772	33609.504149564564	15823.437673533494
PWY-6387	131681.64696845302	217436.75445574053	96809.50143460117	205650.8619293968	61093.34389703499	59257.48070724338	125429.34295442315	24134.92592278597	90112.14958328582	34248.53888262328	15939.446929723905
PWY-6396	5635.172388880716	5763.115675399566	625.2479688109066	7293.646497065065	2683.2422940813653	10410.857586567996	12401.931279852799	10539.288913423627	12913.169420151964	5654.986719770019	4119.516066476624
PWY-6397	0.0	0.0	4.88079999994416e-12	0.0	0.0	1.11412421527489	2.919839999966594e-11	1.2019399999862485e-10	0.0	0.0	0.0
PWY-6404	0.0	0.0	1.9508047038781587e-11	0.0	0.0	1.7114422368747229	1.1670294812666543e-10	4.804028316646604e-10	0.0	0.0	0.0
PWY-6467	78612.60515622195	178584.9789887313	90212.87036805943	169119.5980189695	18236.663517856105	11468.82927605261	75228.90107837686	2202.288296147609	28423.26023282763	18416.20520305969	4130.093857259814
PWY-6470	7658.8121186429835	2674.877137028425	3079.0051474661714	6241.313941957316	5601.356056089524	5554.180745706337	2562.667518827493	2258.8045044732116	9742.515168773129	3560.231832232345	4747.34568863749
PWY-6471	42459.654860113675	65023.17289011167	17005.180432648784	58231.623895569064	31924.870950146422	37223.23775789211	62292.05521380487	14767.649711565711	52591.74390709455	14300.81051378418	8645.668813652066
PWY-6478	32798.68815329604	104079.29440754757	15875.328226114036	30627.263576831054	10346.91005727831	5014.322578572366	13251.069478715535	2474.206584273689	8225.702455908147	4254.640089500991	1494.8737988574508
PWY-6486	0.0	0.0	0.0	0.0	0.0	0.01910586618026358	0.0	0.0	0.0	0.0	0.0
PWY-6505	21.837559349722405	7.935191453039689	22.152308220031056	12.186442505234346	13.793316891672678	44.51877371529674	4.066193842223767	754.091479959722	105.46448882854878	149.6903028953366	110.44303103954302
PWY-6507	101760.22398841596	176237.69436529782	58617.327435462685	116923.36133998982	21863.341502198473	13552.73958392396	52362.81394400202	5205.475778390292	25886.21809319364	12593.784638394218	4858.59719549987
PWY-6519	95701.54314864127	85641.13362898538	93573.78527713244	166779.9277934689	25330.02920316758	17722.108492748826	79677.7444511886	4231.87643495916	36821.13833428286	20217.517300513868	6415.579791334546
PWY-6545	33475.63390024732	36194.91977887613	25449.76535035783	44118.060824823864	12567.036270793686	18854.381343785735	42625.37392266419	9628.671436690798	26895.733450266795	12909.245687811577	5174.607771651977
PWY-6562	23.572913289143656	17.000127787036643	45.195009691792734	9.285511355052092	76.27243757740624	40.836999778639466	27.28294263765668	330.8524226672239	40.19522761018004	6.599449410067011	4.878398513294766
PWY-6572	39476.51244592743	85283.2067300117	22318.65549560048	37168.648792530235	2643.8816876293035	424.83266348052837	13471.61388952187	10.300971855514327	2603.7597962056307	1651.773924376891	140.41296788075633
PWY-6588	30944.210983534995	17740.236467687155	6990.025813448192	18202.689560896197	28687.692071501286	30348.57165160254	15393.994322333085	11582.963472220572	46296.39053241418	13716.841695383233	7913.213360842752
PWY-6590	10374.462438942648	4441.021171141232	4521.719792841663	18301.244203889455	7677.969778608177	6859.8379122338865	6126.4537723895655	5558.816925577687	14314.694618028423	5764.347075119739	2976.288494345883
PWY-6608	91543.23844716615	77913.27771176795	29359.809349624127	59740.44203924209	23240.327465878177	21679.256210377123	36410.24169439292	15965.842735289789	34481.84936542152	12287.808701886868	6004.150078606175
PWY-6609	135894.7921536374	213229.64118746156	90281.45761944773	199466.28906552467	61828.32653565222	53136.56523002255	116877.51758924032	22338.032318456044	93127.26547944704	33155.38271127192	16155.01720352291
PWY-6612	91062.8150303441	189702.60522227304	88193.99404989867	160353.44765845579	23271.53673027129	20433.060538606347	87969.90774478667	8178.340433788848	35835.84167800804	21283.152853925203	7158.9433902574365
PWY-6628	6038.710913215378	98035.0148465813	14271.677402911568	34574.58679640673	4880.05305747712	8385.549689667643	17425.538701200177	9992.816678668089	12351.10513714872	5893.935428113852	4680.577843262888
PWY-6629	1679.2377449747332	1189.4428644077605	3983.9521722554073	333.2851519181934	133.3339731774722	652.5023284210494	269.0686761287476	984.2663443729094	857.2134586020336	869.5279907614109	857.4740097646293
PWY-6630	6027.032386674574	96001.85601554636	14039.214344238459	33988.29398065485	4866.892839586881	8343.420743526147	17120.45852913501	9943.781952574054	12272.52545925967	5832.576866235295	4636.901226785788
PWY-6641	278.86182776735416	146.41845579957132	53.10241501243134	6473.672963414751	269.77933491076294	303.48734995731763	421.67783842516843	208.48959943555874	419.6186361910787	95.34114602674622	75.35007807520302
PWY-6690	158.817685593468	162.903599246562	386.2590238490495	39.282991767519206	15.640363078417359	86.60726338343868	57.31781017848069	173.58654746075166	94.62805174796553	107.35088747148275	135.45905772201758
PWY-6700	100517.03172528233	200694.71758924323	106711.36324906368	196751.39797023268	33102.6423289576	34896.769282006724	106396.33182527717	9862.867897164415	52272.77233840717	27808.08000737808	9051.363750940032
PWY-6703	83416.4951311231	189845.28373206503	93727.4333654402	168386.78083531238	24703.668884898245	24836.218000262055	84537.18324169985	5751.268343670356	36588.19751851235	21132.096806751586	6640.024127861079
PWY-6708	8750.280513024241	1338.1713924447622	1251.1225568234547	11499.231948369812	1259.727423695854	676.8407347892302	1176.9082129308922	2028.0243401594373	1647.241967676412	1096.3520273775991	705.194051663824
PWY-6713	1.5307468951494063	20.712252757814394	0.3235330230476352	0.4315915286864576	0.09480539723888022	0.42554341077723884	1.2927487172141574	40.264382178090834	1.469111614593034	1.6252988319116801	4.399959701227246
PWY-6728	0.0	1767.273662670488	0.0	16654.462363438113	50.8302831888913	224.5463390690358	2441.497870565775	262.46898245176124	1.6743570894956514	0.6887744533056468	593.142014891538
PWY-6731	1.7353577514734886	282.8506793109727	5.08434737460012	5.76654079373554	3.594758142504091	11.128549245179286	14.620085660082712	158.50561416946525	17.7205646373121	10.168902279451121	11.540794569883017
PWY-6737	177157.59625591405	270351.61756441375	140003.30540547034	265009.5025897253	72865.02103841289	65852.75752432551	143792.83055061408	24723.32473916467	99712.33125607567	43366.77872134084	17177.36510293998
PWY-6749	21666.747534192342	2690.272425422997	1478.5633709605354	8615.818101868212	13775.554567421555	5738.131887575282	5842.357487823341	4750.313962415909	8787.632296053007	4300.691925411193	2231.0752458872144
PWY-6760	0.0	0.0	0.0	0.0	0.0	0.01907517571049471	0.0	0.0	0.0	0.0	0.0
PWY-6876	119.28693491749257	158.08684276491707	25.978684146361037	72.97651070168997	113.39185102578607	1476.800533961535	831.3599323142856	1044.5089223844864	271.7018349426871	70.2080106682574	46.36055665034722
PWY-6891	10262.71032826242	14763.264150622897	3830.2236280684383	12601.061713211822	7276.148943405005	15833.059442566542	22302.055298894244	10162.164320728465	12729.82418983335	9533.06146332161	6242.415674214685
PWY-6892	85255.08372864312	171163.8929761132	74644.30402954828	144297.0111378663	26345.44619691037	34977.409440062824	70325.38990080857	14845.626437117107	38762.14857093934	24172.288283708396	11007.306417393953
PWY-6895	37744.80550511043	58443.71365917472	16907.380441932815	50693.16979291741	18017.885837508762	19945.44130744711	59161.99997103837	5416.533260962599	29576.04845243477	19437.096623555313	7199.358178089066
PWY-6897	113430.87461122821	217657.16547938684	113153.74343976652	199388.4489450474	28843.43177079593	33669.56672200315	100369.24398549616	11906.978213631242	44775.27811745209	25613.899176366198	9035.645980503623
PWY-6901	94108.29757251212	187216.62693983316	48893.50385714622	120154.57571025564	26550.327019573677	32753.20129275538	65529.00157441014	18828.468509886796	44250.24631529812	19160.95704671632	11401.709632340688
PWY-6906	371.72080399486964	260.42595115152943	125.56957621502121	80.0127990104003	45.759795344220976	117.41355971201891	45.30469133296048	337.90849690306806	218.55035557069579	130.7892020709924	101.77093054510368
PWY-6915	0.0	0.0	0.20564724386209568	0.0	0.0	0.0613221827992059	1.230211190960751	5.0640633801041055	0.0	0.0	0.0
PWY-6919	0.0	0.0	0.25555361974884744	0.0	0.0	0.557263809093783	1.52875826099757	6.293007886315369	0.0	0.0	0.0
PWY-6942	0.0	0.0	0.0003009698454036684	0.0	0.0	0.24813219027157257	0.0018131346474025856	0.0074631816639129074	0.0	0.0	0.0
PWY-6944	0.0	0.0	0.11722337666666478	0.0	0.0	6.683783551795802	2.53083204565112	9.751544344283165	0.0	7.278313963470342	15.673668124658594
PWY-6946	0.0	0.0	0.0	0.0	0.0	5.305999943820392e-13	0.0	0.0	0.0	0.0	0.0
PWY-6948	1.7579102693461972e-06	9.72941541336953e-06	1.2727403006402605e-06	1.4739220588858104e-05	3.2338040197004113e-06	1.4318242712170248e-05	3.444360476869955e-06	4.5839307402340886e-05	9.408748515860307e-06	9.004546957523371e-06	1.2411842536552689e-05
PWY-6957	0.0	0.0	0.0	0.0	0.0	9.242739841930964	0.0	109.44214916046494	0.0	30.051511722917276	29.057118214578068
PWY-6969	112794.04190733808	231448.47994622277	86268.06845401558	130850.44360823803	35978.86280847424	29054.736285903666	84328.21283229657	8578.142642479275	52257.26105834445	26324.148738922537	9751.052207596587
PWY-6975	0.0	0.0	1.9266666658623728e-13	0.0	0.0	0.015805967363688025	1.1533333328515469e-12	4.747999998016433e-12	0.0	0.0	0.0
PWY-6977	0.0	0.0	3.262591233039736e-13	0.0	0.0	0.031378409085124216	1.952912260813923e-12	8.039442960315078e-12	0.0	0.0	0.0
PWY-6992	0.0	0.0	0.0	0.0	0.0	0.02051227389810291	0.0	0.12097455600016961	12.162564208462962	0.0	0.08307459718211817
PWY-7003	38845.422703630495	31023.45046045503	4730.504264019611	24568.36873431188	12705.050623590405	25026.51987366974	25603.34003377131	12822.502813705469	33457.352480143745	12342.513420983876	9787.2372389311
PWY-7007	146.7099158577117	141.56538320439856	15.947484356126175	276.8081876445861	294.73386250272614	1266.76296969508	605.8654078658025	2201.577940539939	740.9133212165661	1272.8742062740184	847.6792450060484
PWY-7013	15417.062938659697	3116.9732914249153	5422.211295324985	8837.67374957644	10155.67875765313	16875.200521774397	7949.273302001245	2749.074709599934	19821.87265990863	6096.149145560976	3317.696566764134
PWY-7014	0.002473195774323838	0.011073548088776163	0.0018560109237348704	0.0169080631176116	0.004616722090911519	1.9056360198033135	0.004984896213846606	0.0708799519816152	0.013848577107128526	0.012855409305595675	0.016553342812572546
PWY-7015	0.0014174756229037	0.0078453158191824	0.0010262634113726563	0.0118849649954377	0.0026075487394593	0.02283059060143157	0.0027773452773753394	0.03696206603589119	0.007586654296197099	0.0072607204002915	0.0100081573002375
PWY-7016	0.0	0.0	0.0	0.0	0.0	1.4599999999999895e-14	0.0	0.0	0.0	0.0	0.0
PWY-7019	0.004426332821431447	0.021737663464202	0.0016647564717945944	0.018910926872197642	0.00814389642407555	0.03553315106455624	0.008670356603877077	0.11379148647081391	0.022346165473088264	0.022643684338158047	0.02728743265987843
PWY-7020	0.0025415369659340047	0.012161299237804164	0.001550899914586842	0.01599764786218727	0.004722131337015946	0.03593195533018214	0.0048598774090262585	0.07089333863508887	0.013857664094605832	0.01314471585334091	0.0168394736201677
PWY-7021	0.0	0.0	0.0	0.0	0.0	5.1099999999950357e-14	0.0	0.0	0.0	0.0	0.0
PWY-7022	0.002870947341635886	0.011435055803871793	0.002161340733230387	0.017494547703702127	0.005443204876699421	0.2878054124486017	0.005237002973191385	0.0942392489946716	0.01696788337964824	0.015156976701628256	0.01837002601633297
PWY-7031	0.013339496698308561	8.800252837059562	0.008073125243299596	106.48441643320567	12.02787815561934	32.37614397818927	60.71236164941458	45.73214961980223	48.92077982538817	20.171405859171003	51.5315664419745
PWY-7046	0.0	171.96543870115642	0.0	0.4049533336626575	9.45883574247598	0.11681562482716089	48.38330026303859	0.17155620983899805	11.924680450536197	0.08215966911766728	0.284199071857993
PWY-7090	2464.095080467575	1640.8911274309771	1053.4566498311858	4071.630165473863	523.5490488105852	612.550913420632	1764.81637004332	165.59896033724976	1872.7488555659195	433.2211421902544	152.01171947621063
PWY-7094	2579.017095570491	2009.9123682552863	734.1429867520575	5862.685662437622	3313.7027998399853	2785.557104395304	3344.9828398392324	4366.117517135364	4661.043425948794	2747.691184191062	1977.322229398179
PWY-7097	0.0	2.3368252161261056	0.0	0.11922736034378793	0.0	0.14021887062419913	2.2074037254442795	72.30004492713026	0.23679262009512259	5.439022514147276	0.15563163660419735
PWY-7098	0.0	2.6249029509577104	0.0	0.13413015236725576	0.0	0.15769264299128566	2.4737090121269696	80.95568615626283	0.26636287168188505	6.113377373749013	0.1750777274401702
PWY-7106	0.0	0.0	0.00019248969446452113	0.0	0.0	0.022143171572779657	0.0011515008508150692	0.004740058726191525	0.0	0.0	0.0
PWY-7110	0.0	0.0	0.0	0.0	0.0	0.03137118286656151	0.0	0.0	0.0	0.0	0.0
PWY-7111	163168.97240413728	276841.7210924868	101825.41661058164	209193.82123843612	73136.75672806795	68973.1727021837	111190.40834619966	32503.706155643154	100155.41811436649	41058.9092153171	20150.260756366046
PWY-7159	14.678106270615917	311.19621281551974	4.322814520875836	15.035328369546669	27.600285837792992	31.124701222907206	86.2199969473094	395.2833194391311	43.83687770642449	28.148736312250513	21.230905908552597
PWY-7184	43055.80488940227	122683.95234366017	39446.577887619904	86817.16753293703	13747.098626391082	19637.167552016068	56659.10942991522	9309.693404473177	34133.682521434406	14275.51848815236	5437.431511240219
PWY-7185	0.001959446048182037	0.0018502971224465417	0.0013752381472267228	0.0029731075786834102	0.0041987467812453945	0.012158398633528427	0.0008092013303643808	0.19401342886109618	0.01759836819035543	0.01169289348815046	0.00850577898438206
PWY-7187	53983.388136060574	124688.06333104287	44147.676334519034	98759.96104301918	22833.025032898066	29399.536984149167	65122.7394348258	12402.626256432168	47928.47375098226	18802.65967417808	7943.932118738521
PWY-7196	66831.57317395306	233266.89282800345	73402.41336773375	137618.92046605336	20023.42667118739	27580.06323556041	81129.66524895106	12485.161990297307	47290.52639513433	19811.19915006286	7419.507347616321
PWY-7197	36040.029779982346	190679.83061727407	44998.34307479041	80457.98302994578	12783.039034836636	19210.942519258188	47411.80629583631	9560.77384165432	31972.3886237878	12944.37733732238	5192.862296342179
PWY-7198	22760.537106584787	11977.630258973666	2327.953451394201	6229.5681569412445	9375.012336973827	8390.277806897095	6037.694619924922	1901.7700199667647	15426.358556561823	3313.4520250293954	1510.9784637399368
PWY-7199	111068.94605993769	168613.8617232763	81471.44105315377	180360.8742676456	42571.06912021966	31516.74695199965	95513.83457045247	9915.166906884278	62079.86123967786	24052.161238473327	9931.514378416574
PWY-7200	50066.4299150339	128330.7911847619	44796.598553027514	96653.20723757603	17814.729845106904	22346.915616528597	60031.35851318188	9290.014923040604	39775.546255907524	15789.901247654796	6409.853630786716
PWY-7208	143976.29741984786	243837.43079509828	111382.1135869705	230556.81764319318	63452.98808154695	65086.4799661706	143732.35571802547	28823.03450974338	97515.90286417957	39653.09460410508	18698.19494919671
PWY-7210	24365.077606018727	16287.938591511234	3211.612421970574	8522.861185512558	10562.316996507932	9754.71948106072	8102.843836266147	2499.3951993562614	17638.80490695448	4191.3089249612285	1884.659669125372
PWY-7211	47130.150985529544	150769.39766642952	45311.660149395255	90014.90937308439	15610.052715357395	15671.681513395542	39026.32786120302	6590.1834376011775	27880.981397083702	12594.493000504286	3660.3428325245154
PWY-7219	149826.81763303693	265916.0044222477	114207.85490552781	233855.4849364383	66170.55484935589	66665.20504746494	140338.4085614421	26509.80757576486	94728.22577763759	39319.84283405496	17784.775320157925
PWY-722	16.92677771067728	58.81212001160749	14.764157767370977	15.205899799098447	6.11224743562768	26.20806986887665	21.89971149675747	273.1175242556734	17.992471091948147	46.45432267231408	49.29644061628891
PWY-7220	144790.39138492369	282866.9022846911	112906.4937810724	227385.77356540263	47047.942955801416	49259.692836306946	138432.42336058314	25829.07693996211	87096.13239095487	38476.9697014499	17683.990610812856
PWY-7221	136727.356046176	264194.1603840346	105965.40406697053	214718.74433113536	59329.106712609755	59831.2302882135	127679.47557488427	23887.138643629936	87084.09415197217	34719.57031679768	15867.164395091864
PWY-7222	144790.39138492369	282866.9022846911	112906.4937810724	227385.77356540263	47047.942955801416	49259.692836306946	138432.42336058314	25829.07693996211	87096.13239095487	38476.9697014499	17683.990610812856
PWY-7228	59895.44869171135	246379.17371397244	68201.04759429097	126925.30231738536	17676.442499013734	24765.45311592423	74432.30815811853	11871.437638091167	42134.06801712586	17925.12138644509	6794.419589461655
PWY-7229	150750.27536707997	275444.4246007806	114610.33117098572	235058.6585406615	60760.12591593183	61570.85731129243	140652.2463564175	26559.41654098189	92833.62903728105	39262.01823046653	17914.284080134497
PWY-7234	27993.557458771178	94073.1847185966	8259.036975572404	77333.7402672158	8253.63617765095	24566.99149521097	67760.43074739771	9801.839456149362	40559.2049890123	4405.428960488755	4696.384930933484
PWY-7237	41722.4976138605	57489.851340103385	18490.69899971555	51914.06719519338	10635.17496119579	18874.036851357923	24114.91838290421	24607.958942570694	20899.39936725816	13648.123608191216	7791.864665800959
PWY-7242	117335.93405709474	180074.08751713723	59963.502421390214	122373.80253270267	30868.079559430946	23175.756103027095	57623.203568758465	16976.930758572453	39772.96088134219	19526.40941663704	9162.806635337787
PWY-7254	11586.780089851227	13869.681128280761	2770.410453069993	8904.99492619588	8363.0747095519	9184.71970409326	5263.959189406975	8051.856705945572	13103.55253691115	7643.158875221889	4013.955875411564
PWY-7255	0.0	0.0	0.8417479034324292	0.0	0.0	4.676866662464567	5.032438807448064	20.664821198228154	0.0	0.0	0.0
PWY-7274	0.0	0.0	0.0	0.0	0.0	0.00014111486607319438	0.0	0.0	0.0	0.0	0.0
PWY-7287	0.0	0.0	3.797168483512756e-08	0.0	0.0	0.009422796182477391	2.2715204203191868e-07	9.350527340170342e-07	0.0	0.0	0.0
PWY-7295	20.259658248851444	74.80766512710574	36.7112570841772	22.457538348322814	8.217789392500396	25.92964526717654	28.68828882758015	622.5035426900704	104.76414539760971	221.2793439387771	114.58159847989734
PWY-7315	38886.81463580288	12174.931440566384	30903.649180699602	13698.108655884456	19487.894297240426	13982.890678861835	32115.029745241514	8211.271292037554	15262.229798738406	11491.039780761403	4334.919779308531
PWY-7316	0.0	0.0	0.0002021378588315541	0.0	0.0	1.1471446980191826	0.001209217543780397	0.0049776439859902655	0.0	0.0	0.0
PWY-7323	105916.44835446688	199412.63237042472	102716.19192027542	203393.5184723043	33468.08433850307	27855.482227421282	107840.66636408247	10198.456362979761	49984.465991324316	27692.94783080651	9954.376308648036
PWY-7328	24890.50695568659	92138.99209574086	21279.203840530514	52650.982592536	17471.92523050277	5663.107805522559	27790.744274818506	3711.536997441888	16656.82457902916	7488.044984570898	2857.4003992432454
PWY-7332	15919.891900895893	61835.23904433427	11202.48623635949	23588.00956052722	12243.672727020503	11923.687448943312	16376.67735299014	8614.981882126845	16115.894690830683	7759.130702282281	5254.462485325035
PWY-7347	25.172772571365883	40.41941198198644	0.7978491693694286	3536.8489007769595	44.167653644464956	20.437758534912774	2.313914434836437	48.91975158906923	188.97469187754214	58.67862585395403	28.722716544156995
PWY-7352	0.0	0.0	5.424021782253596e-07	0.0	0.0	0.015592866715567389	3.244816858899016e-06	1.3357686817287238e-05	0.0	0.0	0.0
PWY-7354	0.0	0.0	0.001583938940617457	0.0	0.0	0.03761633721165596	0.009113681043844139	0.04307398259105991	0.0	0.0	0.0
PWY-7371	354.4248828554781	473.9265709745435	18.731610577972802	3011.3020786851607	257.3428960619171	264.65841387857046	1015.0093007324089	742.944262439176	496.8922353652453	113.93484587858586	184.53135812847398
PWY-7373	5.245296348074595	34.855382850327	1.3094824084644978	302.5119262814117	58.01825758790074	99.80581107978024	166.55312630042351	171.52522613566177	131.7194747315469	47.06174934058798	119.04658539144583
PWY-7374	191.44908613507312	135.77550339839212	13.549799737680926	211.27919605751018	178.60096046279597	153.27195112816548	544.5512043108674	84.68696903145296	254.58931364852182	36.3789308864029	18.975410151376412
PWY-7376	64.35206621999292	2145.6774416108806	18.814832948835125	276.63355395340955	42.371416770284135	352.2284397137267	4166.004655299644	2192.604951545291	440.2302382432515	1067.153637089827	1182.8088857208645
PWY-7377	3778.032395610981	14974.602181907709	1254.3814077030554	7598.75007354832	2446.504262239859	8351.37637919132	6703.374972357502	6373.787402222588	7648.8212777595445	4358.933038104309	3123.226543251319
PWY-7391	1.4790525510882466	2.2789951504239014	0.275805151911503	1.506571197280029	0.8301360608754227	3.5782655845089004	0.4886013283697991	47.975285351820396	154.78644224363126	352.4263976422425	1216.9229625006217
PWY-7392	14216.888043339643	70502.38041296793	10921.252280714642	46883.324815059714	18668.151962450953	34342.038435395865	62328.23566031687	11829.77927717981	39861.807814197135	7041.014690730399	8034.807601159454
PWY-7398	0.0	0.0	0.0	0.0	0.0	0.18479555848965903	0.0019922156824999852	0.007890497056338023	0.0	0.0	0.0
PWY-7400	85023.14557146726	99615.74692159965	58057.22410497552	74778.70885390532	46191.65519309043	47470.24699793773	59535.36620232137	19711.058173789173	59474.69612868901	23813.562190044864	11487.910117337075
PWY-7413	0.0	0.0	0.09792127626061035	0.0	0.0	0.0697974639025323	0.5857779869149441	2.411126583226282	0.0	0.0	0.0
PWY-7415	0.0	0.0	3.2199999984821896e-13	0.0	0.0	0.07045801171160498	1.9269999990913172e-12	7.931999996259799e-12	0.0	0.0	0.0
PWY-7431	6116.46678135742	488.38644645683206	323.6229461300341	9613.349869852827	1222.2842851838675	1271.1583239532133	813.9072323338025	972.4745098912222	3483.760867763715	1273.0014411433704	1578.877351543849
PWY-7446	173.37223147590637	130.11075139633624	366.78387606839254	35.96833330564176	14.688975059523552	67.98720114891356	27.703692468083382	104.52239984164686	90.93226660809657	82.1914499455977	83.56631917486826
PWY-7456	81861.23477607778	175627.8041798819	73630.68808560258	146478.4638301889	23155.25782666332	16917.82577661423	70487.74325614545	5892.754517430621	38004.6476738102	16602.315230109216	6401.256137727263
PWY-7483	0.0	0.0	0.0	0.0	0.0	0.0016315961628127545	0.0	0.0	0.0	0.0	0.0
PWY-7527	89.5711374556885	253.75138907307482	28.18243505945277	610.9245996956336	63.64041720462331	56.86962940055128	232.7716727107278	875.4161106243571	188.16751841331876	69.72589488783328	53.50907510103298
PWY-7539	106723.43292351649	202255.30293999545	99475.09163868826	202903.38282943523	32209.588741320596	27131.435114775955	100213.74789211409	7663.053159935829	45262.01994374345	24210.02322901116	9602.678334902354
PWY-7560	132763.14367847887	209278.1513438928	104514.17240113155	204710.30228640666	62084.82452010536	55351.50194039852	113505.68115920018	20874.881654957928	80558.52253158521	35457.69042980168	14144.423398828647
PWY-7616	2.340810844588177e-07	138.5460193019326	2.302783767036415	25.15057737082272	4.3060904178739746e-07	32.34727865948889	62.96810610195732	143.75554888352812	1.252855584928065e-06	1.1990310514715006e-06	87.59509857123194
PWY-7644	10.59886505701374	0.44962627241569836	1.3030855552485183	2.170498493720905	3.633309350807165	29.62187373979339	10.11197625513215	2.3487472564426533	46.119465678541495	11.700360435638531	15.406191610745177
PWY-7663	169939.0097637023	282294.2144250684	133589.20491457943	268854.91104171606	70981.79558035532	69267.53544514983	149991.01315049757	24027.123891212064	102651.08067248085	42718.323592777924	17729.91133675654
PWY-7664	103298.75265883504	63291.38450203071	102581.2490386799	178202.78481781273	33015.75956831942	22221.73117228342	107481.14239639479	6938.903968119255	52644.90982969251	27587.30721639313	8092.335130352229
PWY-841	82076.38910471366	248608.64657940404	84628.42678647183	161515.33765094765	26190.31660800332	34082.0473472466	95042.37854798856	15427.020783014214	55300.846474083286	23805.15503242114	9247.543985156588
PWY-922	2392.2394244225793	16315.483362276042	1458.9614302753228	10426.509502409657	1245.663743291548	7443.804479790636	18154.560610486078	3073.050383653654	10985.399212522096	641.9056551435841	2224.6959498605406
PWY0-1061	29614.522378899455	5589.183363875175	33890.50854260001	6865.0828820773995	11614.81277793345	22840.887229058924	15939.946006873797	5881.811992471714	21616.687952030825	10538.70652370986	3953.6787235887696
PWY0-1241	26742.191905510386	5207.27510263101	25529.723916207367	27823.25196500059	1901.5377901916943	1491.97484139255	12237.401257412545	1065.018272049729	1939.6262393512104	3336.2985927723175	865.8212562466093
PWY0-1261	67658.44223859085	96297.29499174822	25372.282258128176	91247.45983527566	15613.00038433813	25071.991951035627	59293.917792693705	22220.603414210556	24592.16792456491	19264.53094581536	12697.200854226085
PWY0-1277	614.6759930537723	479.0703225677578	914.9955737603142	149.31070646106375	61.87088119109628	313.094550997446	212.4935780062012	498.99922089512637	359.40394746873847	347.01407635368076	381.00639198314667
PWY0-1296	49465.69353395831	61656.43842272003	9832.724009336687	42737.434498889845	33330.6004230873	29511.111157953892	42735.05647027325	13004.684813780537	45703.51950349225	10796.17314995602	8807.569748531178
PWY0-1297	48363.95786868736	67543.86222549218	9093.078181609342	39982.12561540537	29247.91788024991	30502.750449476436	40450.86329452373	13485.265557140767	44377.28092466374	10509.50405018485	8870.554916632065
PWY0-1298	49501.775443034385	50060.23560705887	7026.811148146414	36299.22472401186	28917.991425287713	30966.367868403457	41612.36976905827	13706.322188410963	43497.6009193192	11703.569504492047	9725.496090893472
PWY0-1319	128547.45322309116	226572.48336398997	99473.21284111423	205136.2464456733	65985.1652534592	66566.230626439	120227.48521773824	27537.81983883271	94023.54845941524	35131.54113043425	17230.253620950993
PWY0-1338	435.11603783113077	208.28450583831042	556.6455263107081	121.10436380909275	93.98269577508168	136.87098680185167	88.84642636766574	515.2738063199338	206.2948401543271	213.6060857302791	249.11425754718633
PWY0-1415	4918.021562505934	52475.28923700353	3494.419330560125	18737.4376324165	2003.4985369428457	2469.0035702263062	5177.744826841807	1605.4498633491444	7623.992292719275	1322.837127542434	898.995235854999
PWY0-1479	1323.890038149401	30667.68442135115	4372.594919016567	15048.32519611454	1844.210696212633	1261.7524108554621	4151.970098884246	3003.1140123722653	3745.809070653681	1716.6245572204978	879.7938179302381
PWY0-1533	875.9403198242887	3790.902703403457	1349.1071039904132	14585.166349779814	2214.6661369962126	2669.413433821862	1441.3895471213732	1484.1471110542245	6458.626830441287	1372.3636478185053	956.2561340790701
PWY0-1586	104212.19183850002	186968.07231366183	64488.383916351835	153797.02848149068	42826.68823704835	47780.06084341588	61139.10623365529	25205.641824421255	55335.91502151509	20400.322970873232	13229.45177442607
PWY0-162	77023.71077532295	228514.52274056978	80254.76173490328	151060.52215455694	24784.937110748477	32954.480046151715	89320.18271593988	15029.061499009884	53944.59607272787	22734.66681263532	8802.886279887034
PWY0-166	53369.65725802282	126496.29045009261	44459.756833368105	100026.02501568392	22094.041642239605	28514.880639063576	65706.05878704957	12211.110349180626	47252.646665746055	18648.929065770022	7861.463699232825
PWY0-321	271.12652007529516	346.5287681627544	573.8245022376111	92.36998521329761	25.249881438533738	151.8252274465491	130.89849334504285	342.30353845233043	159.50150097405862	158.87698384796846	264.4317201932163
PWY0-41	1818.496704793464	2145.0007603512618	654.4856959970554	610.6698771213538	1054.1599807248053	728.6676260166244	411.3020209339257	871.9689427098019	1012.2505832857375	402.2395916697819	307.35698565833707
PWY0-42	214.34430466761674	309.17937214829936	420.60236970145826	1682.5992871183146	40.27558368985212	108.93381546494024	114.0632916527153	613.4841114304725	204.85595369432366	284.3922595423979	199.96397891106662
PWY0-781	44055.313118161605	77000.53611109917	11095.136316484593	69916.2707131682	20100.75923330692	31154.638755912147	32916.64456637441	14449.385892471008	29997.11011013894	14480.489245563462	10119.060738935703
PWY0-845	52846.93288730559	146670.4593673068	44262.402025624964	67683.46706316996	3390.2456873193955	2030.6772887258667	27962.971306314754	2019.187520823377	3871.0186919671532	6520.5509098125185	1630.0638878106593
PWY0-862	95628.85752730214	55469.92427825269	97915.76998135974	166778.42419751373	30045.96973050875	19844.417654932964	101497.13309163987	6155.115516431574	48211.50305014338	25725.721508998136	7336.963380619129
PWY1G-0	0.0	265.05707540965886	1.0306909135134608	42.72647689714543	0.0	58.8846761073082	749.2621975034555	86.81704009343039	0.0	0.0	174.18307121924343
PWY490-3	21137.60034900003	10040.54217994265	1947.0662838157652	7997.144590702853	13025.743799127886	11224.746362233605	6235.33405607467	6808.324122131136	11358.3563581924	4318.860666882213	2828.3107849421094
PWY4FS-7	107320.22614251764	112620.59194498316	57676.304600918265	123726.68265339079	56463.7373031764	59082.838806158914	94479.27046716814	23815.31322033408	80939.5593114196	28958.347399038208	15819.841655217544
PWY4FS-8	107320.22614251764	112620.59194498316	57676.304600918265	123726.68265339079	56463.7373031764	59082.838806158914	94479.27046716814	23815.31322033408	80939.5593114196	28958.347399038208	15819.841655217544
PWY5F9-12	0.0	0.0	0.0	0.0	0.0	0.0025753685681877757	0.0	0.0	0.0	0.0	0.0
PWYG-321	104385.34765439834	65208.59587008797	102044.99331533344	176926.6020652017	31973.668318888944	21459.763885718174	103955.50648238657	6839.833582887039	48670.54395410939	26704.162397887932	7867.856233401404
PYRIDNUCSAL-PWY	113129.43055849134	183610.9969147699	88347.44202276658	169310.10585084138	48741.810855926924	39690.416489145224	96888.43530180134	12023.080129802089	63517.66382121642	25982.600201900455	10044.97336867268
PYRIDNUCSYN-PWY	100177.58904998661	186836.0440550927	91846.42854637837	180550.62972506412	41734.15233051717	38588.266267155115	93674.15615615498	10012.550522085181	58675.040626142865	26463.69699719769	9689.410359566074
PYRIDOXSYN-PWY	47413.953387193185	137360.84280938163	45546.27698521507	67246.3997579109	2684.4801549925637	1593.5046297081587	23096.785820153982	1412.2077347665756	3065.438911367965	5817.483310906647	1341.4457496342964
REDCITCYC	21473.65565308978	7501.465736155962	3935.477420371861	18203.68643556089	16965.055505909026	15218.630786496245	9025.041614446245	7953.059689265168	28957.42987062682	7354.03230826383	3516.5685361604383
RHAMCAT-PWY	62325.14338709376	126132.64811267251	49239.85347367691	95391.86275892734	12993.755058489842	10852.021412422857	46130.185033283095	7609.942221067883	19296.52845830551	12425.079173281843	5141.039469497166
RIBOSYN2-PWY	113546.00688588923	223424.08903801197	97608.39925736014	194630.8852799165	36869.382891088106	37140.622853012675	102449.59255156426	12282.795631026545	52920.1714437133	27034.28728088661	10435.135773632637
RUMP-PWY	21039.384455690455	11407.487465022863	4473.826948262582	5595.89393833809	12988.131636809741	12628.079672201127	9463.962659971961	7391.904824831624	15711.393424604326	7550.252502153673	4668.476160245638
SALVADEHYPOX-PWY	84742.25037568281	51205.949116968935	8631.967014419415	31542.732598066577	20916.490578802248	21218.299219444118	16067.601348694081	15637.862639357427	31491.869292223422	10859.372160568324	5379.06658661254
SER-GLYSYN-PWY	138140.76971673055	218508.71801231324	97734.18261610458	196724.30410845496	65542.29034620382	56545.36823922831	114031.04888196173	21020.578966560606	86763.79275278671	33365.90851797921	15078.802031699246
SO4ASSIM-PWY	21505.563195339768	12702.754399056741	29972.411800413796	19192.294912977606	7306.662271995477	5895.150870296061	15142.244265789239	3356.7719061231987	7075.092680579065	5320.423510143645	2403.1504718860983
SUCSYN-PWY	83.65512414495024	132.43267613190912	2.6593837655402024	8794.924741888188	117.2761220334845	67.38617687678104	7.711173827815403	158.32256394084845	571.401934873385	193.52641608507938	93.75573950681344
SULFATE-CYS-PWY	41121.90576268275	26862.04201012289	50090.68372999826	38942.08900928035	14343.17185051888	11758.987566141348	29457.10751696375	6378.409896894016	14403.125252082036	10131.067373034904	4564.342155948958
TCA	84918.63221777618	216287.8588666091	74506.21627687295	111203.36422729769	24306.4190151222	18848.47332617923	69210.37193568525	8169.199440460521	38283.593883400674	21516.53905844605	7524.414843743369
TCA-GLYOX-BYPASS	584.1742132846315	693.255665494925	1317.487478651303	258.878932317294	83.49273497559088	367.4516552547727	219.43027013220797	2602.7637132151626	648.776828845561	915.2127896932784	759.6218998115651
TEICHOICACID-PWY	22590.635830967334	48488.14198763408	7185.63213871119	26741.077048793177	13210.31255035179	11802.571310359128	19852.078627350005	5637.334607663163	20478.4761245474	6110.970406483736	4490.314374646078
THISYN-PWY	106933.75985536975	211335.56321659475	104070.5150819754	190807.83217598128	28086.11334046125	22441.731587219638	92774.00546954416	11630.648977146637	42992.85376722439	25811.55987952983	7786.364549853232
THREOCAT-PWY	515.9728473011329	552.7368660353552	705.8499245665608	169.22096440874068	48.66793386477523	236.607119528888	144.07500582891643	411.18945773603593	451.51813685938305	376.6775596518341	362.7284768161101
THRESYN-PWY	141960.36533658687	249291.60536500276	102102.4829222462	219889.08548287852	61836.96775710411	58823.52277563058	122707.2348192171	23546.03432625411	88679.98342447246	35410.482442798566	15674.636203493654
TRNA-CHARGING-PWY	131801.45776188924	224333.22191641215	102032.21702745583	207976.9912836583	60895.38675168644	58254.56064949527	123711.89095104489	22536.665583352133	87617.66071834337	35012.439402148266	15606.761831780921
TRPSYN-PWY	90848.61818420564	173060.73647585124	69370.26667486563	110919.23470914719	33111.00104095884	40404.8976200905	65254.81512445015	15653.476228588383	39862.99280689642	21740.457415687404	9859.349456182952
TYRFUMCAT-PWY	56.28699605423647	253.88808266018864	27.640925909122643	3589.0992310907473	23.359064444087437	68.37790270403367	171.57611245586486	1031.594514889902	174.96223544127454	321.184676549419	220.77641196790236
UBISYN-PWY	8818.38183629342	1341.8119637387638	1223.4134009272518	11779.910875895635	1274.686808099597	654.5798308336545	1148.1943831440358	1855.8219918931713	1634.4763743263727	1070.5743338802035	688.7285176586308
UDPNAGSYN-PWY	47339.62771988359	63680.2342114608	12153.178109246166	55681.58660312069	40954.57981298914	50072.261614364725	65282.21634920173	21281.26606785358	62734.84187042837	18873.319448788763	13031.457154527518
VALDEG-PWY	0.2655890696728717	9.674423687983541	0.005503341882340563	13.148452272555186	0.23601974718408777	28.1854159477411	10.51581216620782	8.134670770971894	5.107361871461198	12.767185773043972	95.41811495068822
VALSYN-PWY	149767.75730470632	245984.92466651017	106749.87624427951	207614.9939169916	69784.6218620109	64601.112421887294	105840.8105841783	26877.302741208096	90027.52474559417	38707.613123484254	17510.90734522867
