	210421121673	210421121674	210421121675	210421121676	210421121688	210421121689	210421121690	210421121698	210421121699	210421121700	210421121701	210421121702
1CMET2-PWY	117464.19981430696	211107.8428257681	95093.17990351639	193937.90289401368	35513.258869253295	88416.57221963129	49798.610977029115	5722.076875537856	5800.559004518493	5251.488537546316	39381.32753142456	1437.4510185468982
3-HYDROXYPHENYLACETATE-DEGRADATION-PWY	35.973784585657086	140.97651648002747	29.090179533270096	72.5953778020926	149.93773279736556	721.3817257079569	338.48695068444397	95.26158179910156	1387.738688289682	230.50206480870426	704.4583968602873	0.9376639209732222
AEROBACTINSYN-PWY	114.55596467680228	81.2260566610644	280.57206195153225	22.426493141861172	64.63189823685693	136.96617424478467	139.92273210689655	26.709014338168142	26.739537603665152	61.45017220429974	78.6148937540702	12.770302293569044
ALL-CHORISMATE-PWY	2632.3158313259387	1303.9351166106771	2944.2182802388575	543.3580775143726	991.6906985848269	1477.493183397787	1410.5110913176845	235.29149858639477	335.5502864579081	485.95442177488115	1234.2593940472182	134.3654525503904
ANAEROFRUCAT-PWY	103125.52099884114	184233.13129740773	42202.952876600066	133505.6937501407	33862.77973468514	59186.755494671816	44447.27072773817	3764.9685254261535	6588.657290597853	5103.820146240408	14837.783034988568	1341.811114685769
ANAGLYCOLYSIS-PWY	158246.95398256654	267946.5602911776	118967.50698728496	233227.14011827283	56249.36483279173	136331.79567907105	77586.71976889923	9444.353280613863	9698.541782632752	8255.66899562104	60263.68004578519	2102.357417124209
ARG+POLYAMINE-SYN	17106.036829113407	18065.995902900613	4635.236919564954	33463.26322462302	15658.151395904599	13523.962050459682	12918.527583528776	1513.4318828984676	3911.658630964689	3215.382678703932	5841.277002456956	569.2799754040147
ARGDEG-PWY	96.27624706675631	74.18968457090791	263.14648573381413	20.271243495319123	60.17077595314041	115.79425161167234	123.88942263987936	26.003572155447106	29.615445768130026	57.84020470677551	219.30657970521196	11.24189331149895
ARGORNPROST-PWY	15438.125858304793	7778.443625577393	1776.6093155420851	4425.842909854166	7828.179479934328	10165.884442928966	7692.541513448374	701.758423207833	1460.9609876140594	2051.806190113001	1910.6580925666794	223.48546912971204
ARGSYN-PWY	81645.27977029783	95500.23295669607	55942.77376216463	71622.75382848509	35975.67083101493	83160.14576756553	46377.26742341378	5617.529117106681	6635.30433152143	6252.6463029314045	38699.18996219374	1325.4443848382175
ARGSYNBSUB-PWY	73894.53311648474	68265.67081546913	40841.4243954566	55962.51292753037	35796.517375308365	85565.3577001803	47443.63264722676	5731.133091031761	6738.389146736859	6361.802968185859	40069.03052151897	1305.8958723093717
ARO-PWY	110161.7346698332	145903.33921207092	65872.37924391276	131026.48072168716	42791.7713762223	105961.53816253209	60795.2788149861	6682.198166850115	7416.489827777444	6910.03992380577	46251.95319340548	1644.985207914002
ASPASN-PWY	130165.08314547357	302415.3343504089	103380.60265335836	206781.1781124908	29767.72555514115	88170.31293769478	45844.66760219038	5745.154577307099	4818.665674299728	3878.9102410806013	41159.83166283332	1282.9406658703085
AST-PWY	172.3622571215934	179.90986386011178	394.5091019469196	145.9546186428486	139.6749852382708	414.34677139653024	368.9729418953157	57.13108558054262	254.58711277768182	102.82946223778866	341.75822137207496	75.57544734987253
BIOTIN-BIOSYNTHESIS-PWY	88914.32812839582	93317.93007279256	83254.51345360126	149415.7917855424	18977.93339907419	5500.307419058837	4916.515743097187	385.63901691532254	3895.2880552417664	1127.0196613985495	3054.8786169517275	889.5335127755599
BRANCHED-CHAIN-AA-SYN-PWY	135522.22291219863	223781.4386781974	99328.9559071119	191132.25310061654	49368.69317325675	114657.7735606338	62730.04689558043	7878.596414919543	9101.90605432124	8187.193329917611	53939.476585763055	1909.4405215563727
CALVIN-PWY	151649.97885387845	219497.58037937994	106593.23282419081	215907.55196596676	43575.65671967801	73367.64555318083	54263.78315611161	5084.439895058057	9660.725807364923	7984.9263937235655	21660.441309716512	1981.2163206447321
CATECHOL-ORTHO-CLEAVAGE-PWY	33.571360231287734	130.4641440106454	24.360442972469706	32.36411145681068	153.26522015432798	658.8941123405044	334.27330268168447	91.7740455376495	1187.612673821863	103.40856565247138	770.3363237526015	0.34717848495753606
CENTBENZCOA-PWY	1.993870697620148	88.40872279003376	0.3779517907081331	2.4107907595655127	5.3708879607381235	2.899923193844203	3.3579915785033743	0.4692472870184135	0.48615650494312446	0.7620778953928513	12.19017251548491	2.135722805510263
CENTFERM-PWY	7895.115983979063	3306.6659771924706	3437.2891776110337	14034.929573764453	7259.66491915993	8764.247097419367	5982.679508874267	1287.0541222992929	2354.769609265155	2618.196678184844	8191.567832837214	437.37028092372327
CHLOROPHYLL-SYN	8.695462946971666	306.1094579336919	4.383536914947819	7.787641755340692	47.15339889832968	24.959888183640825	46.00485163028167	21.09943901617997	56.09980757161546	44.31583969666335	95.59779451049926	4.662663337363815
COA-PWY	119734.33554437858	217527.36935091627	103850.71257677079	192101.32957232994	40054.26876722831	86608.80561980906	49453.551926473534	5908.071180580203	6353.815439932453	6449.596940221772	39216.125467034384	1509.7855631307496
COBALSYN-PWY	65894.35007325427	132518.52337939752	59997.594315863185	89902.02802450825	23453.587786503744	73358.21720075385	37065.904651213124	5240.308956984462	5051.9529990766505	4788.465646017567	37053.77080762251	814.0692017592319
CODH-PWY	1032.1767481751356	27673.27434352566	2356.3734251850624	6660.182041938708	1048.0750858743145	773.4967085627202	1286.9930912760901	95.24094114793543	306.64024091579364	370.8477980139942	558.2485482068579	35.25534886114829
COLANSYN-PWY	44679.15699392708	134149.4265886056	51136.066796848376	99267.31212700171	26505.68586334151	11476.250215919597	11282.245375172097	666.1808840170237	3548.987723867239	3404.06208129893	4709.437496179927	1092.8112888299588
COMPLETE-ARO-PWY	114904.8073310928	156662.19961362312	70298.49292064436	137194.2205089135	44819.01552536876	113576.16651780755	64753.77230868709	7164.004528459857	7668.2393745148365	7246.770471326826	49766.67753930982	1702.960630304965
CRNFORCAT-PWY	1.3929422787379941	64.26886893960743	1.6422609567750985	8023.749716796906	107.61099050746355	152.83227271404917	31.675020079348034	4.657935521314673	68.60394638444033	7.555831307278537	108.23471170029977	0.0
DAPLYSINESYN-PWY	82840.4677924284	88117.04808376066	19719.94566689833	72582.17157709548	36625.050773006544	94291.15656814446	53822.07639386556	6375.450747388642	7513.284378430539	6832.179670204867	42098.62028310422	1500.5706724251256
DENITRIFICATION-PWY	16.971792240549807	60.79935681293847	1.9558425770788797	7075.67202132794	93.77457490784302	137.31646686219048	228.34155344025916	6.121940008350175	99.68385145622945	50.12895740184788	96.66829740199725	8.449239271144306
DENOVOPURINE2-PWY	81120.32354306726	238529.1406187177	81709.94018140124	155771.84686148594	31284.388607526565	52747.558670584	29278.399956547975	3810.5927849217487	6045.227083115397	4803.04441703477	27048.890561422682	1006.4942692323729
DHGLUCONATE-PYR-CAT-PWY	15.24309386405053	37.07305885898607	3.363371002962686	0.003212789694762168	22.479682823424433	62.11179021250986	138.93867672762173	0.0013383411440522292	214.64314263393936	7.767871144912177	81.67473619981998	0.0
DTDPRHAMSYN-PWY	149145.33321570398	400620.5347319309	102074.66484917294	223545.59466325358	34594.24568917616	77957.12054633556	39968.06079941997	5357.63908757809	6454.106108187274	5462.466716400472	38788.51022764696	1276.3974755012046
ECASYN-PWY	359.81376154424237	245.22601795118106	828.3012421774057	75.0242519457885	184.25248032983166	416.1652147090553	365.43792135526814	70.90265236649671	443.06153483888124	200.79621373296823	281.1601578136629	36.49749961836259
ENTBACSYN-PWY	2171.1131501698223	911.3817768709146	1949.8357599109775	324.42462781607503	644.6349720923168	1197.7111875587593	959.9803355909436	189.04335222431658	416.0993843682386	378.6384856032755	933.3065887401904	92.93938360146971
FAO-PWY	4918.760273458664	1862.737209362401	2065.356396277763	5996.713043761463	5822.961853160466	4986.862494341012	3323.249084291942	671.9909707813915	4442.776572069504	2485.1207775069906	2969.9804373810925	399.12393892360234
FASYN-ELONG-PWY	130841.47771374392	272983.2934899064	114659.64394775922	236270.1024522914	33585.51553844642	12406.067251376815	10347.631428609582	1232.1763191711846	6093.7530295320485	3643.9734492885973	7484.022860244871	1400.36955483264
FASYN-INITIAL-PWY	79659.4305096349	46389.12503151019	57506.79125037073	131567.82360207976	17642.210614620748	5434.696065854183	4571.921418001769	496.48168531838814	4682.338605436739	1612.5439328204343	4220.824996942183	842.8181281553987
FERMENTATION-PWY	80189.17083032195	91541.47990551814	13288.552226416195	59584.146258161825	30515.28983157256	78011.0623700467	42893.66814501863	5213.920308271082	5170.708468164593	2261.449912233025	30663.061356888422	1042.9533843033098
FOLSYN-PWY	100930.92734836695	202088.637160072	93262.4272623589	175876.99475613274	30129.871421523763	81055.0530106243	42425.126437491606	5566.309097346911	4890.354877805986	3412.623734541415	38675.145414361425	944.2759799191617
FUC-RHAMCAT-PWY	36585.799110235945	16235.575303695417	25433.514430601972	13699.883604618126	12020.704636517181	14648.818490643382	10416.26839896545	1037.5803257558646	1849.9805793636804	1424.534771771149	3351.5197424763505	454.44351999022615
FUCCAT-PWY	30832.135808347146	7769.768531747942	17500.37713401189	6689.649433859865	14903.877248724822	25175.71356996468	16647.909111641624	1632.0558320343127	2404.7582896985455	2088.1343771510037	9611.64247976784	485.42594520350866
GALACT-GLUCUROCAT-PWY	81227.66130638898	123160.30670159332	49683.75113822094	99105.60721000469	11935.486133061806	9573.476386977774	8406.149561806818	970.7161792042282	3938.246447932469	2670.315472430686	4380.5122759446685	531.8851021271323
GALACTARDEG-PWY	8311.997728229506	1177.4044088105843	1166.4003851568946	3103.857565813525	1499.9894216901696	1606.5799199956334	1456.2989198919947	185.20502803287832	1536.0815915020128	647.6855604321919	1059.232850838736	174.56064588552437
GALACTUROCAT-PWY	88258.88574580499	150551.77907807223	52872.59557209521	103602.5814042161	16049.175752212333	11723.16644430041	10794.142007961682	1308.668939967833	4960.87794115088	3647.7015786569345	5600.847910948	693.9163304737365
GALLATE-DEGRADATION-I-PWY	0.01076915702805673	2.6226999326159226	8.98373458572156	0.05833990074068355	0.11563284690146602	102.6600412198439	19.16237511141801	23.38604986885885	903.5833333846261	59.18814076508836	399.1372440569049	0.017353060484430836
GALLATE-DEGRADATION-II-PWY	17.85685792364913	60.41226701910453	25.24804267644266	16.091292581560634	56.50907020148003	287.28943733031633	106.72122581248608	38.591369391878075	907.2697545040091	64.93754466304146	449.0265382378862	0.017353060484430836
GLCMANNANAUT-PWY	44823.28078830272	63786.88579886585	7740.46693667887	41892.06281816884	18206.778139251353	68421.67045855755	34561.97380232982	5026.067706831539	3470.192352987201	2615.508581011094	34461.801827052324	657.2617133705678
GLUCARDEG-PWY	5025.760030042527	1177.4044088105843	1063.1084997565806	6106.260292714182	1521.4351552519392	1772.2617181239268	1602.289606266002	193.75888381993042	1762.4285857875448	855.5927227335077	1194.7575525406737	193.37963145049045
GLUCARGALACTSUPER-PWY	8311.997728229506	1177.4044088105843	1166.4003851568946	3103.857565813525	1499.9894216901696	1606.5799199956334	1456.2989198919947	185.20502803287832	1536.0815915020128	647.6855604321919	1059.232850838736	174.56064588552437
GLUCONEO-PWY	137726.47449041405	259307.4621919099	112939.09527100869	228481.44231598446	40661.53836237843	33929.444752849544	27479.707671262593	2144.1308538010976	7097.966012609765	5777.324665087711	12009.281590670998	1685.2761643841234
GLUCOSE1PMETAB-PWY	5382.6577427852335	1150.74317300766	21663.030732842664	32846.71828586609	5755.315887501004	705.8819046347488	1233.5393522072607	96.66746158781969	465.12670663594906	373.65695661273713	1156.7373990646051	157.86280880494755
GLUCUROCAT-PWY	91089.66054946049	126969.66621985653	50344.74493952556	108739.86029891935	12538.394143931979	18413.749646465796	10382.46358334898	1379.4191866842452	4391.5530848952685	3038.663581110884	8686.123360387173	536.9628442880423
GLUTORN-PWY	89838.7560689156	176752.3589552148	70338.460458637	143749.5727484482	32803.72174511332	77301.40475134658	41613.33098838267	5186.991821777395	6245.343394106099	5560.708643231499	37560.09357531962	1238.961915656028
GLYCOCAT-PWY	140505.46011446157	203664.58083395517	104406.55408395735	200817.7190303035	48205.39804032349	122864.82263657167	72527.88162614545	7845.533415509625	7877.930492727507	6467.836738945166	51861.487924761735	1941.584041375317
GLYCOGENSYNTH-PWY	101726.94719421903	92257.04971817193	25321.236289653367	96565.17107049598	46661.846136799315	123717.61423069098	70266.03039343472	8249.881152353653	8375.372103229663	8335.1850360661	54903.06056775114	1772.474414790236
GLYCOL-GLYOXDEG-PWY	574.2373361636586	1000.6049149527119	1330.6082911532633	8148.79520345902	1959.6752963223275	2697.741982708487	1615.7969742653247	262.3146967101363	844.42551245283	263.14647250643407	1236.5904298269857	35.78597777271813
GLYCOLYSIS	141369.36115331936	252558.76693027932	107627.29915340018	212678.14672668048	42226.412020961856	80134.01437562949	55226.59743142205	5082.897967263421	7403.06944084004	6189.800978249942	22329.83546783339	1614.5760031917312
GLYCOLYSIS-E-D	50700.35010852558	95070.84135518469	12807.338898046655	51672.51233331706	14217.350313979687	12115.753001198756	11997.744418573942	1366.8854603496773	5793.886882594471	3242.833264631347	6197.6546226899445	776.5505313373081
GLYCOLYSIS-TCA-GLYOX-BYPASS	1126.565710175802	1340.6599362598245	2368.7901841482735	479.761089789309	1653.1910097709986	3057.7069468152727	2639.918422168404	607.2884448679762	3377.5794296194613	921.9468865765601	3464.6620531756575	326.70723892374986
GLYOXYLATE-BYPASS	614.1107376239463	1008.0962904847961	1395.4905558897178	10733.685774198615	3019.8996201583445	2865.521876624257	1837.6447988115663	258.7503625095546	1844.050514085819	501.27889108768875	1573.167138926871	163.27416266461256
GOLPDLCAT-PWY	2800.0489570039167	2090.531878000706	355.7939302304216	3567.3083736935646	3601.0377293623737	6253.922281479359	5987.146680279026	278.213216049086	467.8963209673342	978.753353435934	434.31048801841035	130.54301787717156
HCAMHPDEG-PWY	154.0098244278419	157.32628569409292	371.2785859617122	37.23598729068955	199.65791343089424	371.0216590970858	325.1329429744247	60.147956749546836	122.65207193431107	111.68347360316919	154.76719644855783	16.82204736345241
HEME-BIOSYNTHESIS-II	3560.4209018584143	42274.006879657776	3890.606247905884	25252.379305463386	2860.888434889315	2493.7502840959505	1644.4492513294272	283.69115014596684	1402.9775820523218	388.23557544492144	1209.261679854233	105.516814240981
HEMESYN2-PWY	13432.067257393366	83560.3330042688	4017.544828626466	29073.638240881923	4208.158488910354	7357.727661011277	5389.867696287016	864.001714778756	2652.3494623008173	1819.6294546572615	3359.56863101063	210.42572068354053
HEXITOLDEGSUPER-PWY	21153.218118933684	30431.02407707126	7506.214043758357	12553.372151249641	17514.798051802827	20252.689821301246	17397.419196723946	2096.2441921909335	3389.0910762970584	2575.828209202137	5755.954487828021	655.2286594941299
HISDEG-PWY	46012.77282874955	139342.0610135757	37181.79778923859	83500.59980963891	3897.0110101972655	4737.010558881151	4164.729348139172	501.62994220929704	2394.8437664566477	684.7271353892307	1363.3462899699002	135.2054589369012
HISTSYN-PWY	116355.17863346147	205132.13747978656	85082.23642437796	162311.06653315193	41021.58128021928	85878.36727162819	47294.1513800637	5875.758841930022	6791.258971458726	6485.742886130306	40634.46286860326	1635.2384715327921
HOMOSER-METSYN-PWY	53919.299342718616	54801.25569318891	47224.30876249508	87249.07864099456	21503.574619582858	26158.370727063673	17349.320289301704	2531.952022774026	3804.6073114601077	3046.2640304007728	13300.963820985748	1042.8926876523633
HSERMETANA-PWY	59190.38384180202	58976.36141383658	52733.708794448816	94384.7872618519	23832.206208524676	26588.048336107677	17872.304207875517	2601.197773890951	4472.387358462886	2068.5045501950935	13549.744106611906	1164.0649615061116
ILEUDEG-PWY	1.1778588945843345	6.658176467090426	1.388677457513926	9.498119209879874	44.27525723305791	22.168139068767502	26.883704187454708	3.95555951523071	4.096979617082015	6.404367211489309	29.19670442973111	0.0
ILEUSYN-PWY	144578.94320241452	237834.33597415657	103188.49338110133	200824.6230505923	50365.02797734811	110230.73066707181	61810.64826858995	7760.697796083944	10332.531371974474	8638.144581562347	52091.0119224333	2028.6283337512205
KDO-NAGLIPASYN-PWY	1146.347752207976	792.1035443906694	2693.289649456296	248.34246559103985	578.7009415623558	971.4197216089317	895.078063086748	110.89173317023663	1312.875663364399	356.10280573731006	917.1421144559198	106.69090903830214
KETOGLUCONMET-PWY	472.04347328263134	321.7827365471883	566.2731924867278	95.29150876985062	326.8468445724428	841.3256304825375	652.7224455151525	101.53777091990177	758.5223487754207	302.1035410264299	541.3431758373592	32.78450668471023
LACTOSECAT-PWY	4216.358855835645	12552.27497098609	1452.2677702810456	8831.764171967336	764.022245856053	2124.035700208019	1864.5420731955635	248.68648035690154	594.3261768013477	194.05883942197866	998.7436019202895	36.84212958500401
LEU-DEG2-PWY	206.1030606782847	1218.458183529907	40.77021970581936	6477.425966432457	2575.1018709359428	2608.208304332602	1400.1335355946464	223.05359667769218	2087.209808366993	302.68401821460475	1291.632407627285	108.83278488851303
LIPASYN-PWY	9.5e-15	117.31735248921512	1.125e-14	7.7e-14	3.59e-13	1.7975e-13	2.18e-13	3.1999999999999996e-14	3.325e-14	5.011748641811635	20.682405929461783	36.38818801097762
LPSSYN-PWY	576.16328181833	467.5449099201282	1477.401811340993	172.20215964422923	291.33283675856546	2.9613062100982703	3.0288965570658615	0.3221847644865523	101.27509871564719	16.537333913080694	2.7699213589266307	0.00887506363968195
MET-SAM-PWY	70429.3001888795	76606.1351907309	61011.05413724645	114210.94407148087	27484.11174285145	36973.63779835177	24073.71219465489	3437.426559612657	4732.639971917952	3825.093559584918	18558.24595504793	1251.5758122772577
METH-ACETATE-PWY	3166.6291653828307	26570.334849854324	1035.3693534438517	9065.034211779783	5462.804343636991	14306.314925520715	13318.862142879569	1286.8985500212898	2624.0464461903057	3717.2256335386787	2351.3515040104776	104.70662907387648
METHANOGENESIS-PWY	0.0	0.0	0.0	0.0	0.0	6.923483308421975	0.0	0.0	0.0	0.0	0.0	0.0
METHGLYUT-PWY	242.2370160898024	305.829589831826	608.6980403456755	146.22382112593291	396.6127251907582	1446.3445780473594	873.596657880623	162.1784869185566	161.79613616702318	140.50526938712423	716.6860051073029	27.91130025363007
METHYLGALLATE-DEGRADATION-PWY	0.013461446173154019	3.27837177108019	11.229516185317548	0.07292487269810408	0.14454101203674488	128.30367726841942	23.95195020858013	29.21445685020593	1114.3892289644314	73.91971734158656	497.89086560377496	0.02169129963548266
NAD-BIOSYNTHESIS-II	1891.7246296415592	1295.2070745171147	1385.1442243016047	737.8983698156212	1540.0376815354225	2099.9631700046625	1668.437397895252	211.5304227789732	1295.8436984911627	666.4442270744053	1117.6834547235537	72.94955499062847
NADSYN-PWY	34.726930629383105	8.767777481017369	25.17356672013637	12.493677399255803	93.82738251175722	465.96998054380106	311.74675201088615	111.17138757229571	1431.4499771808935	174.67911580291005	884.6733653632068	12.092265390647839
NAGLIPASYN-PWY	85645.59578383435	193489.96273496078	96932.3514072629	182690.29562461755	14464.832181836262	2888.8778671735536	2934.721878749278	170.81248648826735	2286.3515911918425	609.704707604884	1861.663194774386	697.8146104541922
NONMEVIPP-PWY	128167.74048280822	202421.95506128547	100979.55920266834	197988.27173421218	43385.739396015495	106586.41257732335	60194.24227044715	6783.296776746498	7085.233819718154	6644.385292696138	47411.120669339754	1660.928407182524
NONOXIPENT-PWY	189603.566430875	235733.40020955267	128847.52407161992	255060.58524374082	65822.48607106387	186725.71603851827	97885.15984702593	12927.694858641646	12111.469912039789	11145.575890420392	90102.39549892969	2678.7232489486382
OANTIGEN-PWY	65407.576171751854	91108.78146282722	20334.298298756134	81943.23912600201	31431.466040870764	92149.21708742835	48247.663430841814	6319.579195206201	5552.168705387373	5739.109049221889	44671.54614488029	1190.4505023388133
ORNARGDEG-PWY	96.27624706675631	74.18968457090791	263.14648573381413	20.271243495319123	60.17077595314041	115.79425161167234	123.88942263987936	26.003572155447106	29.615445768130026	57.84020470677551	219.30657970521196	11.24189331149895
ORNDEG-PWY	264.9181315367986	294.0832343795081	601.0044666504351	106.0596618680265	733.0965510698386	780.5019339755881	541.2419052589646	89.66458058924128	139.36810908353806	144.17801011705748	208.580963053245	26.676493379744535
P101-PWY	31.3461650265529	508.1833907294341	25.366576116872693	4317.008510372495	2391.459050365089	1854.9548939774886	885.4113359157102	114.29059778703196	381.01886259319747	92.2490480289658	262.495759734909	0.32304347653441173
P105-PWY	2210.2737582581462	2783.3946151943833	3903.7758499969345	799.982330847283	11570.443771766739	6666.141428486543	3933.479781112044	507.1638646895982	4324.697252501938	1180.0004646992504	3628.6994524248216	500.07559441212265
P108-PWY	123936.2338283551	251454.85885727915	113015.19317663499	214855.4703585988	25495.966155681388	8096.682890957066	7141.482592001938	443.29980147495326	3866.639837386881	1431.8816573636173	2970.246248861131	1076.6158941325125
P122-PWY	32019.861360127794	46825.906918754685	9438.265929620484	35889.71534466124	6936.285517946876	5430.932147494242	6172.179515893218	671.6379892722274	1360.6383913032691	2024.6760510843383	1350.2842865896564	426.0760685752446
P124-PWY	39625.89574192394	54404.049299942955	11147.821625506574	43697.312472759	9059.772467541901	7338.04279763084	8752.435948939437	949.7210988580191	1617.5724616795262	3817.9990930145727	1727.9400351428399	580.2788583126252
P125-PWY	3934.967473305461	2357.1341124934243	366.1887308978526	4299.2036014608275	15687.040426042058	6229.35398701282	6499.413193473993	1272.8625616287025	3207.9783327544837	3510.677619319955	2291.278398889638	401.6035829796123
P161-PWY	55784.72044450753	56239.997975881655	7074.977801541922	35222.20779673459	28088.405269142142	95069.67827457703	55182.60990661357	6415.591598636125	4592.714836144241	5293.238388510325	41470.40399651567	988.3565814959803
P162-PWY	2174.576391041053	2125.4830964015027	321.96166126029533	6749.627734380161	4054.6142302086164	2434.4331531201515	2892.059614345643	362.57142043353304	784.87350080658	1387.633223195215	1343.7945019784213	192.6013420798161
P163-PWY	9758.917093911978	6590.68653663482	2064.479791975896	6517.159849372168	3028.6653378657306	4037.0657508027416	3966.5901880981005	456.0730085398049	297.78769915354763	787.7383300579169	909.2076463879959	219.95443859467954
P164-PWY	44303.51342389561	52521.99644526588	14142.708524957487	39286.736749456984	14810.700261214022	66415.63039025631	43073.12467713923	5394.991368233706	4399.683562664521	4697.458781937723	19187.15595476213	924.0646789260384
P184-PWY	0.0	2.6262268714096373	0.0033081009158393284	0.04721968390615897	0.04493146321136751	107.73438550585146	19.659078700617734	25.817425643149267	1052.041976705421	68.81796480071473	454.6068774924779	0.005502952764619065
P221-PWY	13528.822642375255	888.3049194545753	2053.08396798193	8537.460992252652	2512.8408397419653	3186.4781637128003	3271.8610741830526	129.4423612628183	1978.2915442473777	694.4929404977754	1887.6953101510405	143.0981049130004
P23-PWY	7140.781922778181	54440.955558414964	6999.498319045806	51952.724794169226	13956.640067591681	8812.870194934036	8986.304000702468	892.4165649446052	4184.906238428709	1573.4875712678647	5001.090814819496	517.8636178608652
P241-PWY	0.0	0.0	0.0	0.0	0.0	0.0	0.0	0.0	0.0	0.0	0.0	10.808425932761988
P261-PWY	288.23346572228354	169.61042564133726	13.646310291434025	171.6047033374617	421.29706773444906	125.24889880174428	116.40872231564406	27.161028258861677	67.23704960170514	52.72272969042948	13.694434715116937	1.1935593660381727
P281-PWY	17.695504727018395	593.2842227657524	21.897351417435992	725.2828681638372	374.27776016264653	813.3526551775012	348.4428773160322	93.6173840240458	1773.1052231841898	176.08280836381616	837.1437293007158	38.81086680901287
P341-PWY	1782.1896454322155	86.41366233413939	125.61657760184187	343.9558484288807	249.8661344268154	665.95718075736	732.6179415539805	30.629269650432388	441.3286200346548	50.92782187292718	401.2992697701061	192.56483987644432
P381-PWY	106.03634460924512	3346.72048117064	29.14829184727899	458.5182085798045	7442.7429560041555	9363.415497911068	4810.832078456077	664.042192303131	2195.281263139881	712.1381856781474	2244.205623878761	0.0
P4-PWY	47998.820315148085	80193.81871529271	10260.476345698387	69721.45906031059	28661.850763434853	64554.066149623075	38236.22428942134	5097.377251409505	5697.0448117551105	4194.381902074764	31011.7824683507	785.6591363301254
P42-PWY	165774.88697239204	343401.5449280899	135171.53940753615	262894.24918921216	34709.03688036146	11868.283474475209	11228.768110205596	1193.8174135745464	5963.958882880538	3242.6719135527196	4544.9494925483605	1420.0580864406777
P441-PWY	61114.19829068592	98583.724118339	13261.980571101787	57949.769125247134	20183.990758993994	25252.625424798112	22908.5732593015	2524.254671999131	5169.245036898208	3536.1565163297564	12156.912687673577	934.2308312270245
P461-PWY	7468.846614393043	37001.92155532804	5212.897925958968	20023.82518233097	15896.769475744468	20620.783876718488	16871.952087444766	2820.137257467604	2428.104080693294	1992.4414215213474	6858.017193731127	582.7215219011482
P562-PWY	8485.306539298968	1998.1948514045325	843.6619670131176	6795.274757735889	4133.598750062124	3418.716652480915	3035.508814331344	292.41942257972585	2486.729165877229	892.333894680246	1274.2715707271245	174.4302339442527
P621-PWY	0.00027722939990245857	0.0015672719544607924	0.00032686957501907736	0.002235794392505748	0.010427142542517786	0.00521828433214125	0.006329475345641313	0.0009313045173401466	0.0009645219725668208	0.0015080001921476795	0.006874370590669746	0.0
PANTO-PWY	96188.31849467411	221800.4435199414	89680.03580039063	170186.65316472054	28904.393403336966	70757.31368473166	33440.692930030236	4856.217355224998	4215.23488548342	5703.840573971161	36558.85085743698	1024.6915378759686
PANTOSYN-PWY	103467.48416190222	221413.8363114562	94228.65831629625	176223.42125304046	31927.492492796824	75523.74852298529	37563.36431589888	5153.756917835115	4672.2052544997505	5262.614563717959	37483.45353953985	1147.2162565979017
PENTOSE-P-PWY	86374.44437929986	184911.9566113138	48774.51641487179	107292.88460948595	19735.33614379065	16737.291812072064	13967.631386792777	1681.0627426680444	5484.2737589734925	2486.5701838120976	6123.925313893065	802.3505130062101
PEPTIDOGLYCANSYN-PWY	126606.71568431567	208852.7528990945	94446.74316241803	198395.44805143515	42110.640717613576	100536.06406981389	58825.98093393077	6574.15545229251	7319.81595681357	6809.255209566341	43201.97039859711	1661.5464937604904
PHOSLIPSYN-PWY	109460.75214584194	157752.30572141404	72886.6167770454	160358.57290721557	45210.398335064594	121810.2872959839	69694.14969959205	8021.504030203712	8039.222223220986	7981.074609435683	53401.90225479431	1609.8838746534977
POLYAMINSYN3-PWY	6125.790451562626	10268.930216699764	2598.292492835605	17338.755524116834	10045.299444562455	12538.122379908413	12505.613565833837	623.3506824703226	2128.7387231145	1132.9765798479864	3118.312612443207	209.04433199773138
POLYAMSYN-PWY	9561.13177273728	10161.216378955862	2448.02566241927	22115.832371137025	10214.007261729994	10679.878355339963	10972.142513382398	1126.084980588104	2832.028411234494	2876.307745453422	3743.136565570778	365.25609571627876
POLYISOPRENSYN-PWY	105576.51917916586	191204.4973420618	92541.66979101782	184372.71598024727	27289.10847479924	89009.16759828177	44760.18957306155	6094.418373546164	4321.890349331372	3043.949537357202	42222.729236055886	1168.3232680538351
PPGPPMET-PWY	571.5803517602595	951.3151750508176	902.955589882991	5912.889859775306	744.4800496897565	1660.704189288845	1679.491773804651	320.1489314502136	635.4251757208855	582.6328287818851	1749.3554713635515	85.4573251482802
PROTOCATECHUATE-ORTHO-CLEAVAGE-PWY	48.377771811127225	276.27991322333673	25.36739336598116	41.75819880132881	191.39655937986257	864.131445788532	528.0550054514937	133.4816311086637	1906.7873937614556	227.07394589357435	1148.879327051042	0.5418258518146163
PRPP-PWY	54299.11450275149	139567.86384442524	23953.361291623783	94903.38233456534	17725.970825860575	17813.999814949686	12351.507623981652	1550.7840028565172	4695.318656379633	2232.224557388836	11286.855062360817	529.4054572865012
PWY-1269	84789.00386298176	200219.69669888823	91102.32926958635	172868.0476964788	14808.764943512871	4179.28698447386	4041.419564830922	221.5967011878063	2521.3546457030325	836.512200486302	1977.6421865159527	796.9943492062754
PWY-1361	0.0	0.0	0.0	0.0	0.0	139.10721513630438	26.962719504895585	32.389009687596314	269.7975016128588	84.56309530344029	250.50085163359492	0.0
PWY-1422	1.9687492777383617	1.9214447359477156	1.4239723088792058	2.880241679993996	14.949395732648073	7.36261896637019	21.951258625141886	9.99613048990229	21.419057781488448	18.630282453425757	59.63022592391777	2.297278048755384
PWY-1501	0.0	0.0	0.0	0.0	14.023337054776944	1.6959788187216291	5.494550767295382	0.0	19.16577364393651	0.0	11.69004939859396	8.249374827212566e-10
PWY-1541	165.95629863124404	53.090578335478	31.58862580769597	209.12768195935743	91.38978959332657	59.382128887845354	61.58992076898791	26.08905910782406	90.68818289173893	16.029470090373675	86.70977924209029	0.00047598872994789835
PWY-1622	10.46982353243779	45.47477109650816	4.227828263232622	1529.3527133861194	243.53265724787124	245.20620949204812	155.40959611323765	60.188407413413564	291.1772703351528	158.73220268292317	21.797477894022	13.147908933891845
PWY-181	16.777718068693407	73.74195481966375	12.238683645809001	21660.969168586813	540.5727707883023	817.4030786981592	347.8055151001002	215.012849689162	2529.7503481996055	418.28217583900266	2110.017548093011	35.00807302323169
PWY-1861	28276.991426568708	14606.861803753163	5726.993567255384	7760.91954525062	11004.640869245724	11711.265635619753	12478.121328487123	1258.0555575816252	2310.1980075106576	2432.8670001817336	2907.68549830487	712.0612366903426
PWY-1882	0.0	0.0	0.0	0.0	0.010343469002760022	0.005176939793224864	0.0	0.0	0.0	0.0	0.0	0.0
PWY-2201	0.0	0.0	0.0	0.0	0.0	0.0	0.0	0.0	0.0	0.0	0.0	0.008884047855341737
PWY-2221	5.186595861666021e-06	2.9322045103132012e-05	6.115306919126997e-06	4.182893285459762e-05	0.00019509171737771278	9.762783016843467e-05	0.00011841820706244692	1.7423633207806575e-05	1.8044915916246945e-05	2.8212861964347555e-05	0.0001286109337131953	0.0030970611244493123
PWY-2941	22490.10183579625	64098.25065031602	4292.089577483937	34470.99925419343	7126.183028877941	14094.275158440467	9483.088539184366	1562.1185792385236	2191.665577116369	1585.3885958132655	5100.586608104085	86.19498214792114
PWY-2942	141213.39750793664	230255.984644559	103189.20207116284	213913.63167288946	48216.34861761783	104169.80965375845	61344.845586679796	7055.111318695978	8307.34613435661	7583.114528678985	45064.12972585382	1898.9685999606604
PWY-3001	137646.9812285864	236773.28167262912	99336.2056595809	203592.43161392363	47945.54991123218	112480.86358429848	61702.432451197696	7656.152729035491	8306.353566775584	7493.73922966835	52045.08429498244	1823.7979453861115
PWY-3661	0.036783164231239486	174.3061947953754	0.03153194753273501	19548.080002612027	0.6054540849841824	0.2993987027855194	10.639806131747138	4.558051384371854	40.95561058691205	20.047746493756158	97.24019418332688	0.9155257914452536
PWY-3781	711.2998961654322	6377.644748551303	324.74796269739903	56659.89423377446	12009.608447875742	10210.580158015717	6484.882135405492	1408.9536505311753	7532.689589828962	2289.32018917159	5616.792029145579	835.6047519610377
PWY-3801	243.6560423501048	343.67683853292255	8.566917600261302	242.07550273244195	90.86748963794446	43.934302870293045	132.1694310363403	60.06419052108433	125.73442881540942	112.68322100601233	351.50181811933913	13.35125499199725
PWY-3941	0.21338335571592207	7.289015901375736	0.0074584073399711764	10.58201592713055	32.00218570376455	164.8615773333068	104.17812709048331	15.529607475732629	6.2168941761619845	1.5014923375423948	70.7300794876295	0.46172566162159134
PWY-4361	53.79116666036468	148.5752905911639	16.993119960657026	361.13031580553803	83.20268192647313	33.81888845537302	85.42440099971688	24.514794337165096	54.4170607218456	39.27599959816931	124.2682967026302	4.269603091639102
PWY-4722	135.5127839156618	2078.715513983283	58.96282590597882	1122.0637791984839	320.40038391613115	2795.8220357239215	2512.2547893129336	240.69453083593493	48.11531310170795	45.84243037350899	498.1788580322741	6.67574613756805
PWY-4984	25562.92941238186	56485.24328622678	25634.315359142587	24445.8824821532	15477.898362100721	71969.7310076054	35079.2910133756	4945.71302191681	2561.78551653172	1532.0558939867485	35745.107751280775	360.76210546010105
PWY-5005	9735.20400349876	13198.376055705528	728.1553840422729	4823.109935474954	1981.44131836026	4478.555448007614	4400.946003947183	365.2071021574599	572.8962588859918	295.8506577703057	868.5547442719165	55.996235579655824
PWY-5022	11561.507488204708	9907.70516303176	2802.1777628645987	12951.312155907635	13329.85266358253	16022.50233732809	13562.923068549204	1684.903640853878	2529.9759750099347	3098.0144121514545	4715.05399920636	318.82432701236837
PWY-5028	41.22906731113584	256.0138548178767	52.059360594577605	73.96794630224636	118.92250330423158	783.6519868810335	387.131453206281	128.49618576851393	2326.8141146217	272.62730494714805	1174.2111119867136	82.90293499258178
PWY-5088	165.14008022537016	221.0843375607176	3.030063068364511	163.70450147162262	42.90837016306668	21.621500272898473	25.98807150701947	3.7705141387585863	3.9237248720338833	6.117163996888635	27.69500053005192	2.542207368810593
PWY-5097	138033.92447038248	223564.3795228952	96102.29502961868	197638.56873406522	45689.72785306488	97610.92687806573	56237.67364058393	6607.721425482918	8058.170070866298	7487.624533316089	43462.03291635245	1820.6497207265513
PWY-5100	144833.70265982166	214972.44162837692	93323.91420938744	200610.93506714702	51292.102464462	158287.96617250892	80405.92670947056	11158.485854303794	8757.66724895738	8881.253690035905	78075.23791769585	2002.5110810798942
PWY-5101	156303.3321349606	259075.52948167705	110893.15277688798	214601.18775441556	54618.129836372515	117680.250003196	65794.44783726985	8287.17890025238	11314.108937778237	9433.103284808887	55798.0621028896	2196.918758620671
PWY-5103	132982.8420014074	222767.39472169144	95988.25826715266	186758.61606816002	45721.93074177631	100516.52675120905	55326.947788005535	6961.866351059381	8334.960396070235	7641.12969705309	47237.97397238922	1818.5002984894988
PWY-5104	153016.3960982166	235565.2105165485	103658.70899354166	203782.8662737021	54722.0057922985	123329.20333165335	68752.87141577102	8630.12649116017	10839.934267855562	9507.10383454697	58409.21723396082	2169.2297098866825
PWY-5121	123947.64322446863	197295.34362958663	97921.16083164641	194316.15868108431	41377.264318486574	99569.51507205365	56851.357922308904	6412.765391950057	6675.071584804843	6358.098002201419	43765.44777890888	1630.4298703857494
PWY-5154	80651.17780673664	109627.65171058865	59872.70628043806	82512.93864237484	20838.794432336726	6985.190036105824	6173.581117569173	773.3151793415368	4495.269206404164	1634.0382188099843	3548.2610400852755	1029.549916354413
PWY-5177	4624.320486362439	1419.5532790441455	1746.2892757218463	6926.855371637934	3967.9825382704516	1744.8413799212617	1892.1738653457833	330.8647857175089	838.8836115037511	1766.4682979978434	1738.9796917533658	314.89176616669624
PWY-5178	51.412617770709346	113.5942772210636	27.74009499212614	34.75230372972007	105.58299683815765	456.7965805661729	261.5459229601316	62.658297099898476	214.27699082949385	25.078551511766744	343.0964982535603	0.3990484978897036
PWY-5179	0.0	0.0	5.28676672129195e-05	0.0	0.0	0.0011973810416080828	0.0	0.0	0.0	0.0	0.0	0.0
PWY-5180	10912.505349151705	887.931075065791	1212.8727810401895	1509.7757479843733	2645.443526571335	5434.22290307283	3100.584184808425	552.468856603673	1411.2064944959784	419.8504202951848	2562.5777893124646	103.00294098177733
PWY-5181	29.739277887594067	149.78848280479784	23.280492662546493	27.95712336536836	117.86385641106848	410.57712925398243	300.95956102948026	69.03239143652156	427.9429238353513	112.13453462025022	393.53438649201024	0.2592912581945496
PWY-5182	10912.505349151705	887.931075065791	1212.8727810401895	1509.7757479843733	2645.443526571335	5434.22290307283	3100.584184808425	552.468856603673	1411.2064944959784	419.8504202951848	2562.5777893124646	103.00294098177733
PWY-5183	36.23571279719098	119.37844175410615	26.032093002838064	30.85720074600036	107.05766410144871	354.6251328758169	57.8718038034144	22.38378410047289	215.7581996603031	15.531343365280412	263.62619634112946	0.0029561829854076196
PWY-5184	1.0542716621275405	3.610423779870467	0.36992141297094655	2.4387836010939914	7.904261362838388	4.207377120128848	4.941178662679191	0.7015458827010043	0.7269243799206192	1.1381461282827696	17.993916680577684	0.0
PWY-5188	34201.67323631635	33878.715255983974	22439.807391240203	25845.682493524484	24481.62155215725	77829.55197472352	41640.9773893028	4991.111754850502	4879.0335761781525	4072.9242458224962	36323.53511785216	685.5424026686912
PWY-5189	27887.931841632573	32278.155924747916	20030.85637179085	23560.59169618112	21992.417718671808	74987.81175685737	39348.716190283776	4854.816170179176	4443.718924171997	3519.906569108106	35873.34003307736	606.5481700848442
PWY-5198	0.0048484807809532435	11.793193705082386	0.5464771279151066	14.650503248897106	93.10361922448735	45.665627159966824	123.75126153858338	44.06460235164088	83.39803414331257	42.91955496209061	8.090983730571047	0.0
PWY-5265	131.4501201554957	6306.419809072153	486.93299243252	1796.0852710422882	2882.174693962624	3276.5451931785897	2168.5423128885745	820.497014219529	859.0024352758594	728.8509352041177	1121.527631586209	5.037378433171524
PWY-5266	10912.505349151706	887.9310750657911	1212.8727810401895	1509.7757479843733	2645.443526571335	2434.529566578427	1673.6751271692128	244.82156515046591	572.8496303659408	419.8504202951848	579.701936957098	0.0
PWY-5273	10912.505349151705	887.931075065791	1212.8727810401895	1509.7757479843733	2645.443526571335	2434.529566578427	1673.6751271692128	244.82156515046591	572.8496303659408	419.8504202951848	579.701936957098	0.0
PWY-5304	13750.089028923063	173049.97364027725	16543.757018097927	22494.776502762037	1557.9455382078909	2221.088007102683	1914.35170058466	181.19445470691485	1383.72	497.2187796219922	1479.1666208496536	150.2664144402204
PWY-5345	29796.2654033741	24836.7676559783	35018.58937386667	36175.95124732167	12350.818025023815	5536.514507094537	4969.484810966348	531.5585073415226	3821.3303311501672	1528.692056757584	4137.360688940749	407.67875656758895
PWY-5347	85060.69215173903	100166.87162943023	72503.23532406369	137626.29170345978	32651.101543737976	48948.83006536829	30973.33817254876	4353.168245374964	5578.454361617724	4611.789314478363	24360.483218011483	1404.3834051558088
PWY-5384	17875.290734806644	15816.9818010534	22645.579013031605	6017.071463955914	10943.049831859	73583.61528956203	30888.557803966236	5266.515407391025	2730.1951029000593	2773.6309217265734	40648.71097103202	282.1837872607462
PWY-5392	6.102371666960878	10.068657718546719	2.3522857019850165	15.685007312926778	61.072586282673704	31.964116546009322	37.92654573807215	5.452090086289273	5.65837382261979	8.828586674953147	40.130446487797805	0.0
PWY-5415	5892.9249652014805	543.4429421233126	273.24083431738654	570.8112668644237	1047.2755835227836	2556.180920301783	1683.281317188118	266.9606220207534	653.7886912570842	334.56859363170213	671.8887233626931	20.22697162707076
PWY-5417	35.23967104464333	138.93903052451145	32.66709321565708	30.43591199335352	146.00643304920334	590.3938144536123	322.74338131107436	77.30635515129246	1218.805121749487	101.48092423272013	797.7685046970763	0.5160735154351542
PWY-5419	23.5323655069767	78.22391928937374	120.76197218570105	46.13010587158454	139.11138842227285	460.7143501165562	243.2096206550344	79.4531491590205	1040.6568963242235	89.78012564883893	593.6029304093553	5.266440762802943
PWY-5420	41.128772145189515	131.0546094929152	200.1669400892141	79.46101769974631	236.39572466200673	732.316696343745	395.3396493293194	117.16944336324788	750.0268736478846	140.50415741195226	653.9043380639089	8.96600525035849
PWY-5430	32.594130271208506	89.47942924977566	30.02751089022967	42.284391620934976	102.9011633447701	409.4563746120721	195.02685895792735	60.18536550301058	222.96589912636617	25.387318313356577	352.68271822677735	0.953797101193308
PWY-5431	35.23967104464333	138.93903052451145	32.66709321565708	30.43591199335352	146.00643304920334	590.3938144536123	322.74338131107436	77.30635515129246	1218.805121749487	101.48092423272013	797.7685046970763	0.5160735154351542
PWY-5484	125571.18020197224	243989.0839363905	96587.63326910042	195403.85840034997	33617.39963706475	55901.200719082175	42328.45800796303	3439.8546476256142	6014.538044984564	4826.684268151094	13564.02963254772	1302.5403274583073
PWY-5505	81737.87692916977	33190.736964160875	10320.419475674802	21740.149226883565	26006.637407286453	115528.59047361837	54509.28819759725	7685.782419357398	5197.797208344591	4658.95672620085	57423.13217075023	1087.0242554304316
PWY-5507	1012.1369425036602	6303.343514389533	288.80500921902006	8316.422833386228	9186.428115828345	14815.817143547642	8925.950974239317	1149.2247432127085	1644.4411847246288	1242.734637003262	2542.6458756969673	142.83525718349793
PWY-5509	63800.17209636131	131021.04370342447	52444.54721550168	86095.1567082376	22907.17195652397	72563.2457999936	36206.64380339776	5167.01488754242	4858.748148200397	4503.555729585631	36838.383680191415	769.536667439453
PWY-5519	0.0	0.0	0.0	0.0	0.0	0.0	0.0	0.0	0.0	0.0	0.0	8.18370500977209e-05
PWY-5529	0.45430552062626	406.47079556535857	4.492487841678676	11.793039806355988	54.85536667822796	39.391020662435864	28.934768729709408	4.283142077939364	14.686276041521648	7.808234590085081	49.903989673691086	1.2927778659639684
PWY-5531	14.219968807564976	301.02177625074347	4.539653486187098	14.181679236743822	59.047629059352744	82.91013076738253	57.17515443175334	22.802274053214244	50.34383231490257	42.46049468754838	129.63053067137318	6.772361875988
PWY-5532	46.07835571947794	315.9185707361783	95.71328079303446	2241.0547318236054	218.7341536446196	199.76405732443848	206.6420778039836	39.12623359051198	402.6658815233167	93.31196026535585	346.25314133381613	9.846386506478721
PWY-5634	0.0	0.0	6.1363546290093846e-09	0.0	0.0	1.389801285647657e-07	0.0	0.0	0.0	0.0	0.0	0.0
PWY-5647	12.018617450933917	5.223099102377228	15.020964590680729	6.747133808063327	45.86202368865134	209.71885333827026	130.1390244148006	46.655583380719946	756.9608946540245	68.30842210494396	403.5136437946607	3.457391276622177
PWY-5651	21.707021183386804	5.479955036523928	15.735104216147484	7.808749475713906	58.7016907654335	291.8358141524241	195.3334765204727	70.04233616319256	1001.3076193330919	110.60813679222093	557.8558328777164	7.582882959978971
PWY-5654	12.148512172438602	52.1267041951664	16.201761974408814	20.492718755850984	70.90422148884144	253.94286564803366	134.97822070350165	48.09084650817517	777.1900779028041	67.44499311396851	410.493336257329	3.5739699045642523
PWY-5655	20.09227875821395	8.404726120535445	21.092747778389406	11.05201257080842	74.86811601387114	339.51192002152993	183.87380529051364	63.67750806385835	551.5569147890118	83.26372305490824	412.148374906816	6.607710408610104
PWY-5656	0.5389020892797393	0.5221061907907956	0.39054201933466537	0.7750796477412107	4.083653499810412	1.9974951283700624	5.980617364525213	2.7220935331048413	5.481901736476638	5.141310769716912	15.40874859367538	0.9699290572399263
PWY-5659	120471.28097167048	216940.44032652458	116402.62871345384	221710.7213904733	44042.714465154415	129332.07609392068	61469.56823901301	9116.727280748433	5581.842134802967	4833.410037239498	66192.66496870267	1530.7276758702492
PWY-5667	124102.67735242767	219128.88898611456	96109.61320065343	198424.6732229258	50239.25898713837	132453.28700045118	75162.15402565077	8779.902555740811	9052.275404120344	8214.156754094825	58772.678172322434	1838.90450930959
PWY-5676	40377.155793964565	12730.554022007213	8249.7254213066	28442.44928796711	24029.686646889833	16966.06516659012	17009.04031486526	1789.796024775873	4535.063283038659	9937.597872857668	4514.665634029191	1114.756127492398
PWY-5677	14841.130912470708	5300.784363491885	1882.977393411357	6039.500399197836	6704.807593695683	4944.5291790382025	5397.828555982205	690.2597416698505	1699.5156185570304	1186.6274192632593	1515.906081047955	386.7407090268377
PWY-5679	0.0	0.0	0.015150574697818749	0.0	0.0	0.34313788120759264	0.0	0.0	0.0	0.0	0.0	0.0
PWY-5686	136612.79903806697	219973.3688076718	106297.10921752374	213524.7050662827	44150.15415425715	101108.20771924533	59590.615810419826	6610.375635489528	7929.516472517858	6937.255601635129	43746.881990972455	1779.5004151981502
PWY-5695	137372.34081071563	235118.94122122956	99612.26506918219	215345.42145327674	34628.85011513243	115823.87436889479	62288.83032936108	7662.199309328917	8521.469052426633	5448.785118834255	51560.896906175854	1536.6752884235937
PWY-5705	2515.975890512287	2581.6867660357084	614.5931240924326	4470.445063520054	1011.7881490661568	1601.6478285399096	1455.2084695323936	260.2022704674566	594.4059865159523	546.5599996282024	641.4876564553437	125.22836155061451
PWY-5737	0.0	0.0	0.008851836971333195	0.0	0.0	0.20046565425786664	0.0	0.0	0.0	0.0	0.0	0.0
PWY-5741	0.0	330.72150932379884	0.0	7955.294879953504	46.13080719373801	151.27684153312595	5.2156973166603775	0.12952447892071142	2.466198537186661	1.4289412293792694	3.662148262568384	0.0007599434503352822
PWY-5747	217.57777058537243	285.56242819538375	400.868657105882	2535.355146861381	189.981191851472	478.54500984528613	442.37477101303244	83.96600445043082	844.6251301554851	158.78036941236934	575.7484489700639	38.43892608030632
PWY-5757	0.0	0.0	1.178040999996876e-09	0.0	0.0	2.6681038399672723e-08	0.0	0.0	0.0	0.0	0.0	0.0
PWY-5823	0.02391015567079033	0.3604446808583769	0.02819225274573188	6.042073678493018	10.981009991086864	95.60038119092516	64.94126334656144	0.08029012276242374	51.735211478484146	1.7265874666872187	0.5927185438717462	0.0001249074038681948
PWY-5837	6348.560399372381	1572.4125491553987	23284.233089361533	1406.0541508698905	6013.766915667251	912.732460904353	1077.5307776694367	151.34562545065316	113.69450134142676	302.01220832727495	734.4940492215343	69.60227397231965
PWY-5838	18766.282091301728	5293.7432867477	51962.82051151896	4738.8140488531535	12114.359199249766	2542.430576457242	2787.815058966772	361.7363959306492	353.04420903043723	716.0517420204559	1786.7199455550374	196.9041590603509
PWY-5840	18632.00392403481	5259.592384059167	33928.79764866903	4712.346598894924	12371.686942247661	2663.4579739564756	2918.150404111655	411.35819744665736	354.47949290057534	731.9182277909086	1869.8165992003026	198.00515636455327
PWY-5845	1564.8142598879742	1955.8439934216976	3906.467142443021	4356.30040443248	901.4679001756466	1275.685138559481	1303.2810558138203	237.22976979104487	290.93018565065296	458.46244086851664	1115.983057601732	119.34965005686442
PWY-5850	1564.8142598879742	1023.9644790911977	3906.467142443021	322.00292739746567	901.4679001756466	1275.685138559481	1303.2810558138203	233.94720906767245	237.0376394515991	458.46244086851664	950.9454034486821	119.34965005686442
PWY-5855	8466.609383188967	1296.7383546521955	1201.9364779050047	11102.421273817792	597.9905812401164	1414.1291577845318	1176.1981414696104	217.74022292965475	2086.0529190881625	391.4437971689545	2308.2416615055017	175.12416994789416
PWY-5856	8466.609383188967	1296.7383546521955	1201.9364779050047	11102.421273817792	597.9905812401164	1414.1291577845318	1176.1981414696104	217.74022292965475	2086.0529190881625	391.4437971689545	2308.2416615055017	175.12416994789416
PWY-5857	8466.609383188967	1296.7383546521955	1201.9364779050047	11102.421273817792	597.9905812401164	1414.1291577845318	1176.1981414696104	217.74022292965475	2086.0529190881625	391.4437971689545	2308.2416615055017	175.12416994789416
PWY-5860	1048.6079263631163	683.6778186731943	2635.171614238891	214.77694710444564	608.0957102261754	857.3780427063084	884.1396254132543	159.41982130032162	162.16938958328313	342.0493966931948	641.2249830438163	82.65027188983498
PWY-5861	13334.106915260189	3556.996474085055	41033.95001949559	3182.834831445642	9583.573079264404	1722.6691575919256	1929.914959000736	249.51912889166894	244.67569795808146	572.5509713148923	1217.0415813407158	139.88011147483243
PWY-5862	1048.6079263631163	1307.6766615927368	2635.171614238891	2924.153563647857	608.0957102261754	857.3780427063084	884.1396254132543	161.70693596206434	200.23391126504504	342.0493966931948	754.0091594178294	82.65027188983498
PWY-5863	7200.298735230674	1794.8233639204784	25686.623876061218	1605.1726805106991	6721.438295625879	1041.6108669547057	1227.8344280043495	172.33718497248861	129.56348416910433	342.61413423856834	837.1322845979712	79.03622953115136
PWY-5896	1564.8142598879742	1023.9644790911977	3906.467142443021	322.00292739746567	901.4679001756466	1275.685138559481	1303.2810558138203	233.94720906767245	237.0376394515991	458.46244086851664	950.9454034486821	119.34965005686442
PWY-5897	16862.220319221822	4647.713382328781	48642.97765280745	4159.732576165551	11574.732952191622	2378.9097576406443	2629.5291704070114	370.9513256128752	314.5831938230431	666.8257512668523	1696.7888742638875	178.25326992260602
PWY-5898	16862.220319221822	4647.713382328781	48642.97765280745	4159.732576165551	11574.732952191622	2378.9097576406443	2629.5291704070114	370.9513256128752	314.5831938230431	666.8257512668523	1696.7888742638875	178.25326992260602
PWY-5899	16862.220319221822	4647.713382328781	48642.97765280745	4159.732576165551	11574.732952191622	2378.9097576406443	2629.5291704070114	370.9513256128752	314.5831938230431	666.8257512668523	1696.7888742638875	178.25326992260602
PWY-5910	3259.6463145372645	21699.839127876134	1987.582029879894	14045.572589266016	1023.9739882964236	7496.774085202241	5568.854851674506	848.8082011601797	469.4290349643215	133.816913782343	2585.0205790461982	14.94079910077989
PWY-5913	61472.75431287331	186612.79136830405	67806.48750690809	91166.48563160506	20305.182143578077	86831.74535248028	37824.408274575944	6185.133532137204	4582.576804079265	1346.3834459517332	47110.78069756234	545.0661599660787
PWY-5918	7662.9677068756	35680.98841133616	7714.856315865838	25583.618651316858	6078.449190341897	5947.987263126833	3880.378214670123	653.355924757793	2440.153364146894	843.0452809201068	2879.256022598056	213.8411667758983
PWY-5920	592.5357791850113	945.518032900348	1279.0049213656075	14010.403727323923	561.3000055910846	1471.1585184629494	1164.018862013703	221.4289184780251	936.9108546542444	397.71234366208876	658.434928776135	72.01603369002666
PWY-5940	0.0	0.0	0.0050414479163934725	0.0	0.0	0.11289771543339087	0.0	0.0	0.0	0.0	0.0	0.0
PWY-5941	269.90787247485196	468.7347510776622	28.643855460910007	523.2727635449523	2816.4173501242285	878.6263523382154	1091.1122702401417	325.3033793316833	642.0504866214502	262.9314904914187	516.143043595907	82.21961645993662
PWY-5971	98572.5527371114	76583.93643564158	99183.37669203931	175267.5970238937	23957.1294849747	8778.604858252267	7359.265501351958	826.0929574478547	5179.853119663302	2076.501416398133	5463.249658560013	734.188081627252
PWY-5973	148266.35550824477	247576.31177310692	117379.5662987156	236091.04447596762	48289.84396862006	99694.9441066651	57934.10635937074	6570.528747297389	8935.495176980257	7868.702739474374	44258.68629699744	1909.2433767910397
PWY-5989	97552.50858522781	55434.86519600083	101600.29051428969	172272.3349394928	20151.58289213648	5832.115159012018	4897.8208142030435	553.9445106120253	4888.364839937999	1645.110851121157	3845.024738349066	858.8366376389706
PWY-6071	240.74883964072188	274.4612672002907	497.58597820837826	84.08866459958202	396.02754970886946	545.8860952940054	523.84837399169	100.68380703220528	118.294058696265	182.39484675882983	236.04760172345792	43.24925762743451
PWY-6107	0.00017404946179807755	3.8412276694587493	0.15959215987825667	0.0014036504732676158	0.006546669844085508	8.926639752547636	11.445451717278372	18.104174141394243	81.63679342633823	0.0009467550400877208	10.332789247980989	4.9321574072052005e-05
PWY-6113	29617.908731179938	7029.8999086061185	66132.84608470554	7737.491194384666	16904.918707732606	2006.9520822610812	3305.1269533393993	0.0	66.43010376122449	867.2417846382642	3045.391086721173	168.82399451470093
PWY-6121	141261.6497182152	247878.5369875529	115087.5637445819	231739.99972067738	45775.38576683792	87167.08862592037	49792.27068651281	6242.943452525602	8757.57325566121	6970.444125007484	40437.50330837917	1860.3466366580033
PWY-6122	133982.66322562043	234538.71705930575	109388.75824687963	218785.9202636644	45457.733087491455	87857.71819983414	50413.98008051064	6303.564635763971	8878.479078605289	7287.589177030898	40547.755086767094	1811.0741692585707
PWY-6123	128853.69756816761	226373.36031719373	104983.73213263787	209713.0535740415	38454.59047597393	83423.01700401567	46290.328211242435	5900.3867293991025	7058.398770003155	6077.491211858552	39190.88025890197	1489.5552732229703
PWY-6125	64082.136254567165	239374.85633750763	69587.9945997326	129908.25201772076	26788.924054488587	42095.82468463964	23270.06897845154	3048.1085632457653	5204.328880651449	4022.404426851237	22230.003364304885	797.7251770576048
PWY-6126	141444.90319977223	253691.03122419186	107789.51949973502	220980.8701055829	46007.36765157232	113800.68967980567	62898.18033538585	7912.630135027313	8647.921540881924	7411.432633787017	52809.584897861256	1738.448613818662
PWY-6142	34.67428053355465	31.729829294093133	24.41324190336747	49.436222071221664	218.41514651026336	122.84276015070888	343.12100427766524	76.77650145674176	275.9643753861147	141.42955219869873	594.4381515709222	32.43578300491283
PWY-6143	20.80675005488913	6.352939117539215	0.0	86.93489472965453	35.56739652579785	64.8256796332606	125.21582510841868	3.2265054549861527	18.092835520047682	34.66778063634983	2.9662183314336144	4.272830584153125
PWY-6145	1.2283722389311222e-05	0.0004534387802745493	8.893573769992738e-06	0.014286176646053451	0.01099283853465498	0.02177485635387584	0.04271847220291733	0.001120024724687332	0.0060995647863521275	0.011912444177526743	0.0011690289688637407	0.0038593217444968094
PWY-6147	97170.10970247994	206627.85655846095	93972.49880965053	192401.54853350666	25435.951816985184	70166.61735687318	33389.8377971976	5027.874770750619	3736.255564402591	2661.890215888955	36634.69395742889	1015.1603906478138
PWY-6148	0.0	0.0071547010446720094	0.0	95.95258775090039	0.17683814985272056	0.3536977355116765	0.6934946054556533	0.01715570865772586	0.09723943440463427	0.1911291724812655	0.012873460826083144	0.023360954870756026
PWY-6151	92896.67152618055	72911.98465402887	81929.5563106227	165316.86671297986	27745.5562565803	84337.24912135389	46184.288598513005	5439.472323027173	5202.2721549314565	3505.341594117931	37803.584333979736	1282.848529235788
PWY-6163	123636.1224021049	197142.79378475662	94273.33431293454	186469.539195531	41296.99296165339	101495.00096899876	58133.55216258652	6399.293580035166	7162.234433714363	6501.342277538334	44306.99584563894	1635.4866099816243
PWY-6165	478.5971093666903	16.791376787721973	189.3408074055936	147.0746971468303	394.1776171998482	467.56502407299246	534.2787274963889	31.282632060928005	110.46352517697794	308.84210890952465	38.71415865213745	14.879441738873789
PWY-6174	0.002405121332579951	0.002332213618073541	0.0017391866224621265	1.2530897923604027	0.018545327460191302	0.008965690173442026	0.02695921912550439	0.012419973144659691	0.026015999630068988	0.023379334988107906	0.0731758232024913	0.0027444514067473296
PWY-6182	31.0937400464437	129.06033090662783	30.218716665852536	28.82136791496812	133.8879324795931	580.601024902069	303.9283102091421	76.24421274030178	1284.9749589612904	105.04119696099453	810.6733735019103	0.42383948171883173
PWY-6185	30.117439117173227	138.77867781860718	29.59147400513868	30.094041551314643	141.64358037442625	356.4319568860113	312.3980656301711	59.128990217058394	290.162972190544	92.02768879532528	283.6305887459287	0.6496935040447765
PWY-621	87242.67752914102	122907.29817665387	35567.68351003151	90050.81137056815	47016.67068971108	213527.49767083096	98892.07544706001	14662.771325793587	8416.277962615977	5995.444436524218	111475.71904649479	1397.5648553703834
PWY-6210	13.462002081621895	46.06666894516328	15.262491348265709	24.260500494436787	36.90234023071727	180.55879393530887	92.96248904344178	33.36058270860493	298.54557658018166	39.64517092611591	223.67217235275413	1.2268488266421205
PWY-622	0.07322844940661963	0.0709808010705911	0.053019535882984414	0.10617560944923718	0.5641432264581767	0.27219004495969507	0.8215340073232611	0.37900382500689683	0.792073935516781	0.713151089819953	2.2316301239287837	0.08350962488444914
PWY-6263	1023.5685519829365	1466.8285920186427	58.61681325470657	9841.10772994352	1134.445882473997	1108.1702793050817	1889.4979304436495	164.0035742990962	493.39138981942614	516.1903452538746	724.0429521492008	77.03843036423683
PWY-6269	64065.11492248328	130917.76210423143	54145.668564529165	86492.5435959214	23193.496442565494	72676.87832070614	36358.12145884153	5174.36261941881	4888.435314068406	4557.557777177787	36912.31173407752	781.1435256113564
PWY-6277	133982.66322562043	234538.71705930575	109388.75824687963	218785.9202636644	45457.733087491455	87857.71819983414	50413.98008051064	6303.564635763971	8878.479078605289	7287.589177030898	40547.755086767094	1811.0741692585707
PWY-6282	94152.2369907837	54493.43285722018	95552.9395864735	163764.41315907062	19950.191683964746	5855.890571576297	4944.738166342002	555.5623000904332	4700.3140253595575	1668.9285330366026	3853.9695334763956	852.6281383034308
PWY-6284	7453.28254454053	1464.5954178551265	27919.737719636258	2105.4248698365127	7089.476467944564	590.1675732723193	1079.9523339089644	0.0	18.16329598468933	313.11874532927874	1283.419710241614	48.27726532598705
PWY-6285	14193.254152357493	3013.6878895580653	43867.08606062533	4346.506499617438	11339.2423335305	1155.7060411415648	1967.9694496986765	0.0	37.93979180873246	560.3427716087709	2145.88062669917	93.27114342570684
PWY-6317	99307.36955455478	112795.69717755089	17746.388014880104	79077.58650144079	36891.85686129386	87864.83849736619	50321.723554510834	5801.746464258248	6674.831768896433	5514.462653196758	38978.603414837635	1502.2070506313726
PWY-6338	0.0	2.3359124938494342	0.0	0.0	0.0	16.41769785337274	8.864631772170963	0.11763340913336287	2.076605137647951	0.2798669875370806	4.967279337343621	0.0015964518838524288
PWY-6339	0.0	10.054234406064332	26.50211148900683	0.0	0.0	302.23623440117774	64.96294765224248	58.06773591276543	1717.6229066795192	123.40202304359067	837.8831329649647	0.0
PWY-6353	73842.91347183674	76354.00076762155	15568.478518082798	50913.96768818338	27472.125967750766	28854.996368795906	22771.813947593237	2765.2507598322445	6725.987858340074	3217.4928399476457	14761.5403093857	1211.2877411925836
PWY-6383	0.0	418.40573997748953	0.8494218760101103	64.21405251040689	2297.254896554734	1932.746133898526	752.6978674311069	120.50452645276347	213.98379748082755	73.55762466018673	61.667440675573125	0.0
PWY-6385	124822.7414160734	208040.55040500392	92890.78917199433	196794.9841434561	41238.92248137037	98294.48711770751	56775.44868140192	6560.105772936679	7178.797682750152	6710.300365083283	42867.34217781882	1615.9463305051709
PWY-6386	127438.94431907372	207768.03592286026	91361.36854142653	197332.51310019442	41339.552477945595	100608.39075053146	57778.4867632398	6718.180236921853	7313.314616157984	6806.295970557127	43944.134563185165	1625.9278202559935
PWY-6387	127111.31438683374	210258.5136195444	93508.94478612761	198878.89009534655	42733.187684424105	103093.34882425773	60183.12190215581	6756.826481069231	7411.993632344815	6952.846997505478	44276.757752189944	1675.905953649621
PWY-6396	5426.069900855272	5547.6840930051485	604.0827879689323	7051.561396343919	5914.718622921943	2623.443835818374	2527.3002119774596	697.5407313967445	1659.8768200315894	691.1053413545706	1282.8813813583793	220.7413987060408
PWY-6397	0.0	0.0	3.224799999963106e-12	0.0	0.0	7.304079999916431e-11	0.0	15.469172546475296	0.0	0.0	0.0	0.0
PWY-6404	0.0	0.0	1.2889188312347026e-11	0.0	0.0	2.919364274428393e-10	0.0	0.0	0.0	0.0	0.0	0.0
PWY-6467	76020.62894740302	172770.6319655517	87160.04649611875	163507.657797997	12897.839597060987	2183.926467693477	2363.940537103515	131.244839007051	2086.0846104789925	548.3535833225807	1665.8512422664508	614.8644268845184
PWY-6470	7365.148942344584	2576.00063387609	2965.4368804152873	6015.37691536869	4273.494603496662	11890.998211460339	8903.038078557525	1331.3638579006395	993.8457715132955	905.8556945481404	2830.1910019864335	244.46052852093123
PWY-6471	40878.56648313166	62771.00805733575	16406.67049634266	56264.25143340126	13247.172726640207	19252.87442572993	18761.969549782116	2002.420261869098	2869.934500328508	3994.434128716053	5087.761631833141	816.863534119704
PWY-6478	31616.08786958853	100663.25498867	15387.109871691422	29620.60272407598	3804.1135756582867	3828.3502138766426	3373.7060994123685	267.34067359972784	1303.5526745299217	614.0604489388786	1357.4600370082846	190.7137955603343
PWY-6486	0.0	0.0	0.0	0.0	0.0	0.0	0.0	0.0	0.0	0.0	0.0	8.186665674199892e-05
PWY-6505	20.09227875821395	8.122076480866976	21.092747778389406	10.729746682393364	74.86811601387114	339.5119200215299	183.87380529051364	63.67750806385835	551.5569147890117	83.26372305490824	412.148374906816	2.0553926106097142
PWY-6507	98271.70164425232	170379.2244062375	56567.98549932309	113069.79015585991	9983.60491149142	4453.01887970784	3739.008038848054	480.0842201022114	3361.989358920908	3074.1613655919396	1928.5238558217468	454.9129875200171
PWY-6519	92517.19573878149	82959.54839434923	90357.44005449032	161311.3924725041	18143.36538730532	4907.748167895678	4339.323024874236	342.83070620435063	3833.8157106855756	1006.8985924917451	2889.7102344429973	875.7987298321594
PWY-6545	32350.806321997996	35005.27910789065	24601.760897630884	42702.05250948681	18115.10164620308	19819.379649843886	14260.04315558043	1844.6177799732131	3664.865951589076	2916.572434802945	9014.279588329797	544.7785400915988
PWY-6562	22.74130852260777	16.998227608879322	44.129751617387	8.90207194024048	19.55487215128246	54.3066406121143	15.63244608005129	10.512377929755916	14.324931725069005	18.475431407557576	315.6477611850779	4.480825575961063
PWY-6572	38119.98260022846	82603.73140816491	21497.918418054567	35973.53688292013	365.18487455072415	124.70278341636627	0.004771976285380903	0.0007021315473477873	587.5452020859849	0.0011369122990001928	20.978405183107032	0.010694666659039022
PWY-6581	0.0	0.0	0.0	0.0	0.0	0.0	0.0	0.0	0.0	0.0	0.0	0.01155084379543855
PWY-6588	29840.171233404435	17148.903593412106	6757.241063860674	17694.550759680293	19715.288500474817	67063.72038780841	28036.202869257173	4649.993555515581	3301.915490413984	10272.387796022083	36112.698966576354	958.9314978595769
PWY-6590	9984.88896418702	4232.97886270848	4373.612643739683	17684.23241095445	8929.907722605227	11047.2269961995	7508.224940431452	1585.982231023413	2792.5240476941267	3071.736057092503	10113.183668224052	526.1520480088045
PWY-6608	88352.88699795319	75379.70054151778	28432.621011909254	57826.07311591416	28523.704871591544	88652.73070619018	40022.007668661136	6213.423769208984	7950.324360095035	3366.9939053157436	47225.52105318959	1342.8846719186688
PWY-6609	131191.8025158207	206078.80117298148	87187.39237001968	192932.02094147605	47578.81778931911	162364.26574580235	87370.92968174565	10298.71568631079	6459.910556970445	7707.353135727979	71897.71066714816	1722.5830661988368
PWY-6612	87906.24809353429	183456.7970876125	85199.46495613552	155076.4139549731	26204.186680926483	77786.49167261983	39059.59325590566	5361.3983258900225	4188.344350178034	2782.8958696440764	38146.258479972574	765.0596348194273
PWY-6628	5811.453674435235	94889.20864058382	13809.222121435418	33374.518378269175	9472.927018605349	29823.185965317793	23176.041046144222	2465.498332692341	5307.152639772604	2119.2287122397565	10900.958690483048	523.7800929221065
PWY-6629	1630.9476217614244	1146.08937038005	3831.513944732077	322.98865130493226	869.8821039724862	1841.4546293703427	1829.096233644615	364.8097718163805	297.5192948375513	778.100045644528	823.3701249503324	164.11715307222178
PWY-6630	5800.216465530174	92917.42226082555	13584.08595513682	32810.28497750041	9426.87429118374	29785.86302325859	23114.674453146592	2460.41776828623	5225.168312003413	2114.0336277795827	10891.985932057154	518.4327343125605
PWY-6641	269.1579730663405	142.15542592649663	52.18151474981632	6242.529513028473	191.11741756576797	285.3961372378726	235.41658143349935	32.38095082697767	129.16942038520193	26.89737691121604	37.56248417613938	0.0011899030927467634
PWY-6654	0.0	0.0	0.0	0.0	0.0	0.0	0.0	0.0	0.0	0.0	0.0	0.05340639919164255
PWY-6660	0.0	0.0	0.0	0.0	0.0	0.0	0.0	0.0	0.0	0.0	0.0	8.191772874173286e-06
PWY-6662	0.0	0.0	0.0	0.0	0.0	0.0	0.0	0.0	0.0	0.0	0.0	6.826477461485158e-06
PWY-6690	154.0098244278419	157.32628569409292	371.2785859617122	37.23598729068955	199.65791343089424	371.0216590970858	325.1329429744247	60.147956749546836	122.65207193431107	111.68347360316919	154.76719644855783	16.82204736345241
PWY-6700	97134.78582714722	194130.55655953768	103094.1407625814	190290.04746936273	27591.756080616084	64344.32494833484	31205.01358013008	4426.9847321138195	4001.7109372289838	4368.8712734290375	33251.50766057135	1163.4379521448566
PWY-6703	80638.83296558622	183668.85721434804	90582.37435063034	162893.7100662033	21340.72574119547	20948.833702649055	16586.25079961718	901.3507169071956	2968.9892360702443	1628.5738899011737	7171.837181379326	912.5965364069867
PWY-6708	8466.609383188967	1296.7383546521955	1201.9364779050047	11102.421273817792	597.9905812401164	1414.1291577845318	1176.1981414696104	217.74022292965475	2086.0529190881625	391.4437971689545	2308.2416615055017	175.12416994789416
PWY-6713	1.530608430735314	20.612738618737477	0.34697393077328137	0.4151327533380069	4.056201184353199	6.723352198340128	18.17288664892725	0.17292887655660835	24.223227719897555	0.9620111876186672	23.516016052707304	0.0002669319048656513
PWY-6728	0.0	1707.9944221544974	0.0	16076.966008265552	3938.2037223587326	3803.5446348906007	1923.1653163358624	215.91294270819355	498.4223059479602	224.3048617289996	47.50702223335133	0.3305803435203301
PWY-6731	1.73535136195418	274.1738886616533	4.906129038107957	5.6477904084610975	24.960166156428514	67.95089901952544	21.767662261769065	8.285313630598033	16.973438268715082	15.730470717347682	50.809114732543364	1.7312410531614757
PWY-6737	171111.21341974664	261475.0623484466	135243.58835697698	256428.98878329885	50067.05657881383	106150.99119947702	61778.46464475999	6948.042701917684	8270.442257226365	7245.607860997031	46522.35867795864	2080.0681796525096
PWY-6749	20833.34371358571	2599.7857543666055	1432.0479615846418	8332.634406787984	4189.161577313461	4679.386678765577	5074.601928265928	325.90318242636033	754.9340809013054	1533.0977523118715	884.1375633754922	253.3717846060268
PWY-6876	113.6450105442008	153.08902574307936	24.377691830143714	70.18363632857742	8716.529508459653	67063.72038780841	28036.202869257173	4649.993555515581	482.7424889449293	344.8426235403868	36112.698966576354	92.075176464104
PWY-6891	9902.886466989487	14283.93027199169	3706.5893710580967	12231.14552728523	12102.08794327896	8838.139886836305	9194.040635305722	988.2490343503063	3260.423897247689	1949.7807012802407	3832.183240086229	505.6778141806698
PWY-6892	82422.26193585059	165546.5574508295	72138.75705828873	139678.3818776354	29709.06325690434	17375.8137265648	16522.17489203032	1636.299852790061	6093.24152730103	3392.828362219157	8058.895153067922	1252.1443237279589
PWY-6895	36439.94085366145	56543.79544066218	16358.509738535631	49171.30053684949	19642.608229842463	6725.597782253623	6010.8155203968645	491.93274418071144	3663.0416813651464	1261.6789103722506	3684.130811538911	822.3358398003071
PWY-6897	109656.94416188306	210539.4471713038	109318.0952078878	192862.71375093432	27824.17385732894	83637.03183665583	46178.652582923976	5388.886304954699	4318.290554761031	3946.0607926968646	38103.59287426682	947.7579734273056
PWY-6901	90824.78287348789	180945.65185253727	47216.584002008756	116289.5639749557	25551.51557936837	19693.838888469145	17469.173682229793	2496.0176171504086	5889.426037100836	3270.9847657384903	9163.615733977616	992.3171091783137
PWY-6906	360.9122314195869	251.47417145574028	121.61026276537692	77.43140352080736	123.22144110913509	377.16019843696415	251.57918621932376	49.34691254279077	108.39392441765702	66.59713962880654	192.94396881225111	36.168067115426275
PWY-6915	0.0	0.0	0.1358740718374561	0.0	0.0	3.0773641135077896	0.0	0.0	0.0	0.0	0.0	0.0
PWY-6919	0.0	0.0	0.16884792733405996	0.0	0.0	3.824177381241683	0.0	0.0	0.0	0.0	0.0	0.0
PWY-6942	0.0	0.0	0.00019897263969163693	0.0	0.0	0.004535721548690965	0.0	0.0	0.0	0.0	0.0	0.0
PWY-6944	0.0	0.0	0.09294717772916956	0.0	0.0	27.512148251620705	18.61893334799709	0.0	117.5643617645786	0.0	2.2992158842523835	0.0
PWY-6948	1.7579075961570998e-06	9.938094634171622e-06	2.072675334120912e-06	1.4177051864612548e-05	6.612240717182237e-05	3.308934553394294e-05	4.0135900616997294e-05	5.905446785047147e-06	6.11603028870404e-06	9.562276167010404e-06	4.359048862209333e-05	0.0
PWY-6957	0.0	0.0	0.0	0.0	43.36187628590491	7.107979305309814	18.964236285056298	0.0	63.98457294328044	0.0	44.15784737394121	3.5059842828669654e-09
PWY-6969	108886.2295374766	223794.88591077624	83380.43901492575	126706.0989153878	30499.757018255747	12350.033827425033	10704.725578920572	785.1358384270674	5930.9907208791565	2228.1717812674506	5375.940368096882	1212.340517902176
PWY-6975	0.0	0.0	1.2733333328016262e-13	0.0	0.0	2.8853333321279156e-12	0.0	0.0	0.0	0.0	0.0	0.0
PWY-6977	0.0	0.0	2.1561061186534583e-13	0.0	0.0	4.885529092861979e-12	0.0	0.0	0.0	0.0	0.0	0.0
PWY-6992	0.0	0.0	0.0	0.0	0.0	0.0	0.0	0.0	0.0	0.0	0.09765599225755207	0.08141172288505816
PWY-7003	37455.103140330495	29968.18434190316	4545.499240754789	23794.94501484986	11396.848962140373	17171.96695739051	15945.186100561255	2004.866050517643	3342.594972052234	2526.0834913205854	4478.646624266403	528.9294394489272
PWY-7007	141.3279662646406	136.6026215457525	15.595964573093477	269.0294092458015	1319.1934166188257	437.92141695853195	518.6471506136826	149.14342280023808	289.92599764305385	130.68693538068868	226.3260624444749	39.911049195517876
PWY-7013	14860.895202613838	3034.1530341438947	5256.040646694055	8611.279795933084	5150.578600023644	3670.8068598169493	3254.4922885556157	408.22321557650866	340.249972544744	1440.2827137059762	653.8314216301404	420.50999415445506
PWY-7014	0.002473192445924869	0.011316894915413836	0.002858240264121651	0.016251184303005428	0.07695406395243368	0.04299606154737352	0.05208831059567227	0.008634127287144694	0.009345333922078236	0.014141987361736228	0.062480806601420476	0.0
PWY-7015	0.0014174734673201	0.0080135838792227	0.001671286351679548	0.0114316613043696	0.0533177069827926	0.026681256859947034	0.0323631690446027	0.0047618012415536	0.0049315948547514	0.007710449256460301	0.0351487939463299	0.0
PWY-7019	0.004426235588281227	0.022153947202837355	0.00269079992313933	0.018168897845576137	0.16518030668381564	0.07964958293376678	0.09947864460047356	0.014839214953404296	0.013653875914542013	0.024050583096212604	0.04918392552828901	0.0
PWY-7020	0.0025415222400532772	0.012419593808021654	0.0024495942983962815	0.015376861301010491	0.08550933799106207	0.04437329909065005	0.055024203151326036	0.008767245761450769	0.009138742507204294	0.014320334165133584	0.05032560608594985	0.0
PWY-7022	0.0028709440929610237	0.011688178113767399	0.0031835203666266032	0.016811186630931847	0.07997634046009527	0.04483023212965371	0.05679643171307308	0.010484566130753438	0.012190395558212355	0.01744777617034111	0.07406944407009879	0.0
PWY-7031	0.013216839085179937	7.870509375486361	0.011684776821855402	102.67176384714068	62.152475220649805	29.145765400712957	9.275835300948009	1.0232485290634057	4.405881342947151	7.398892945675085	3.6086789775035326	0.30084204040584667
PWY-7046	0.0	165.9977601437664	0.0	0.39046000824460086	0.2988221306554105	0.5966685671371673	1.1678117760456384	0.028983429250642415	0.16431106152268743	0.32277209658231826	0.02175385725554801	13.241020406558395
PWY-7090	2374.3787342519217	1594.3779722516797	1017.5359249005941	3966.201812112771	485.11720461957856	212.66170099418133	336.0340961865106	26.37738411551113	249.2249681319102	102.8438153274638	20.61516238663868	75.19381794219899
PWY-7094	2480.302638649872	1925.756743497546	710.9821549415442	5649.535047024792	6217.033777123145	5497.552112477949	3544.829812054221	702.5040019317339	4825.548033901814	1719.3173414759995	3024.6942958363393	347.9871370571292
PWY-7097	0.0	2.3359124938494342	0.0	0.0	0.0	16.41769785337274	8.864631772170963	0.11763340913336287	2.076605137647951	0.27986698753708056	4.967279337343621	0.0015964518838524286
PWY-7098	0.0	2.623769315772084	0.0	0.0	0.0	18.42881542256194	9.9512824805794	0.1323195677283461	2.336006522924887	0.314796542054631	5.586136235831429	0.0017959912659652737
PWY-7106	0.0	0.0	0.00012718069098547745	0.0	0.0	0.0028804707850242535	0.0	0.0	0.0	0.0	0.0	0.0
PWY-7111	157485.3715816406	267624.1210995556	98431.0981919623	202360.91886688443	53922.962979952325	103817.53435842789	61085.31405134248	7407.426227995294	13492.521907551765	11528.926632088	46745.745629186924	2346.4125838255095
PWY-7159	14.219968807564976	301.02177625074347	4.539653486187098	14.181679236743822	59.047629059352744	82.91013076738253	57.17515443175334	22.802274053214244	50.34383231490257	42.46049468754838	129.63053067137318	6.772361875988
PWY-7184	41645.6092536428	118595.52846766303	38202.24178905855	83952.52820978587	19854.328151550733	29574.41968514442	16299.838249629227	2154.5293230278894	3834.8139257268267	3000.706677535513	15864.827026649002	575.4405729109299
PWY-7185	0.0019594473957796434	0.001899335119446153	0.0014186922604608571	0.002841051476177774	0.015095842063544385	0.007284165782291215	0.021987457840024156	0.010156032848271865	0.021207358594125696	0.01909536524592503	0.059751510810842595	0.0022349771572672773
PWY-7187	52158.47475520925	120542.68683641526	42740.53711309617	95514.39293715244	25983.202352221422	47474.38272573463	26201.624972798752	3343.8983427444787	4653.194124071821	4702.451573457897	24060.207725540284	836.5832121254922
PWY-7196	64660.469201627304	225564.25050584498	71048.29508037737	133062.4595475348	26606.77691009172	39998.45248765954	22344.166735713607	2866.537955335236	4832.661147801299	4130.249171612482	20920.315035884967	813.7741374789811
PWY-7197	34850.556755337406	184379.43510575275	43600.63096972807	77784.02851750859	19357.177741603125	26791.7879014727	15036.140371729276	1951.3643570796369	3585.4033251904366	3011.6031824610686	14145.389797384205	543.692934770632
PWY-7198	21968.68646541088	11582.808857464064	2249.746556203858	6011.774418608181	5049.243655319864	5506.80293381019	4689.774357834732	520.2683513508248	1481.848384069405	1967.1079665570012	1266.7672907389383	180.90262476404308
PWY-7199	107242.49954841839	163037.84805459538	78659.22239114772	174418.17135039266	29326.867212642657	97672.89782025767	48304.191353124275	6499.624537218313	3457.2830177021856	4118.84597000836	46723.51919438688	1203.2907345439758
PWY-7200	48402.534642571845	124068.80855767005	43360.855924935844	93466.8520920358	22133.577691249557	38242.163424694685	20960.549487391123	2738.3407278843047	3353.2791522966722	3247.0473511181463	19772.162295943963	694.9342182500671
PWY-7208	139005.86454549787	235782.66426967125	107609.50707945865	222965.97934522494	49586.80458444306	118074.32840004488	67895.32806897894	7757.77613121511	8947.114014246861	7723.486105398319	51921.02282698089	1837.5535200882048
PWY-7209	0.0	0.0	0.0	0.0	0.0	0.0	0.0	0.0	0.0	0.0	0.0	0.1687984833474409
PWY-7210	23529.174508531607	15750.688017560838	3104.009624424129	8225.589750135337	6424.728055681075	7120.443939443146	5776.378924185793	656.097978057279	1791.6555496366482	2199.4455803218975	1732.9388341614806	220.41160409117433
PWY-7211	45557.88175972011	145736.83838913473	43895.999375774	86983.81800253788	17864.90828311553	12157.205712020448	9655.759786777453	1095.470396221841	3704.130247029355	3082.5529046238307	7988.015102477895	441.042481159155
PWY-7219	144646.4304812528	257077.50780906086	110344.91434676573	226168.03019358954	46383.2064534005	104336.88314116815	59725.390876893995	7160.47550181989	8932.54738186748	7857.039164333428	47427.229367305794	1861.293455241789
PWY-722	15.565107129253594	57.05011044975287	13.91701165044886	14.4848221338722	68.58371339159228	273.103284585061	169.6944027866934	21.7411434353448	375.2612655171622	12.092303008854282	214.1201474015641	0.1106916189258385
PWY-7220	139806.29111321492	273429.64467396436	109096.04254595573	219926.83223623212	49417.8401056603	167157.3910688298	82840.95045650247	11999.719590313785	10418.858261159761	7290.050838515787	82855.62844415	1614.2540933787366
PWY-7221	131989.85538162928	255393.0170869036	102390.03808333892	207648.49494162708	44685.54427699784	102069.45141830828	58904.32261045837	6758.22391781016	7858.936170730178	6760.9016775209075	44378.920571500006	1644.8041628422384
PWY-7222	139806.29111321492	273429.64467396436	109096.04254595573	219926.83223623212	49417.8401056603	167157.3910688298	82840.95045650247	11999.719590313785	10418.858261159761	7290.050838515787	82855.62844415	1614.2540933787366
PWY-7228	57944.56503407649	238179.66297795743	66021.56860133479	122706.92828089287	24531.460235705727	37068.32102030765	20553.105851833276	2689.449045768238	4802.459463504887	3666.03733139128	19613.70125734512	721.1619846939161
PWY-7229	145533.50601121073	266262.40841168415	110732.12683701892	227322.39798453666	47777.06571754489	121018.88440451928	66769.99530183007	8372.177108371416	9131.89851969368	7716.925745359355	56029.53105844694	1804.5765538283715
PWY-7234	27032.386477845346	90875.47025119743	7967.528827020015	74599.27018223364	6969.643323088301	12423.708720021126	7110.11607596069	1408.0383646000557	3268.921576219812	837.7895098488925	5776.881587585539	216.00232766709007
PWY-7237	40256.50577957318	55723.14332414274	17791.502484661993	50361.5855057526	27520.305061508567	12322.656759315912	14676.687653540563	1370.41657198782	8656.47377027884	5369.207998362299	3474.7106181341724	600.9372131118992
PWY-7242	113293.3508646497	174067.8125743647	57872.00186802049	118338.17237836486	20491.44964970408	23986.106510557864	16804.79672747451	2114.9662777992367	7091.400222337369	4548.467640501084	10521.357087436952	970.8457731443408
PWY-7254	11150.27504541049	13441.317215567211	2685.460147855092	8588.816976366385	7211.830793492541	7452.376497742854	7339.389260721334	926.7607687142637	2097.6862877158255	1221.8062450784753	2280.423592309775	506.27672084255533
PWY-7255	0.0	0.0	0.5562266309738979	0.0	0.0	12.571576080673317	0.0	0.0	0.0	0.0	0.0	0.0929421220332901
PWY-7287	0.0	0.0	2.508843468317465e-08	0.0	0.0	5.682191376801806e-07	0.0	0.0	0.0	0.0	0.0	0.0
PWY-7295	18.32194942592107	72.40959011183118	35.57693658225999	21.4597763207145	70.62967187512618	342.6329798122772	122.58668693004765	46.80993042563278	770.7060267549375	79.847397844951	463.59224276333714	60.14369072458942
PWY-7315	37444.407486947224	11751.441148712998	29913.00834542804	13310.588897722337	10025.100339673594	6537.620628997933	6865.936585342136	616.8887204293595	2422.200783875463	1667.137323679217	2941.8209206560277	396.9451995067103
PWY-7316	0.0	0.0	0.0001335553710565727	0.0	0.0	0.0030248486131556336	0.0	0.0	0.0	0.0	0.0	0.0
PWY-7323	102341.19084291924	192840.05458929366	99209.17516579024	196671.81663153763	25897.43963833175	10969.506691777264	10561.158901115137	863.8000214411543	3724.538098697864	3453.6001424472774	5047.106302427121	1119.0359073279008
PWY-7328	23972.145975606087	89081.61223385576	20624.75160668385	50898.54474801034	6812.103421242869	7982.79470238702	7995.591642092222	342.0265734945302	1122.8241790697052	911.006124455239	1894.823366835679	279.88150000469005
PWY-7332	15373.473294248004	59785.47672148026	10843.489440707464	22884.415637782	7753.052929816313	4346.3716074377435	5212.721176549917	901.1540660445909	1693.4704168535557	1371.82429849593	2679.1580823144195	596.7649172882874
PWY-7347	24.45258578498154	38.39224817185446	1.2126435385644585	3411.4719909809924	51.958888037605234	19.523144490262332	27.231631976624957	3.9724245007739225	17.04814824040901	15.562489263889308	64.38491667914863	0.2136254146626328
PWY-7352	0.0	0.0	3.583796046591646e-07	0.0	0.0	8.117202016453091e-06	0.0	0.0	0.0	0.0	0.0	0.0
PWY-7354	0.0	0.0	0.0010967019705759359	0.0	0.0	0.025090208797838808	0.0	0.0	0.0	0.0	0.0	0.0
PWY-7371	346.4992807252549	458.69742489719704	20.362724847650057	2910.2582040088582	385.980795047444	391.3438522133757	704.1581747257882	61.54953772021466	182.46160465816163	219.11587464049845	250.78801954251537	26.871291586980316
PWY-7373	5.048678665711813	31.799029002816926	1.2650985275715205	291.74674732628745	168.83109420529868	254.85118959845443	474.2129577120907	18.265755671992427	86.10634029174076	137.69349319648842	17.642917089546543	16.846968457751693
PWY-7374	186.27595822727383	129.0806442444881	13.99742309717085	201.56552983674072	69.53082502539247	59.540165588943076	45.76706304064002	19.101857431059823	53.942378935226316	9.997015550184754	43.60873347130271	3.3061738168234047
PWY-7376	63.29648296905186	2075.1672184805084	17.432887613554374	275.4477674521019	6317.022869192841	6612.52297540134	3187.177764619785	463.2590263262865	2371.404878775248	561.5278673061291	1608.9030467166112	0.0
PWY-7377	3660.6775048658874	14473.754601663933	1223.218437639876	7367.691875503209	13424.480627421925	60522.09101283727	28596.8738315086	4335.251463883874	1968.4694914187282	1439.5491189254685	31693.040936178666	286.17498997328335
PWY-7385	0.0	0.0	0.0	0.0	0.0	0.0	0.0	0.0	0.0	0.0	0.0	3.3207381498487734
PWY-7391	1.436503833972205	2.2936888792642307	0.34210065846745	1.4458498128182504	107.89534549409383	4.068586790608087	7.542188027747132	1.523771376775908	9.675871777696615	3.825329784305882	12.876203194936323	2.8197257184108357
PWY-7392	13691.808465611086	68028.90525827362	10508.928559206322	45228.540799333095	22982.358450915563	91350.4759682398	47829.56135516619	6053.4681322758925	3114.3401293220795	2300.212395600034	42226.328089294024	566.5950520372623
PWY-7398	0.0	0.0	0.0	0.0	0.0	0.004984170889257813	0.0	0.0	0.0	0.0	0.0	1.4434479054210605
PWY-7400	82035.57474940753	96400.64857949386	56208.541463167545	72347.85959730417	35986.8246599272	82850.50973246999	46202.57382634453	5601.356955153478	6628.530966684251	6231.113293280769	38564.48671025666	1328.6313501476266
PWY-7413	0.0	0.0	0.06469799615627359	0.0	0.0	1.4653078580007435	0.0	0.0	0.0	0.0	0.0	0.0
PWY-7415	0.0	0.0	2.1274999989971614e-13	0.0	0.0	4.8202499977270545e-12	0.0	0.0	0.0	0.0	0.0	0.0
PWY-7431	5895.7032614608315	466.8863336557026	313.32476378385417	9281.248730040777	2279.8322592733807	1354.668486306179	1131.7145291898764	106.01502345367797	394.2792240336112	1183.3932728399352	465.5640049187496	25.513225286476672
PWY-7446	168.38405057602057	125.36876575213402	352.66764025941785	34.86114177469248	86.62299970913521	195.29255440460787	197.88319580079585	38.31747305465968	30.61870941012043	79.32400121515664	81.52752701962669	15.809720852269288
PWY-7456	79100.81029504313	169822.1332137495	71093.82365685981	141655.4700198656	21058.8876079459	14660.447155600832	12773.84191317187	1622.7854969703126	2213.1150334416916	1750.9464957106393	5446.010759950695	737.3630318151354
PWY-7527	89.26595108725357	245.8038763807723	28.19846352927909	594.3788869134171	138.03479673198976	56.138002780777725	141.09014635851264	40.185654536775374	89.39127213652732	64.89240143900716	201.73151493583526	7.063951021015637
PWY-7528	0.0	0.0	0.0	0.0	0.0	0.0	0.0	0.0	0.0	0.0	0.0	0.022481802944916023
PWY-7539	103099.61936615666	195646.4558949779	96055.92637127836	196240.41779518084	26283.72473897633	69976.44416937603	33340.85645372642	4971.441217924135	3931.065827180347	2765.8001224382506	36425.31504984744	1026.6897807505827
PWY-7560	128167.74048280822	202421.95506128547	100979.55920266834	197988.27173421218	43385.739396015495	106586.41257732335	60194.24227044715	6783.296776746498	7085.233819718154	6644.385292696138	47411.120669339754	1660.928407182524
PWY-7616	2.3408072829589175e-07	134.77711766669853	1.5498720190927187	24.38048353364054	150.08407305312934	499.93183172616244	341.3151721948761	40.75027826064437	177.65385459816696	34.58773995901499	15.404565163732912	0.0
PWY-7644	10.203563141470857	0.4488859099003657	1.2312235664265339	2.0995072309720384	44.96182929541862	96.79499709868698	53.69340876630535	0.0008401429266815295	2.1126323438967662	0.0005334928783649692	0.7193894233696563	0.0036270304847895226
PWY-7663	164129.27672353984	272973.94686899014	129058.12561202279	259984.54515665944	48246.98300977823	102557.93227758321	59142.574562258786	6753.067270218994	8851.048423712797	7855.230937469564	45351.295850894836	1915.520452421486
PWY-7664	99835.49920829022	61322.60353028947	99047.7203196988	172298.84909999	21784.40631951707	6764.3149690229175	5686.3510004399295	639.0310347939824	5023.753193574623	1878.1718719374117	4430.687462969084	930.4572829286774
PWY-841	79364.45786993636	240363.64039905966	81870.06497147719	156159.24404942433	30446.780447942678	50133.459975463215	27914.868701721163	3624.7406546241778	5921.637812137595	4653.384052782954	25671.67834039682	983.0362154201714
PWY-922	2300.736640777728	15724.493174828118	1400.2392159600538	10054.52006487668	722.5735232497569	5381.956877123077	4026.5463827644326	620.6462021277935	336.21818433824495	94.30857821543437	1846.406701667154	10.488084853946
PWY0-1061	28543.508654163546	5396.254004299885	32820.81309003766	6767.648614856806	12371.05523629217	6684.625628216783	6219.347300782126	684.5013063074067	3541.9700611334592	3519.0569571183214	4426.663292479305	573.1477229700727
PWY0-1241	25793.907047737168	5036.096718762944	24713.115016452524	26892.903555176305	4364.263062834728	1260.1885326161805	1861.8886668977023	114.89802313659015	703.9854062360308	502.6908953445353	932.2187703346311	102.67239465171535
PWY0-1261	65201.680243990406	93168.37776580923	24521.01559504369	88273.10327268948	29190.84112328823	93894.41341278082	45152.290730184264	7421.001219497056	6680.788708426554	4593.097021030974	50223.74254617646	1029.3033854037565
PWY0-1277	595.9843894197593	463.29482058630225	880.8253718964897	141.6531812066643	681.8962329648004	1119.8844377068992	922.6707362704091	153.70384077218085	325.8583765485663	281.2706947955159	394.0801389414611	49.59931114326578
PWY0-1296	47614.882808480295	59525.2215815408	9503.577236823296	41362.425120213156	22061.676109799162	112020.9782828544	59757.057337301514	7152.614990234867	4909.723654588624	4840.714272852874	49388.221950197956	914.263791910035
PWY0-1297	46580.45711205236	65206.3514611546	8781.939947409492	38663.080968167735	21837.178334719003	98432.6102500146	53546.75409433462	6605.968142679735	4753.261811606032	4552.206969635024	43438.111942472475	874.4116515109852
PWY0-1298	47680.364629251126	48310.01576711545	6786.604363887171	35115.10335945794	22912.350143188545	89344.0408080801	49172.39245739259	6079.7427756909465	4102.408562617494	4528.882464613624	39256.45205796339	869.9735587770099
PWY0-1319	124102.67735242767	219128.88898611456	96109.61320065343	198424.6732229258	50239.25898713836	132453.28700045118	75162.15402565077	8779.902555740811	9052.275404120344	8214.156754094825	58772.67817232243	1838.90450930959
PWY0-1338	423.36650552640066	198.46105560265866	536.7920599501275	117.37644010737623	203.51021992377977	478.5875514136095	703.6156832813357	47.11218653962497	372.641550622904	161.68334078161865	232.76973506419688	32.2235704974135
PWY0-1415	4731.117356075442	50748.86691869153	3382.5731289116347	18104.42120795794	2424.6690958105187	1373.998731579414	1308.9548058559085	226.27741346093322	790.3576548240427	527.4772480967753	628.8225816283823	87.35043890087876
PWY0-1479	1265.8664420654077	29707.3633749011	4235.938883614047	14504.808535799864	1661.174079164514	2160.566419269259	1306.4722888199917	364.2430958754368	2478.4294143817265	543.7405888002345	2081.039249008001	186.98962421319166
PWY0-1533	839.1606858187848	3672.6577346872577	1301.4531018303912	14072.716546756319	2783.240050402157	1216.835362105735	1267.0960182441984	272.57068777952975	1376.102280890028	2025.1602343650477	959.2885238079399	89.69398911157363
PWY0-1586	100747.56959045175	180814.308694501	62289.58196599495	148844.86558902636	24904.94928449271	17855.56311061892	18900.16882485973	1979.0736065929234	6042.021758555087	6078.301311887609	4528.8867652925555	1253.845286489419
PWY0-162	74490.37970285874	220956.1092868171	77660.15035859436	146060.3212585492	29777.798781954534	47060.64220259824	26620.706676756075	3333.68709742768	5652.703034886361	4578.983333648373	23855.809915873782	949.7848571716879
PWY0-166	51567.34330898946	122287.36266172527	43042.11168566963	96734.62742006025	25631.80825026682	46953.31654549799	25877.954030298566	3314.358010419106	4652.202080199139	3995.685099453339	23795.015346493525	819.6696652256412
PWY0-321	263.272665174106	335.57767457591706	552.913174703175	89.54420385531454	502.7614824682944	713.4467305740826	717.3477265524008	115.26091677461199	264.92440337651664	193.23843346932074	272.4814163154873	53.391832032920355
PWY0-41	1752.6507116593975	2045.6891995937192	631.2284620528918	581.3472922231992	450.34773714404264	972.7106607589906	868.8925460654262	216.83039142119537	528.6631453365383	425.5325404837984	426.26519130323805	101.68887268243442
PWY0-42	207.6683920351609	298.14638571126443	404.24445707161465	1627.1035752440416	187.05714509281168	462.56209539114974	427.9168849981887	85.34404756135308	463.56076832701586	149.86058741044815	524.9276548888586	33.9193942901019
PWY0-781	42522.165862707014	74441.13678121346	10734.079758434029	67581.49467791585	26282.09820694893	50489.432938678285	34206.28385536527	4414.310901517936	5282.432618678945	3782.13030242779	22521.753739205695	775.6963497477122
PWY0-845	51003.66366703526	141778.2609062455	42746.807111573624	65434.76742040131	9773.612297647873	3440.759735899701	2658.2866017460287	226.77782284055994	2244.537861266672	590.2695539147514	2327.466928655528	223.67291573718228
PWY0-862	92431.03611777032	53747.359002312085	94536.59220230918	161249.87553589788	19750.587903825715	5844.510056450594	4931.05103495407	554.0067673250002	4611.778763880372	1654.5472132841007	3843.390449947459	849.907853698575
PWY1G-0	0.0	256.0537166829516	0.7077974935505209	42.663945967431225	1608.5362272322238	1066.7195962332587	478.5920822318309	72.86323651283287	133.0331217546818	52.83756768529281	9.5111810760217	0.0
PWY490-3	20335.102733992095	9731.515337164485	1878.5945447102392	7809.3046838337705	14287.212644433297	83866.50439371636	38800.3659037991	5719.3239079993555	2276.666336567911	2425.9693951040726	43563.268936337205	416.07162782439934
PWY4FS-7	103526.8543976143	108880.49010379465	55782.58107982577	119684.09938930286	43277.10347181708	115307.27145654726	66257.1898718458	7534.252143026849	7712.889630585086	7580.065961329453	50361.35058641215	1495.157794984772
PWY4FS-8	103526.8543976143	108880.49010379465	55782.58107982577	119684.09938930288	43277.10347181708	115307.27145654726	66257.1898718458	7534.252143026848	7712.889630585086	7580.065961329453	50361.35058641215	1495.157794984772
PWY5F9-12	0.0	0.0	0.0	0.0	0.0	0.0	0.0	0.0	0.10275667024665715	0.0	0.23980562702900743	0.0
PWYG-321	100879.93581237667	63179.00146457574	98536.30925007428	171066.05100208643	22183.25958120224	6914.590966750593	5776.74160843189	649.4809571189611	5158.281749483864	1893.0864174505964	4438.515229493227	848.8232612076928
PYRIDNUCSAL-PWY	109204.51896312983	177545.7856862411	85330.19011359948	163740.27083326108	29561.651057042698	84496.1695568256	45582.773002975664	5264.768371192268	4672.8411253130735	5108.828449176945	38032.38669865358	1134.593401649806
PYRIDNUCSYN-PWY	96804.98708711629	180701.997765571	88751.76408131163	174634.76991743624	31929.44257224315	81875.88523304935	42993.62675575176	5169.817286286694	4576.179731760296	4724.608550534579	38168.04263932021	1263.098960671179
PYRIDOXSYN-PWY	45791.29499556803	132810.50164305037	44000.88934099193	65012.92534844547	8158.47491447076	2180.4985157151996	1816.760897879751	126.58933822078103	1865.7851501903285	394.48023367903664	1424.5793507857015	185.86632454118578
REDCITCYC	20673.20577880625	7276.826594379515	3817.2639861378016	17590.55443321617	9766.040801853196	5211.062224894977	5056.016005700067	893.5189569283633	5390.997591826646	5299.472778818479	5687.661588522788	683.6922176526081
RHAMCAT-PWY	60202.695176720445	122095.06364398218	47515.99356627801	92253.64928662746	12091.051928103216	53710.30915425279	22823.684145833675	3875.835412767445	2191.154163557447	1324.5801484971803	28928.279268810173	514.2235157637358
RIBOSYN2-PWY	109682.43922800658	216047.7863939877	94310.20729528717	188230.32093021483	32622.959462130402	79126.32089359919	39753.74677169899	5507.644364092172	5377.456907807736	4044.0686145065606	39922.723980936185	1161.1072683531747
RUMP-PWY	20198.50079247681	10975.632416675284	4310.0016519454275	5819.7909342095145	6851.809001601414	6074.867219714254	6130.647791591544	649.4753684452021	1582.7387489396178	1315.7922470253172	1663.0431685276917	428.4327908509311
SALVADEHYPOX-PWY	81782.84033953755	49224.006274387764	8352.501054931112	30509.04788579684	27469.632373272267	29637.846474311642	25026.767157078524	2699.0515059967265	8592.174531512512	3127.359653879165	14215.905990445683	1301.7706662080955
SER-GLYSYN-PWY	133326.3899089701	211214.36997026158	94445.71394097964	190280.51094098305	39401.1514502197	83637.25250181567	50115.99305426967	5125.226316979991	7381.879685834857	6726.517896387322	34688.63393885868	1649.4264068779307
SO4ASSIM-PWY	20759.639149066246	12244.35440286676	29021.302138305968	18564.947904763645	6790.831278331292	3094.0281118900343	3096.4610982617414	253.59377714281044	2762.9873889532014	978.7962258022626	2421.9677096033743	240.44449498965184
SUCSYN-PWY	81.26080005759755	125.82022800513963	4.041874392521636	8483.818122974817	171.9598947302086	64.15691350933412	89.69118307604577	12.929954070360171	55.54396024189108	50.57761645411063	207.66651354486194	0.7114053188901084
SULFATE-CYS-PWY	39696.864039739594	25897.334597043995	48472.71901621035	37669.242051130204	12840.575173740732	6298.040346744765	6178.704500321527	520.0926906086147	4417.112495865345	1847.7122629729267	4700.346524600077	463.2846035910932
TCA	82003.19961943466	209127.92075649716	72030.68361852686	107645.48508307055	24437.194371285164	10708.672979168083	9442.073494932793	800.1572279491683	5206.040090664025	2090.912669336716	5205.607228348499	854.9981927666088
TCA-GLYOX-BYPASS	568.048864361497	674.0344009712554	1269.6939155158957	240.70063455798595	860.2481690131998	1651.7578504322396	1410.5996503424713	349.2167679967847	2205.462420849769	498.06593981051566	2038.6552316407597	191.00272762827328
TEICHOICACID-PWY	21803.631456545467	46806.334087565614	6937.450936694521	25997.790905752478	11563.51211650162	21266.126736249706	18741.720475048587	2317.631498736193	1880.8408769056136	1650.8591754645793	6738.303658845489	449.2511121248638
THISYN-PWY	103382.54575676935	204424.6835268211	100555.69177836484	184596.2225185753	23916.18549889675	11472.645261098625	11588.376049606995	1296.5471903643568	3965.9496353027157	2248.676236452383	4977.015849311579	1000.7608537868583
THREOCAT-PWY	500.8820798834794	532.9181575944566	683.8268031748775	164.10597271362886	314.29291864993763	656.0151271390437	653.3298384223465	128.0752393985321	110.6561206672165	248.5229621060748	292.12666894489894	53.188974902474506
THRESYN-PWY	137081.23225764374	241096.27311193247	98632.15300084585	212672.67969455093	48563.23296423087	119932.98485016702	66438.41991072464	7971.155042639477	7956.967219777122	7245.1460330617565	52926.66243097042	1784.2521454023151
TRNA-CHARGING-PWY	127253.13596751688	216923.82969768086	98581.26974548826	201142.54864421228	43977.08631853913	110670.71774667971	62652.58130591873	7203.237355364296	7410.083562013663	7010.682489084775	48298.76008413214	1698.24183319177
TRPSYN-PWY	87665.32755039624	167294.8246434255	67049.0309511699	107315.65835562765	27839.643121530804	69171.4188408956	34084.733961235266	5282.839067591497	4853.072603615533	4622.393375195399	37440.52131598425	963.8552235492559
TYRFUMCAT-PWY	52.993667929453245	246.7942205550324	26.378562254017584	3459.1927279953748	195.7974821758589	515.9501680868713	392.4630909578336	64.33649163785645	1299.4937831616292	98.44305512176592	879.3264890053397	66.3424228855103
UBISYN-PWY	8533.416493444025	1300.6476153664316	1175.1964525667943	11372.538092797253	575.651506405455	1299.5209447217912	1097.8853050519804	184.6445284724339	1922.2439836319966	380.5537218062098	2007.1396835780051	174.57190406386758
UDPNAGSYN-PWY	45572.64617326814	61551.05462819253	11752.630788874352	53890.52198701073	32707.584540685777	117827.18062450214	63917.13206467988	7867.2251222032055	5598.683385113367	6364.045523521827	53930.61544968838	1247.2803790366168
VALDEG-PWY	0.25660909714292585	9.460481806190606	0.008953823598842258	12.790718787038298	44.41773899155582	289.5922360768676	164.81952651738416	28.323382035432818	7.5162872678051205	1.8141953002643458	110.1724494837389	0.563904171248782
VALSYN-PWY	144578.94320241452	237834.33597415657	103188.49338110133	200824.6230505923	50365.02797734811	110230.73066707181	61810.64826858995	7760.697796083944	10332.531371974474	8638.144581562347	52091.0119224333	2028.6283337512205
