group-id	NR	NR	NR	NR	NR	HSD-NR	HSD-NR	HSD-NR	HSD-NR	HSD-NR	HSD-NR	HSD-NR
subject_id	S210421121677	S210421121678	S210421121679	S210421121680	S210421121681	S210421121691	S210421121692	S210421121693	S210421121707	S210421121708	S210421121709	S210421121710
Bacteria|Bacteroidota|Bacteroidia|Bacteroidales|Bacteroidaceae|Bacteroides|Bacteroides_fragilis	0.005098296538684027	0.22947128275780335	0.30612838153293226	0.030774383414227044	0.2816119576769721	0.002634134575713914	0.0	0.0	0.001289502361060661	0.0	0.0	0.0
Bacteria|Bacteroidota|Bacteroidia|Bacteroidales|Muribaculaceae|Muribaculaceae|uncultured_bacterium	0.3675435794272295	0.25344058782572626	0.33890205336457574	0.4710594513869062	0.3975534961176813	0.20510070010853904	0.014446055528704151	0.011312888218495513	0.06382128586996004	0.43276547416240774	0.08035156598554474	0.06799859796705222
Bacteria|Verrucomicrobiota|Verrucomicrobiae|Verrucomicrobiales|Akkermansiaceae|Akkermansia	0.13774466211374253	0.0	0.0	0.0002690356444776316	4.061710928033252e-05	0.08716129155109269	0.0053523799294703115	0.0061521774132043015	0.001071558300036324	0.0009085746734809767	0.05527795128044972	0.14265685243603224
Bacteria|Firmicutes|Clostridia|Clostridiales|Clostridiaceae|Clostridium_sensu_stricto_1	0.0	0.0	0.0	0.00029099773790437707	0.0	0.02487511663186224	0.19084188103037789	0.29384697517943853	0.009752996730839085	0.014991482112436116	0.0016061390202551976	0.0
Bacteria|Bacteroidota|Bacteroidia|Bacteroidales|Prevotellaceae|Prevotellaceae_UCG-001|uncultured_bacterium	0.08629978501679286	0.06248611172836763	0.07191620933571762	0.02503129598313311	0.06545447160525586	0.005027071286663663	0.00030431591572239227	0.0	0.002560842717035961	0.005053946621237933	0.0007584545373427323	0.0
Bacteria|Bacteroidota|Bacteroidia|Bacteroidales|Prevotellaceae|Prevotellaceae_NK3B31_group|uncultured_bacterium	0.1302720530464588	0.04540538939010118	0.009170109495159486	0.006056047262425054	0.028695987706554925	0.00045065916837515156	0.0	0.00011016295643478777	0.0035779150018162005	0.008404315729699035	0.018782903542428838	0.014020329477742727
Bacteria|Firmicutes|Clostridia|Peptostreptococcales-Tissierellales|Peptostreptococcaceae|Romboutsia	0.0011267192181172996	0.0017480704561278757	0.003149197064860246	0.05321964289636088	0.004427264911556245	0.009806597396332523	0.20124232497359612	0.23583346750616488	0.025299673083908465	0.007041453719477569	0.005086106897474792	0.005257623554153523
Bacteria|Firmicutes|Bacilli|Erysipelotrichales|Erysipelotrichaceae|Turicibacter|uncultured_bacterium	0.0	0.0	0.0	0.00020863988755408165	0.0	0.00450024437152088	0.08859173334765408	0.10724787512605184	0.004068289139120959	0.009596819988642816	0.0010707593468367983	0.00385559060637925
Bacteria|Firmicutes|Bacilli|Lactobacillales|Lactobacillaceae|Lactobacillus|Lactobacillus_faecis	0.0	0.10531383790350059	0.006769672571594683	0.0474161597083434	0.028228890949831102	0.0	0.0	0.0	0.0	0.0	0.0	0.0
Bacteria|Bacteroidota|Bacteroidia|Bacteroidales|Muribaculaceae|Muribaculaceae	0.10592024036676653	0.17575515162289082	0.043348807709586774	0.03452990139020051	0.08077389132215461	0.028677156658013164	0.0010382543006999265	0.00011016295643478777	0.014584090083545224	0.029471890971039184	0.0018738288569643974	0.0
Bacteria|Firmicutes|Clostridia|Lachnospirales|Lachnospiraceae|Lachnospiraceae_NK4A136_group	0.00032808682213377306	0.009555130883071864	0.028699535768712398	0.06209781916412272	0.011325403970999385	0.10702203152075254	0.03793208384798525	0.03756556814426263	0.00408645114420632	0.006189664963089154	0.005309181761399126	0.0
Bacteria|Bacteroidota|Bacteroidia|Bacteroidales|Bacteroidaceae|Bacteroides	0.06625195341167125	0.0006221945691302609	0.01969679618748954	0.002152285155821053	0.002037624982230015	0.0006601204719861375	0.00025061310706549954	0.0007202962536120739	0.000472212132219397	0.031289040318001136	0.003033818149370929	0.0028040658955485456
Bacteria|Firmicutes|Clostridia|Lachnospirales|Lachnospiraceae|Fusicatenibacter	0.0	0.0	0.0	0.0	0.0	0.0	0.0	0.0	0.1897747911369415	0.0	0.1875613455875792	0.15913073957237994
Bacteria|Bacteroidota|Bacteroidia|Bacteroidales|Tannerellaceae|Parabacteroides|Parabacteroides_goldsteinii	0.02555191973960267	0.0020295394278772795	0.02754556425683354	0.0016581380537192805	0.002321944747192342	0.0070899477616203415	0.0	0.0001525333242943215	0.00021794406102433709	0.0	0.005398411706968859	0.0
Bacteria|Firmicutes|Clostridia|Lachnospirales|Lachnospiraceae|[Eubacterium]_ruminantium_group|uncultured_bacterium	0.0	0.0	0.0	0.0	0.0	0.05016280855871581	0.014392352720047259	0.018541272975331972	0.0	0.0	0.0	0.0
Bacteria|Firmicutes|Bacilli|Lactobacillales|Lactobacillaceae|Lactobacillus	0.006285452802983863	0.01488822718990267	0.006540640057786665	0.017789295675663803	0.006403964229865761	0.0012948516950497312	0.02584895190018438	0.05970832238765497	0.005448601525608427	0.013685406019307211	0.004684572142410993	0.0
Bacteria|Firmicutes|Clostridia|Clostridia_UCG-014|Clostridia_UCG-014|Clostridia_UCG-014	0.0	0.0003259114409729938	0.0	0.0003129598313311225	0.0015705282255061908	0.06449503957549176	0.17435511877271181	0.045251552873982054	0.26787141300399564	0.1017603634298694	0.07441777460515749	0.06729758149316509
Bacteria|Bacteroidota|Bacteroidia|Bacteroidales|Muribaculaceae|Muribaculum|uncultured_bacterium	0.013447242775614515	0.005896034250329615	0.013521727257511827	0.005402674982979377	0.011156166015664664	0.0008759290878277593	0.0	0.0	0.0	0.0	0.0	0.0
Bacteria|Firmicutes|Clostridia|Lachnospirales|Lachnospiraceae	0.0027153501463439904	0.002459149963705317	0.03759656803587001	0.04237036874354864	0.0018277699176149633	0.12022444096047528	0.02189284499579328	0.026057776233613262	0.036796222302942244	0.026859738784781373	0.01601677522976711	0.024185068349106203
Bacteria|Firmicutes|Clostridia|Oscillospirales|[Eubacterium]_coprostanoligenes_group|[Eubacterium]_coprostanoligenes_group	0.0	0.019643571396826806	0.0	0.01631783541607186	0.00018277699176149633	0.026271525322602143	0.04881585306911552	0.0370232274356606	0.02486378496185979	0.0018171493469619534	0.0005353796734183992	0.0
Bacteria|Firmicutes|Clostridia|Oscillospirales|Ruminococcaceae|Ruminococcus	0.0	0.022339747863057938	0.0009249389980708415	0.0032009751169481473	0.025697091138023705	0.0021326969094936747	0.026618692157599842	0.030404975976001423	0.011205957137668	0.006076093128904032	0.010038368876594985	0.004556607080266386
Bacteria|Firmicutes|Bacilli|Lactobacillales|Lactobacillaceae|Lactobacillus|Lactobacillus_intestinalis	0.0022966077549364116	0.002014725271469416	0.00491098563261423	0.02218171436101289	0.0028702757224768312	0.0	0.0	0.0	0.0	0.0	0.0	0.0
Bacteria|Firmicutes|Clostridia|Lachnospirales|Lachnospiraceae|[Eubacterium]_xylanophilum_group|uncultured_bacterium	0.004662286419795722	0.002844318030309764	0.0032284775504091753	0.025799969253069203	0.00260626451215467	0.022209245494995145	0.0009666505558240696	0.0018642961858194853	0.003686887032328369	0.0	0.0	0.010515247108307046
Bacteria|Bacteroidota|Bacteroidia|Bacteroidales|Bacteroidaceae|Bacteroides|Bacteroides_caecimuris	0.0	0.009747714916374087	0.014636058526616222	0.004650473283113347	0.006451350857359482	0.0	0.0	0.0	0.0	0.0	0.001115374319621665	0.0
Bacteria|Firmicutes|Clostridia|Oscillospirales|Oscillospiraceae|uncultured	0.002426115711041848	0.0026072915277839505	0.001193611754653324	0.031235587376188697	0.0	0.006886833770239992	0.0004833252779120348	0.0002965925750167363	0.0026334907373774066	0.003577512776831346	0.0	0.0
Bacteria|Proteobacteria|Gammaproteobacteria|Enterobacterales|Enterobacteriaceae|Escherichia-Shigella	0.008284192258877771	0.0017332562997200123	0.0006298394129720492	0.0031131267432411656	0.0014419073794518045	0.002018445289342228	0.0076616007017167	0.0070080588439668835	0.005775517617144933	0.021408290743895515	0.012269117515838316	0.030143708377146864
Bacteria|Firmicutes|Clostridia|Clostridia_UCG-014|Clostridia_UCG-014|Clostridia_UCG-014|unidentified	0.0	0.0	0.0	0.0	0.0	0.007070905824928434	0.033474750729463154	0.006397925546789598	0.021739920087177626	0.012606473594548553	0.0	0.0
Bacteria|Firmicutes|Clostridia|Oscillospirales|Oscillospiraceae	0.002529722075926198	0.004251662889056783	0.022026761568344183	0.008027145147475457	0.0033576810338408216	0.013557858924638361	0.008699855002416627	0.003584533120916556	0.05094442426443879	0.018625780806360022	0.0028107432854465957	0.0
Bacteria|Firmicutes|Clostridia|Oscillospirales|Ruminococcaceae|Subdoligranulum	0.0	0.0	0.0	0.0	0.0	0.0	0.0	0.0	0.0004177261169633127	0.00045428733674048835	0.17297224948692783	0.23974763406940064
Bacteria|Firmicutes|Clostridia|Lachnospirales|Lachnospiraceae|Blautia	6.475397805271837e-05	0.0	0.0007091198985209785	9.882942042035447e-05	0.0	0.0	0.0	0.0	0.04389756629131856	0.0010789324247586598	0.07321317033996609	0.05117420259376095
Bacteria|Firmicutes|Clostridia|Clostridia_UCG-014|Clostridia_UCG-014|Clostridia_UCG-014|uncultured_bacterium	0.0	0.0	0.0	8.235785035029538e-05	0.0	0.019365649615670246	0.013676315271288689	0.0022117332022676623	0.04349800217944061	0.009653605905735378	0.0	0.007360672975814932
Bacteria|Firmicutes|Bacilli	0.005901245866537734	0.0013184599202998386	0.0014358576827194968	0.006187819822985527	0.0022880971561253984	0.0	0.0010919571093568193	0.0012626369622141058	0.0005630221576462042	0.0007382169222032936	0.0008476844829124655	0.0
Bacteria|Actinobacteriota|Coriobacteriia|Coriobacteriales|Atopobiaceae|Coriobacteriaceae_UCG-002|uncultured_bacterium	0.0	0.0004296105358280373	0.0	0.0015977422967957307	0.0017329966626275209	0.008308631709902441	0.0037233947335445646	0.0038472294016456653	0.0035779150018162005	0.0006814310051107325	0.01298295708039618	0.005608131791097091
Bacteria|Firmicutes|Clostridia|Oscillospirales|Ruminococcaceae	0.0002546989803406923	0.0	0.0	0.0037225748358333515	0.00016246843712133008	0.01954337435812805	0.0006086318314447845	0.0016778665672375368	0.0017435524881946967	0.003747870528109029	0.009413759257606853	0.004206098843322818
Bacteria|Firmicutes|Bacilli|Erysipelotrichales|Erysipelotrichaceae|Dubosiella|uncultured_bacterium	0.0	0.0	0.0005593678702618899	0.0034096150045022293	0.0	0.007591385427840581	0.0004475234054741063	0.00016100739786622828	0.002488194696694515	0.0239068710959682	0.007049165700008923	0.011566771819137749
Bacteria|Firmicutes|Clostridia|Oscillospirales|Ruminococcaceae|Incertae_Sedis|uncultured_organism	0.0	0.0	0.0	0.0	0.0	0.016896545157952865	0.0	0.0	0.0	0.0	0.0	0.0
Bacteria|Proteobacteria|Gammaproteobacteria|Burkholderiales|Sutterellaceae|Parasutterella	0.005776054842302479	0.0009036635408796646	0.003483936892733503	0.0002580545977642589	0.0012997474969706406	0.00010790430792081094	0.0	0.0	0.000472212132219397	0.0	0.007986080128491122	0.0
Bacteria|Actinobacteriota|Actinobacteria|Bifidobacteriales|Bifidobacteriaceae|Bifidobacterium|Bifidobacterium_animalis	0.0	0.0	0.0	0.006138405112775349	0.0	0.0	0.0009129477471671769	0.0007118221800401671	0.0	0.0	0.04894262514499866	0.005608131791097091
Bacteria|Firmicutes|Clostridia|Lachnospirales|Lachnospiraceae|Roseburia	0.004999007105669858	0.0	0.0066287294861743645	0.0012738014187512353	0.0	0.01716947958387021	0.0007697402574154628	0.0015931258315184692	0.000599346167816927	0.0	0.0	0.0
Bacteria|Bacteroidota|Bacteroidia|Bacteroidales|Rikenellaceae|Alistipes|uncultured_bacterium	0.0	0.0	0.010403361492587275	0.0001482441306305317	0.0	0.0031546141786260606	0.0006086318314447845	0.00032201479573245657	0.0011442063203777697	0.0	0.0007138395645578656	0.0
Bacteria|Firmicutes|Clostridia|Christensenellales|Christensenellaceae|Christensenellaceae_R-7_group	0.00014677568358616164	0.0	0.0	0.0001482441306305317	7.446470034727629e-05	0.004785873421899497	0.00035801872437928506	0.0001525333242943215	0.01365782782419179	0.02129471890971039	0.001561524047470331	0.0
Bacteria|Firmicutes|Clostridia|Monoglobales|Monoglobaceae|Monoglobus	0.0003324037540039543	0.0005333096306830808	0.0003919979563252614	0.008510311202863857	0.0006769518213388753	0.0	0.00019691029840860678	6.779258857525401e-05	0.010388666908826734	0.014310051107325384	0.029847416793075756	0.007360672975814932
Bacteria|Bacteroidota|Bacteroidia|Bacteroidales|Muribaculaceae|Muribaculaceae|uncultured_Bacteroidales	0.003747096863317303	0.0022961942432188197	0.0011187357405237797	0.017547712647969605	0.007622477508275736	0.0024691044577173794	0.0	0.0001525333242943215	0.0	0.0	0.0	0.0
Bacteria|Firmicutes|Clostridia|Oscillospirales|Ruminococcaceae|Ruminococcus|unidentified	0.0	0.0	0.0	0.0	0.0	0.009584441468260265	0.0	0.0	0.0	0.0	0.0	0.0
Bacteria|Firmicutes|Clostridia|Lachnospirales|Lachnospiraceae|A2	0.0	0.0	0.0	0.0	0.0	0.007191504757310517	0.0031505647745377085	0.0010253629022007168	0.0	0.0	0.0	0.0
Bacteria|Firmicutes|Clostridia|Lachnospirales|Lachnospiraceae|A2|unidentified	0.0	0.0	0.0	0.0	0.0	0.006372701479558481	0.0017900936218964252	0.0017965035972442314	0.0	0.0	0.0	0.0
Bacteria|Actinobacteriota|Actinobacteria|Bifidobacteriales|Bifidobacteriaceae|Bifidobacterium	0.0	0.0	0.0	0.0	0.0	0.0014979656864300812	0.005030163077528954	0.006050488530341421	0.0	0.013798977853492335	0.0	0.0
Bacteria|Firmicutes|Clostridia|Oscillospirales|Oscillospiraceae|NK4A214_group	0.0	0.0	0.0	0.0028331100520501613	0.0001015427732008313	0.006728150964474093	0.0	0.0	0.002433708681438431	0.001192504258943782	0.00236459355759793	0.0
Bacteria|Firmicutes|Clostridia|Oscillospirales|Ruminococcaceae|Ruminococcus|uncultured_Ruminococcus	0.0011828393324296556	0.0016147430484571056	0.00015856097109785854	0.0020095315485472074	0.0005686395299246553	0.0	0.00017900936218964253	0.00027117035430101604	0.0	0.005394662123793299	0.0	0.0
Bacteria|Firmicutes|Clostridia|Oscillospirales|Ruminococcaceae|UBA1819|uncultured_bacterium	0.0	0.0	0.0	0.0	0.0	0.006182282112639403	0.0	0.0	0.0	0.0	0.0	0.0
Bacteria|Actinobacteriota|Coriobacteriia|Coriobacteriales|Eggerthellaceae|Adlercreutzia	5.6120114312355925e-05	0.0	0.0	0.0	0.0	0.000806108653290764	0.005459785546784097	0.004211614565237655	0.0018525245187068651	0.0	0.0	0.0
Bacteria|Firmicutes|Bacilli|Lactobacillales|Streptococcaceae|Streptococcus	0.00041442545953739756	0.001970282802245826	0.00026867275658248256	0.001877758987986735	0.0022948666743387875	0.0	0.0	0.0	0.0009807482746095168	0.0	0.0006246096189881324	0.0
Bacteria|Firmicutes|Clostridia|Oscillospirales|Oscillospiraceae|Papillibacter|uncultured_bacterium	0.0	0.0010221767921425714	0.0	0.0	0.0009071154405940929	0.003840123899534742	0.0013783720888602474	0.00038980738430771054	0.0	0.0	0.0	0.0
Bacteria|Desulfobacterota|Desulfovibrionia|Desulfovibrionales|Desulfovibrionaceae|Desulfovibrio	0.0	0.0	0.0	0.0	0.0	0.0	0.0	0.0	0.012041409371594624	0.014366837024417944	0.0	0.0
Bacteria|Actinobacteriota|Coriobacteriia|Coriobacteriales|uncultured|uncultured|uncultured_bacterium	0.0	0.0005629379434988074	4.8449185613234557e-05	0.0009992752509169174	0.0002504721738953839	0.0005966473496797781	0.00026851404328446377	0.00022032591286957553	0.0072466400290592085	0.002385008517887564	0.0031676630677255286	0.0
Bacteria|Patescibacteria|Saccharimonadia|Saccharimonadales|Saccharimonadaceae|Candidatus_Saccharimonas|uncultured_bacterium	0.0	0.0	0.0	0.0009498605407067402	0.0	0.0028055120059410845	0.0011814617904516405	0.0038302812545018515	0.0023065746458409008	0.0282793867120954	0.0008476844829124655	0.0
Bacteria|Firmicutes|Clostridia|Lachnospirales|Lachnospiraceae|Blautia|Lachnospiraceae_bacterium	0.0	0.00034072559738085713	0.00043163819909972605	0.0062207629631256455	0.000961271586301203	0.0	0.001074056173137855	0.001398222139364614	0.0	0.0	0.0	0.0
Bacteria|Proteobacteria|Gammaproteobacteria|Burkholderiales|Burkholderiaceae|Burkholderia-Caballeronia-Paraburkholderia	0.0	0.0	0.00011011178548462399	0.0005380712889552632	0.00013539036426777506	0.0007934140288294922	0.0021123104738377816	0.001872770259391392	0.002560842717035961	0.006076093128904032	0.003792272686713661	0.010164738871363477
Bacteria|Firmicutes|Clostridia|Oscillospirales|Ruminococcaceae|Incertae_Sedis|uncultured_bacterium	0.00011655716049489307	0.0034961409122557514	0.0008368495696831423	0.0019326642215535986	0.0015502196708660244	0.001009222644671114	0.0	0.0	0.019324373410824554	0.008290743895513913	0.0010707593468367983	0.0
Bacteria|Firmicutes|Bacilli|Erysipelotrichales|Erysipelotrichaceae|Faecalibaculum|uncultured_bacterium	0.0	0.0	0.0	0.000488656578745086	0.0	0.0007743720921375843	0.003490682562698029	0.002423585041565331	0.0006356701779876499	0.0	0.0	0.0
Bacteria|Firmicutes|Clostridia|Oscillospirales|Ruminococcaceae|Incertae_Sedis|Clostridium_sp.	0.0	0.0	0.0	0.003058221509674302	0.0	0.0009838333957485703	0.0	0.0	0.0	0.0	0.0	0.0
Bacteria|Firmicutes|Clostridia|Oscillospirales|Oscillospiraceae|UCG-005|uncultured_bacterium	0.0	0.0	0.0	0.0	0.0	0.0	0.01338990029178526	0.0020083554365419	0.0	0.0	0.003390737931649862	0.0
Bacteria|Firmicutes|Bacilli|Erysipelotrichales|Erysipelotrichaceae|Allobaculum	0.0	0.0	0.00021581909954986302	0.0	0.00014892940069455258	0.0	0.0	0.0	0.0013076643661460226	0.0017035775127768314	0.02114749710002677	0.05608131791097091
Bacteria|Firmicutes|Clostridia|Clostridia_UCG-014|Clostridia_UCG-014|Clostridia_UCG-014|unidentified_rumen	0.0	0.0	0.0	0.0	0.0	0.0	0.0	0.0	0.0015256084271703595	0.004486087450312323	0.022619791201927367	0.0
Bacteria|Firmicutes|Clostridia|Lachnospirales|Lachnospiraceae|Lachnospiraceae_UCG-006|uncultured_bacterium	0.0	0.0	0.0	0.0009114268772099357	0.0004197101292301027	0.0011488635137451046	0.00454683779961692	0.0033981035023346075	0.004431529240828187	0.0	0.0	0.0
Bacteria|Firmicutes|Clostridia|Lachnospirales|Lachnospiraceae|GCA-900066575|uncultured_bacterium	0.0	0.0006073804127223975	0.0012332519974277887	0.0	0.0	0.008118212342983364	0.0	0.00022879998644148228	0.0008717762440973483	0.0	0.0	0.0
Bacteria|Firmicutes|Clostridia|Lachnospirales|Lachnospiraceae|Lachnospiraceae_UCG-001|unidentified	0.0	0.0	0.0	0.0	0.0	0.0	0.0028104469863773876	0.005567466336742735	0.0	0.0	0.0	0.0
Bacteria|Firmicutes|Clostridia|Lachnospirales|Lachnospiraceae|Lachnospiraceae_NK4A136_group|uncultured_bacterium	0.0	0.0	0.0	0.00026354512112094526	0.0	0.0007934140288294922	0.006641247337235737	0.0027455998372977876	0.0	0.0	0.0	0.0
Bacteria|Firmicutes|Clostridia|Oscillospirales|Butyricicoccaceae|uncultured|uncultured_bacterium	0.0	0.0	0.0	0.0	0.0	0.0	0.0	0.0	0.008499818379949146	0.0	0.007183010618363523	0.0
Bacteria|Firmicutes|Bacilli|RF39|RF39|RF39|uncultured_bacterium	0.0	0.0	0.0	0.0	0.0	0.0007870667165988562	0.0030073572847859943	0.0035675849737727425	0.0005630221576462042	0.0	0.0	0.0
Bacteria|Firmicutes|Clostridia|Lachnospirales|Lachnospiraceae|Marvinbryantia	0.0025556236671472853	0.0001629557204864969	0.0	0.0	0.0	0.0	0.0	0.0	0.0	0.0	0.0012046042651913983	0.0
Bacteria|Actinobacteriota|Actinobacteria|Pseudonocardiales|Pseudonocardiaceae|Saccharopolyspora	0.0	0.0	0.0	0.0	0.0	0.0	0.0	0.0	0.0	0.0	0.03198893548674935	0.0
Bacteria|Firmicutes|Bacilli|Erysipelotrichales|Erysipelotrichaceae|uncultured|uncultured_Allobaculum	0.0	0.0009036635408796646	0.00011011178548462399	0.0004996376254584587	0.0007378774852593741	5.712581007572343e-05	0.0008055421298533913	0.0003304888693043633	0.0	0.013628620102214651	0.0	0.0
Bacteria|Firmicutes|Clostridia|Oscillospirales|Oscillospiraceae|Oscillibacter|uncultured_bacterium	0.00018562807041779266	0.0	0.002065697095691546	0.0	0.0	0.0017455108634248828	0.00028641497950342805	0.00012711110357860127	0.0008354522339266254	0.0005678591709256105	0.0004907647006335326	0.0
Bacteria|Firmicutes|Clostridia|Lachnospirales|Lachnospiraceae|A2|uncultured_bacterium	0.0	0.0	0.0	0.0	0.0	0.004531980932674059	0.0	0.0	0.0	0.0	0.0	0.0
Bacteria|Proteobacteria|Gammaproteobacteria|Pseudomonadales|Pseudomonadaceae|Pseudomonas	0.0	0.0	0.00029069511367940735	8.235785035029538e-05	0.00014892940069455258	0.0002729344259173453	0.0018795983029912464	0.00045759997288296456	0.0016345804576825282	0.0	0.0020969037208887304	0.015071854188573432
Bacteria|Firmicutes|Clostridia|Peptostreptococcales-Tissierellales|Anaerovoracaceae|Anaerovorax	9.497250114398694e-05	0.0	0.0	0.0	0.0	0.0028435958793248998	0.0	0.0	0.0	0.0	0.0	0.0
Bacteria|Firmicutes|Clostridia|Oscillospirales|Oscillospiraceae|NK4A214_group|unidentified	0.000172677274807249	0.0	0.00026867275658248256	0.00010981046713372719	8.800373677405379e-05	0.0021771280951081266	0.00032221685194135655	0.0007965629157592346	0.002869596803487105	0.0019875070982396364	0.0	0.0
Bacteria|Firmicutes|Clostridia|Lachnospirales|Lachnospiraceae|[Bacteroides]_pectinophilus_group|uncultured_bacterium	0.0	0.0	0.0	0.0	0.0	0.0028689851282474436	0.0	0.0	0.0	0.0	0.0	0.0
Bacteria|Actinobacteriota|Coriobacteriia|Coriobacteriales|Eggerthellaceae|Adlercreutzia|uncultured_bacterium	0.0	0.0	0.0	0.0	0.0	0.0	0.0	0.0	0.006719941881583727	0.0	0.005086106897474792	0.016123378899404135
Bacteria|Firmicutes|Clostridia|Monoglobales|Monoglobaceae|Monoglobus|unidentified	0.0016792864975004964	0.0	0.0	0.0	0.0	0.0	0.0	0.0	0.000599346167816927	0.0	0.0	0.0
Bacteria|Actinobacteriota|Coriobacteriia|Coriobacteriales|Eggerthellaceae|Enterorhabdus|uncultured_bacterium	0.0	0.0	0.0	0.0	0.0	0.0007553301554456765	0.0034190788178221723	0.002279525790842916	0.001925172539048311	0.0046564452015900055	0.0012938342107611314	0.0
Bacteria|Firmicutes|Clostridia|Oscillospirales|Ruminococcaceae|[Eubacterium]_siraeum_group|uncultured_bacterium	0.0	0.0	0.0	0.0	0.0	0.0	0.0	0.0	0.0002361060661096985	0.02339579784213515	0.001561524047470331	0.0
Bacteria|Firmicutes|Clostridia|Oscillospirales|Oscillospiraceae|Colidextribacter	0.0005957365980850091	0.0007703361332088944	0.001752979624915214	0.0009059363538532493	0.0010086582137949242	0.0023802420864884764	0.0	0.00037285923716389704	0.0	0.0008517887563884157	0.0	0.0
Bacteria|Firmicutes|Clostridia|Lachnospirales|Lachnospiraceae|Lachnospiraceae_NK4A136_group|Trichinella_pseudospiralis	0.0	0.0	0.0	7.137680363692268e-05	0.0	0.0025579668289462828	0.0030968619658808157	0.0005084444143144051	0.0	0.0021010789324247586	0.0	0.0
Bacteria|Firmicutes|Clostridia|Lachnospirales|Lachnospiraceae|[Eubacterium]_xylanophilum_group	0.0	0.0	0.0	0.0	0.0	0.0	0.0	0.002830340573016855	0.0	0.0014764338444065873	0.0	0.0
Bacteria|Bacteroidota|Bacteroidia|Bacteroidales|Rikenellaceae|Alistipes|Alistipes_finegoldii	0.0	0.0021036102099165964	0.00023784145664678782	0.0	0.001428368343025027	0.0007680247799069484	0.0	0.0	0.0	0.0	0.0	0.0
Bacteria|Firmicutes|Clostridia|Oscillospirales|[Eubacterium]_coprostanoligenes_group|[Eubacterium]_coprostanoligenes_group|uncultured_bacterium	0.0	0.0	5.285365703261952e-05	0.0	0.0022677886014852325	0.00012059893238208281	0.0	0.0017626073029566043	0.0006901561932437341	0.00488358886996025	0.013027572053181048	0.0
Bacteria|Firmicutes|Clostridia|Lachnospirales|Lachnospiraceae|Lachnoclostridium	0.0	0.0	0.0	0.0	0.00016246843712133008	0.002151738846185583	0.0	0.00018642961858194852	0.0006901561932437341	0.0	0.0	0.0
Bacteria|Firmicutes|Clostridia|Clostridia_UCG-014|Clostridia_UCG-014|Clostridia_UCG-014|uncultured_Clostridiales	0.0	0.0001629557204864969	0.0	0.0	0.0	0.0015423968720445326	0.0	0.0	0.0016164184525971667	0.0	0.0	0.0
Bacteria|Firmicutes|Bacilli|Erysipelotrichales|Erysipelotrichaceae|Allobaculum|uncultured_bacterium	0.0	0.0	0.0	0.00039531768168141787	0.0002910892831757164	0.0013456301928948186	0.0	0.0	0.0	0.0	0.0	0.0
Bacteria|Firmicutes|Bacilli|Erysipelotrichales|Erysipelatoclostridiaceae|Erysipelotrichaceae_UCG-003|uncultured_bacterium	0.0	0.0	0.0	0.0	0.0	0.0	0.0	0.0	0.00548492553577915	0.0	0.0	0.0
Bacteria|Firmicutes|Clostridia|Oscillospirales|Ruminococcaceae|uncultured|[Clostridium]_leptum	0.0	0.0	0.0	0.0015977422967957307	0.0	0.0	0.0	0.0	0.0	0.0	0.0	0.0
Bacteria|Firmicutes|Bacilli|RF39|RF39|RF39|uncultured_Lachnospiraceae	0.0	0.0	0.0007267377841985184	0.0	0.0	0.0002348505525335297	0.0005728299590068561	0.0004321777521672443	0.0	0.011243611584327087	0.0	0.0
Bacteria|Firmicutes|Clostridia|Lachnospirales|Lachnospiraceae|[Eubacterium]_hallii_group|Clostridium_sp.	0.0007813646685028017	0.0	0.00016736991393662847	0.0	0.00035201494709621514	0.0	0.0	0.0	0.0	0.0	0.0	0.0
Bacteria|Bacteroidota|Bacteroidia|Bacteroidales|Rikenellaceae|Alistipes|Alistipes_timonensis	0.0	0.0004147963794201739	0.000761973555553598	0.0002964882612610634	0.0	0.0	0.0	0.0	0.0	0.0	0.0	0.0
Bacteria|Firmicutes|Clostridia|Oscillospirales|Butyricicoccaceae|UCG-009|uncultured_bacterium	0.0	0.0	0.00023784145664678782	0.0001592251773439044	8.800373677405379e-05	0.0	0.0011098580455757836	0.00026269628072910926	0.0011078823102070468	0.0	0.0	0.0
Bacteria|Firmicutes|Clostridia|uncultured|uncultured|uncultured|uncultured_bacterium	0.0	0.0	0.0	0.0012957635121779807	0.0	0.0	0.0	0.00018642961858194852	0.000599346167816927	0.0	0.0007138395645578656	0.0
Bacteria|Firmicutes|Bacilli|RF39|RF39|RF39	0.0	0.0	0.0	0.0	0.0	0.0008441925266745796	0.002130211410056746	0.002898133161592109	0.0026153287322920452	0.002271436683702442	0.001115374319621665	0.0
Bacteria|Firmicutes|Bacilli|Erysipelotrichales|Erysipelotrichaceae|uncultured|uncultured_bacterium	0.0	0.0003851680666044472	0.0	0.0	0.0001015427732008313	0.00021580861584162187	0.0	0.0	0.002397384671267708	0.0007382169222032936	0.0	0.0
Bacteria|Firmicutes|Clostridia|Lachnospirales|Lachnospiraceae|[Eubacterium]_ventriosum_group|uncultured_Clostridiales	0.0	0.0	0.0	0.0	0.0	0.001212336636051464	0.0	0.0	0.0002361060661096985	0.0	0.0	0.0
Bacteria|Proteobacteria|Gammaproteobacteria|Burkholderiales|Comamonadaceae|Delftia	0.0	0.0	0.0	0.0	0.0	0.0	0.0	0.00016100739786622828	0.001925172539048311	0.0028392958546280523	0.0007584545373427323	0.008412197686645636
Bacteria|Firmicutes|Clostridia|Oscillospirales|Ruminococcaceae|Harryflintia|uncultured_bacterium	0.0	0.0	0.00018939227103355327	0.001054180484483781	0.0	0.00017772474245780624	0.0	0.0	0.0	0.0	0.0	0.0
Bacteria|Bacteroidota|Bacteroidia|Bacteroidales|Rikenellaceae|Alistipes	0.0	0.00039998222301231056	0.0003479532421314118	0.0	0.0	0.0	0.0	0.0	0.0	0.0	0.003569197822789328	0.0
Bacteria|Firmicutes|Clostridia|Lachnospirales|Lachnospiraceae|Frisingicoccus	0.0	0.0006666370383538509	0.00011011178548462399	0.0	0.00016246843712133008	0.0005649107885265985	0.0	0.0	0.0	0.0	0.0	0.0
Bacteria|Firmicutes|Clostridia|Lachnospirales|Lachnospiraceae|Anaerostipes|Anaerostipes_sp.	0.0	0.0	5.725812845200447e-05	0.0	0.0	0.0	0.0	0.0	0.003051216854340719	0.0	0.0	0.0
Bacteria|Firmicutes|Clostridia|Oscillospirales|Ruminococcaceae|Ruminococcaceae|uncultured_bacterium	0.0	0.0	0.0	0.0009828036808468583	0.0	0.0	0.0	0.0	0.0	0.0	0.0	0.0
Bacteria|Cyanobacteria|Vampirivibrionia|Gastranaerophilales|Gastranaerophilales|Gastranaerophilales|uncultured_bacterium	0.0	0.0008147786024324845	0.0	0.00016471570070059077	0.0004400186838702689	5.0778497845087496e-05	0.0	0.0	0.001325826371231384	0.0	0.0	0.0
Bacteria|Firmicutes|Clostridia|Oscillospirales|Oscillospiraceae|UCG-005|uncultured_Clostridiales	0.0	0.0	0.0	0.0	0.0	0.001104432328130653	0.0	0.0	0.0	0.0	0.0	0.0
Bacteria|Firmicutes|Bacilli|Staphylococcales|Staphylococcaceae|Jeotgalicoccus	0.0	0.0	0.00017617885677539838	0.00021413041091076802	0.0005821785663514328	0.0	0.0	0.0	0.0	0.0	0.0	0.0
Bacteria|Firmicutes|Bacilli|Erysipelotrichales|Erysipelatoclostridiaceae|Erysipelatoclostridium	0.0001424587517159804	0.0	0.0003039085279375622	6.0395756923549955e-05	0.0002910892831757164	0.0	0.0	0.0	0.0	0.0	0.0	0.0
Bacteria|Firmicutes|Clostridia|Lachnospirales|Defluviitaleaceae|Defluviitaleaceae_UCG-011	0.0	0.0	0.0	0.0	0.00038586253816315895	0.0	0.0005549290227878918	0.0	0.0011442063203777697	0.0	0.0	0.0
Bacteria|Firmicutes|Clostridia|Oscillospirales|Oscillospiraceae|uncultured|uncultured_Clostridiales	0.0	0.0	0.0	0.0	0.0	0.00038718604606879215	0.0	0.0	0.0	0.005053946621237933	0.0	0.0
Bacteria|Firmicutes|Clostridia|Clostridiales|Clostridiaceae|Candidatus_Arthromitus	0.0	0.0	0.0	0.0	0.0	0.0007362882187537688	0.0	0.0	0.000599346167816927	0.0	0.0	0.0
Bacteria|Firmicutes|Clostridia|Oscillospirales|Ruminococcaceae|Incertae_Sedis	0.0003151360265232294	0.0	0.0	0.0	0.00032493687424266015	0.0	0.0	0.00016100739786622828	0.0	0.0	0.0	0.0
Bacteria|Firmicutes|Bacilli|Staphylococcales|Staphylococcaceae|Staphylococcus	0.0	0.0004147963794201739	9.689837122646911e-05	0.00025256407440757254	0.0010560448412886454	0.0	0.0	0.0	0.0005630221576462042	0.0019307211811470755	0.0	0.0
Bacteria|Firmicutes|Bacilli|Erysipelotrichales|Erysipelotrichaceae|Holdemania	0.00047917943759011593	0.0	0.0	0.0	0.0	0.0	0.0	0.0	0.0	0.0	0.0012492192379762648	0.0
Bacteria|Firmicutes|Clostridia|Oscillospirales|UCG-010|UCG-010|unidentified	0.0	0.00039998222301231056	0.0	0.00013177256056047263	0.00016923795533471884	0.00038083873383815625	0.0	0.0	0.0	0.0	0.0	0.0
Bacteria|Campilobacterota|Campylobacteria|Campylobacterales|Helicobacteraceae|Helicobacter|Helicobacter_rodentium	0.0	0.0	0.0	3.843366349680452e-05	0.0	0.0	0.0	0.0	0.0023065746458409008	0.0	0.0	0.0
Bacteria|Firmicutes|Clostridia|Peptococcales|Peptococcaceae|uncultured|unidentified	0.0001208740923650743	0.0	0.0009910060693616158	0.000549052335668636	0.0003181673560292714	0.000304670987070525	0.0	0.0	0.0	0.0	0.0	0.0
Bacteria|Firmicutes|Clostridia|Oscillospirales|Ruminococcaceae|Subdoligranulum|uncultured_bacterium	0.0	0.0	0.0	0.0	0.0	0.0	0.0	0.0	0.0005266981474754813	0.0	0.0035245828500044614	0.0070101647388713636
Bacteria|Firmicutes|Clostridia|Peptococcales|Peptococcaceae|uncultured	6.90709099228996e-05	0.0	0.0	0.0	0.0	0.0005458688518346906	0.0	0.0	0.0004540501271340356	0.0	0.0	0.0
Bacteria|Firmicutes|Clostridia|Peptostreptococcales-Tissierellales|Anaerovoracaceae|[Eubacterium]_brachy_group|uncultured_bacterium	0.0	0.0	4.8449185613234557e-05	0.00021413041091076802	0.0	0.0012313785727433718	0.00035801872437928506	0.0002118518392976688	0.0	0.0	0.0	0.0
Bacteria|Firmicutes|Clostridia|Oscillospirales|Ruminococcaceae|uncultured|uncultured_bacterium	0.0	0.0	0.0	0.0005765049524520678	0.00018277699176149633	0.00015868280576589842	0.0	0.0	0.0005085361423901198	0.001135718341851221	0.0	0.0
Bacteria|Firmicutes|Clostridia|Oscillospirales|Oscillospiraceae|UCG-005	0.0	0.0003851680666044472	0.00040961584200280125	0.0006039575692354996	0.0001286208460543863	0.0002538924892254375	0.0	5.084444143144051e-05	0.0011442063203777697	0.002668938103350369	0.0	0.0
Bacteria|Firmicutes|Bacilli|Lactobacillales|Aerococcaceae|Aerococcus	0.00025038204847051103	0.0	8.368495696831424e-05	0.0	0.00014892940069455258	0.0	0.0	0.0	0.00027243007628042137	0.0	0.0	0.0
Bacteria|Firmicutes|Clostridia|Oscillospirales|Ruminococcaceae|Incertae_Sedis|uncultured_Clostridiales	0.0	0.00037035391019658387	0.0	0.00032943140140118154	0.0	0.0	0.00016110842597067828	0.0	0.0	0.0	0.000892299455697332	0.0
Bacteria|Firmicutes|Clostridia|Oscillospirales|Butyricicoccaceae|Butyricicoccus|uncultured_bacterium	0.0	0.0	0.0002950995850987923	0.00038433663496804514	0.00023693313746860637	0.00040622798276069997	0.0	0.0	0.0	0.0005110732538330494	0.0	0.0
Bacteria|Firmicutes|Bacilli|RF39|RF39|RF39|unidentified	0.0	0.0	0.0	0.0	0.0	0.0004697011050670594	0.0	0.00011016295643478777	0.0002542680711950599	0.0	0.0	0.0
Bacteria|Actinobacteriota|Coriobacteriia|Coriobacteriales|Eggerthellaceae|Parvibacter|uncultured_bacterium	0.0	0.0	5.725812845200447e-05	0.00045571343860496783	0.0	0.0	0.0	0.0	0.0	0.0	0.0	0.0
Bacteria|Firmicutes|Clostridia|Lachnospirales|Lachnospiraceae|Lachnospiraceae_NC2004_group|uncultured_Clostridiaceae	0.0	0.0	0.00014975202825908863	0.0	0.0	0.00038083873383815625	0.0	0.0	0.0	0.0	0.0	0.0
Bacteria|Firmicutes|Clostridia|Oscillospirales|Oscillospiraceae|Colidextribacter|uncultured_bacterium	0.0	0.0	0.0	0.0	0.0	0.0	0.0	0.0	0.0016345804576825282	0.0	0.0	0.0
Bacteria|Firmicutes|Clostridia|Peptostreptococcales-Tissierellales|Anaerovoracaceae	0.0	0.0	0.0	0.0	0.0	0.0	0.0008055421298533913	0.0003474370164481768	0.0004903741373047584	0.0	0.0	0.0
Bacteria|Proteobacteria|Gammaproteobacteria|Burkholderiales|Alcaligenaceae|Achromobacter	0.0	0.0	7.928048554892927e-05	0.0	0.0	0.00015868280576589842	0.0	0.00017795554501004178	0.0	0.0	0.000892299455697332	0.0
Bacteria|Firmicutes|Clostridia|Christensenellales|Christensenellaceae|Christensenellaceae_R-7_group|uncultured_prokaryote	0.0	0.0	0.0	0.0	0.0	0.0	0.00042962246925514207	0.00037285923716389704	0.0002361060661096985	0.0	0.0	0.0
Bacteria|Firmicutes|Clostridia|Oscillospirales|Oscillospiraceae|UCG-003|uncultured_bacterium	0.0	0.0008147786024324845	0.0	0.0	0.0	0.00015868280576589842	0.0	0.0	0.0	0.0	0.0	0.0
Bacteria|Firmicutes|Clostridia|Peptococcales|Peptococcaceae|uncultured|uncultured_bacterium	3.8852386831631025e-05	0.0	0.0001409430854203187	7.137680363692268e-05	0.0	0.0002221559280722578	0.0	0.0002796444278729228	0.00032691609153650566	0.0	0.0008476844829124655	0.0
Bacteria|Firmicutes|Bacilli|Erysipelotrichales|Erysipelatoclostridiaceae|Erysipelatoclostridium|uncultured_bacterium	0.0	0.0	1.7617885677539837e-05	0.0	0.0	0.0	0.0	0.0	0.0014347984017435524	0.0	0.0	0.0
Bacteria|Firmicutes|Clostridia|Peptostreptococcales-Tissierellales|Anaerovoracaceae|[Eubacterium]_nodatum_group	0.0	0.0	0.00024665039948555776	7.137680363692268e-05	0.00014215988248116382	0.0	0.0	0.0	0.0004177261169633127	0.0	0.0	0.0
Bacteria|Firmicutes|Clostridia|Lachnospirales|Lachnospiraceae|Coprococcus	0.0	0.0	0.0	0.0	0.0	0.0	0.0	0.0	0.0	0.0	0.0042384224145623275	0.004907115317209955
Bacteria|Firmicutes|Clostridia|Lachnospirales|Lachnospiraceae|Roseburia|uncultured_bacterium	0.0	0.0	0.0	0.0	0.0	0.0004950903539896032	0.0	0.0	0.0014347984017435524	0.0	0.0003569197822789328	0.0
Bacteria|Firmicutes|Clostridia|Clostridia_vadinBB60_group|Clostridia_vadinBB60_group|Clostridia_vadinBB60_group|uncultured_Clostridia	0.0	0.00023702650252581368	0.00011451625690400894	0.000137263083917159	0.0	0.0	0.0	0.0	0.0	0.0	0.0	0.0
Bacteria|Firmicutes|Bacilli|Erysipelotrichales|Erysipelotrichaceae|uncultured|unidentified	0.0	0.0	0.0	0.0	0.0	0.0004189226072219719	0.0	0.0	0.00027243007628042137	0.0	0.0	0.0
Bacteria|Firmicutes|Clostridia|Peptostreptococcales-Tissierellales|Anaerovoracaceae|Family_XIII_AD3011_group|uncultured_bacterium	8.63386374036245e-05	0.0	0.00014534755683970368	0.0	0.0	0.0	0.00019691029840860678	0.0	0.0	0.0	0.0	0.0
Bacteria|Firmicutes|Clostridia|Lachnospirales|Lachnospiraceae|Roseburia|uncultured_Clostridiales	0.0	0.0	0.0	0.0	0.0	0.00038718604606879215	0.0	0.0	0.0	0.0	0.0	0.0
Bacteria|Firmicutes|Clostridia|Oscillospirales|Ruminococcaceae|uncultured	0.0	0.0	8.368495696831424e-05	0.0003019787846177498	0.00014215988248116382	7.616774676763124e-05	0.0	0.0	0.0007809662186705412	0.0	0.0	0.0
Bacteria|Firmicutes|Clostridia|Lachnospirales|Lachnospiraceae|Lachnospiraceae_NK4A136_group|uncultured_Clostridiales	0.0	0.0	0.0	0.0	0.0	0.0	0.0	0.0004999703407424983	0.0	0.0	0.0	0.0
Bacteria|Actinobacteriota|Actinobacteria|Corynebacteriales|Corynebacteriaceae|Corynebacterium|Corynebacterium_stationis	0.0	0.0	0.0	0.0	0.0003723235017363814	0.0	0.0	0.0	0.0	0.0	0.0	0.0
Bacteria|Firmicutes|Clostridia|Oscillospirales|UCG-010|UCG-010	0.0	0.0	0.0	8.784837370698175e-05	0.0	0.0002348505525335297	0.0	0.0	0.00032691609153650566	0.0	0.0	0.0
Bacteria|Firmicutes|Clostridia|Oscillospirales|UCG-010|UCG-010|uncultured_bacterium	0.0	0.0	0.0	0.0002031493641973953	0.0001150818096276088	0.0	0.0	0.00011016295643478777	0.00032691609153650566	0.0	0.0	0.0
Bacteria|Firmicutes|Clostridia|Oscillospirales|Oscillospiraceae|uncultured|Clostridium_sp.	0.0002287973891196049	0.0	0.0	0.0	0.00015569891890794131	0.0	0.0	0.0	0.0	0.0	0.0	0.0
Bacteria|Firmicutes|Clostridia|Oscillospirales|Ruminococcaceae|Fournierella	0.0	0.0	0.0	0.0	0.0	0.00033006023599306875	0.0	0.0	0.0	0.0	0.0	0.0
Bacteria|Firmicutes|Clostridia|Oscillospirales|Ruminococcaceae|Paludicola	0.0	0.0	0.0	0.00028001669119100434	0.0	0.0	0.0	0.0	0.0	0.0	0.0	0.0
Bacteria|Firmicutes|Clostridia|Oscillospirales|Ruminococcaceae|Anaerotruncus|uncultured_bacterium	0.0	0.0	0.0	0.0	0.0	0.00031101829930116093	0.0	0.0	0.0	0.0	0.0	0.0
Bacteria|Firmicutes|Clostridia|Oscillospirales|Ruminococcaceae|UBA1819	0.0	0.0	0.0	0.0	0.0	5.0778497845087496e-05	0.00025061310706549954	0.00022032591286957553	0.0	0.0	0.0	0.0
Bacteria|Proteobacteria|Alphaproteobacteria|Rhizobiales|Rhizobiaceae|Allorhizobium-Neorhizobium-Pararhizobium-Rhizobium	3.8852386831631025e-05	0.0	7.487601412954432e-05	0.0	0.0	0.0	0.0	0.00013558517715050802	0.0	0.0	0.000223074863924333	0.0
Bacteria|Firmicutes|Clostridia|Oscillospirales|[Eubacterium]_coprostanoligenes_group|[Eubacterium]_coprostanoligenes_group|uncultured_Clostridium	0.0	0.0	0.0	0.0	0.00030462831960249387	0.0	0.0	0.0	0.0	0.0	0.0	0.0
Bacteria|Proteobacteria|Gammaproteobacteria|Pasteurellales|Pasteurellaceae|Rodentibacter|Pasteurellaceae_bacterium	0.0	0.0	0.0	0.0	0.0	0.00028562905037861716	0.0	0.0	0.0	0.0	0.0	0.0
Bacteria|Actinobacteriota|Coriobacteriia|Coriobacteriales|Eggerthellaceae|uncultured|uncultured_Coriobacteriales	0.0	0.0	0.0	0.0	0.0	0.00026023980145607344	0.0	0.0	0.0	0.0	0.0	0.0
Bacteria|Firmicutes|Clostridia|Lachnospirales|Lachnospiraceae|uncultured	0.0	0.0	0.0	0.0	0.0	0.00013964086907399063	0.0	0.0003474370164481768	0.0	0.0	0.0	0.0
Bacteria|Firmicutes|Clostridia|Lachnospirales|Lachnospiraceae|[Eubacterium]_ventriosum_group	0.0	0.0	5.725812845200447e-05	0.0	0.0	0.0	0.0	0.0	0.0007446422084998184	0.0	0.0	0.0
Bacteria|Firmicutes|Clostridia|Monoglobales|Monoglobaceae|Monoglobus|uncultured_rumen	0.0	0.0	0.0	0.0	0.0	0.0	0.0	0.0	0.0005811841627315655	0.0	0.0003569197822789328	0.0
Bacteria|Firmicutes|Clostridia|Peptostreptococcales-Tissierellales|Anaerovoracaceae|Anaerovorax|uncultured_bacterium	0.0	0.0	0.00017177438535601343	0.0	0.0	0.0	0.0	0.0	0.0	0.0	0.0	0.0
Bacteria|Deferribacterota|Deferribacteres|Deferribacterales|Deferribacteraceae|Mucispirillum|Mucispirillum_schaedleri	0.0	0.0	0.0	8.784837370698175e-05	0.0	0.0	0.0004117215330361778	0.0	0.0	0.0	0.0	0.0
Bacteria|Firmicutes|Clostridia|Clostridia_vadinBB60_group|Clostridia_vadinBB60_group|Clostridia_vadinBB60_group|uncultured_bacterium	0.0	0.00023702650252581368	0.0	8.235785035029538e-05	0.0001015427732008313	0.00027928173814798125	0.0	0.0	0.0002542680711950599	0.0	0.0	0.0
Bacteria|Firmicutes|Clostridia|Eubacteriales|Anaerofustaceae|Anaerofustis|Anaerofustis_stercorihominis	0.0	0.0	0.0	0.0	0.0	0.0	0.0	0.0	0.0	0.0	0.001695368965824931	0.0
Bacteria|Firmicutes|Clostridia|Oscillospirales|Ruminococcaceae|Negativibacillus|uncultured_bacterium	0.0	0.0	0.0	0.0	0.0	0.0	0.0	0.0	0.0006719941881583726	0.0	0.0	0.0
Bacteria|Firmicutes|Clostridia|Lachnospirales|Defluviitaleaceae|Defluviitaleaceae_UCG-011|uncultured_bacterium	0.0	0.0005184954742752174	0.0	4.392418685349087e-05	0.0	8.251505899826719e-05	0.0	0.0	0.00014529604068289138	0.0	0.0	0.0
Bacteria|Firmicutes|Clostridia|Lachnospirales|Lachnospiraceae|Acetatifactor|uncultured_bacterium	0.0	0.0	0.0	0.0	0.0	0.00021580861584162187	0.0	0.0	0.0	0.0	0.0	0.0
Bacteria|Bacteroidota|Bacteroidia|Bacteroidales|Prevotellaceae|Prevotella	0.0	0.0	0.0	0.0	0.0	0.0	0.0	0.0	0.000599346167816927	0.0	0.0	0.0
Bacteria|Actinobacteriota|Coriobacteriia|Coriobacteriales|Coriobacteriales_Incertae_Sedis|uncultured|gut_metagenome	0.0	0.0	0.0	0.0	0.0	0.0	0.0	0.0	0.0005085361423901198	0.0	0.0	0.0017525411847178409
Bacteria|Firmicutes|Bacilli|Lactobacillales|Streptococcaceae|Streptococcus|Streptococcus_agalactiae	0.0	0.0001629557204864969	9.249389980708415e-05	0.0	0.0	0.0	0.0	0.0	0.0	0.0	0.0	0.0
Bacteria|Firmicutes|Clostridia|Peptostreptococcales-Tissierellales|Anaerovoracaceae|Family_XIII_AD3011_group	7.338784179308082e-05	0.0	0.0	0.0	0.0	0.0	0.0	0.000305066648588643	0.0	0.0	0.0	0.0
Bacteria|Actinobacteriota|Coriobacteriia|Coriobacteriales|Eggerthellaceae|Enterorhabdus|mouse_gut	0.0	0.0	0.0	0.0	0.0	0.0	0.0005549290227878918	0.0	0.0	0.0	0.0	0.0
Bacteria|Proteobacteria|Gammaproteobacteria|Enterobacterales|Morganellaceae|Proteus	0.0001208740923650743	0.0	0.0	0.0	0.0	0.0	0.0	0.0	0.0	0.0	0.0	0.0
Bacteria|Firmicutes|Clostridia|Oscillospirales|Ruminococcaceae|Paludicola|uncultured_bacterium	0.0	0.0	0.0	0.00015373465398721807	0.0	0.0	0.0	0.0	0.0	0.0	0.0	0.0
Bacteria|Bacteroidota|Bacteroidia|Bacteroidales|Muribaculaceae|Muribaculaceae|uncultured_Barnesiella	0.0	0.0	0.0	0.0	0.0	0.0	0.0	0.0	0.0005085361423901198	0.0	0.0	0.0
Bacteria|Firmicutes|Clostridia|Lachnospirales|Lachnospiraceae|Eisenbergiella	0.0	0.0	0.0	0.0	0.0	0.0	0.0	0.0	0.0005085361423901198	0.0	0.0	0.0
Bacteria|Firmicutes|Clostridia|Lachnospirales|Lachnospiraceae|Lachnospiraceae_UCG-010|uncultured_bacterium	0.0	0.0	0.00011892072832339391	0.0	0.0	0.0	0.0	0.0	0.0	0.0	0.0	0.0
Bacteria|Firmicutes|Clostridia|Peptostreptococcales-Tissierellales|Anaerovoracaceae|Family_XIII_UCG-001|uncultured_bacterium	0.0	0.0	0.0	0.0001482441306305317	0.0	0.0	0.0	0.0	0.0	0.0	0.0	0.0
Bacteria|Firmicutes|Clostridia|Clostridia_vadinBB60_group|Clostridia_vadinBB60_group|Clostridia_vadinBB60_group|unidentified	0.0	0.0	0.0	0.00013177256056047263	0.00016246843712133008	0.00010790430792081094	0.0003401177881603208	6.779258857525401e-05	0.0003087540864511442	0.0	0.0	0.0
Bacteria|Firmicutes|Clostridia|Lachnospirales|Lachnospiraceae|Lachnospiraceae_FCS020_group	0.0	0.0	0.0	0.0	0.00016923795533471884	0.0	0.0	0.0	0.0	0.0	0.0	0.0
Bacteria|Firmicutes|Clostridia|Oscillospirales|UCG-010|UCG-010|uncultured_organism	0.0	0.0	0.0	0.0	0.0	0.0	0.0	0.0002118518392976688	0.0	0.0	0.0	0.0
Bacteria|Firmicutes|Clostridia|Peptococcales|Peptococcaceae|Peptococcus|uncultured_bacterium	0.0	0.0	0.0	0.0	0.0	0.0	0.0	0.00020337776572576204	0.0	0.0	0.0	0.0
Bacteria|Actinobacteriota|Actinobacteria|Micrococcales|Micrococcaceae|Rothia	0.0	0.0	0.0	0.0	0.0	0.0	0.0	0.0	0.0004177261169633127	0.0	0.0	0.0
Bacteria|Firmicutes|Clostridia|Oscillospirales|Oscillospiraceae|UCG-005|uncultured_prokaryote	0.0	0.0	0.0	0.0	0.0	0.0	0.0	0.0	0.0	0.0	0.0010261443740519319	0.0
Bacteria|Proteobacteria|Gammaproteobacteria|Burkholderiales|Alcaligenaceae|Alcaligenes	3.45354549614498e-05	0.0	0.0	0.0	0.0	0.0	0.00025061310706549954	0.0	0.0	0.0	0.0	0.0
Bacteria|Proteobacteria|Alphaproteobacteria|Rhodobacterales|Rhodobacteraceae|Rubellimicrobium|uncultured_bacterium	0.0	0.0	0.0	0.0	0.0	0.0	0.0	0.0	0.0	0.001249290176036343	0.0	0.0
Bacteria|Firmicutes|Clostridia|Oscillospirales|Oscillospiraceae|Intestinimonas|uncultured_bacterium	9.065556927380573e-05	0.0	0.0	0.0	0.0	0.0	0.0	0.0	0.0	0.0	0.0	0.0
Bacteria|Firmicutes|Clostridia|Christensenellales|Christensenellaceae|uncultured|uncultured_bacterium	0.0	0.0	0.0	0.00011530099049041355	0.0	0.0	0.0	0.0	0.0	0.0	0.0	0.0
Bacteria|Firmicutes|Clostridia|Lachnospirales|Lachnospiraceae|Acetatifactor	0.0	0.0	0.0	0.0	0.0	0.00013329355684335467	0.0	0.0	0.0	0.0	0.0	0.0
Bacteria|Firmicutes|Bacilli|Erysipelotrichales|Erysipelatoclostridiaceae|UCG-004|uncultured_bacterium	0.0	0.0	2.642682851630976e-05	7.686732699360904e-05	0.0	0.0	0.0	0.0	0.0	0.0	0.0	0.0
Bacteria|Firmicutes|Clostridia|Eubacteriales|Anaerofustaceae|Anaerofustis|uncultured_bacterium	0.0	0.0	0.0	0.0	0.0	0.0	0.00035801872437928506	0.0	0.0	0.0	0.0	0.0
Bacteria|Firmicutes|Clostridia|Lachnospirales|Lachnospiraceae|Tyzzerella	0.0	0.0	0.0	0.0	0.0	0.00012059893238208281	0.0	0.0	0.0	0.0	0.0	0.0
Bacteria|Firmicutes|Bacilli|Staphylococcales|Staphylococcaceae|Jeotgalicoccus|Jeotgalicoccus_schoeneichii	0.0	0.0	0.0	0.0	0.0	0.0	0.0	0.0	0.00034507809662186705	0.0	0.0	0.0
Bacteria|Bacteroidota|Bacteroidia|Bacteroidales|Bacteroidaceae|Bacteroides|Bacteroides_sartorii	0.0	0.0	0.0	0.0	0.0	0.0	0.0	0.0	0.00032691609153650566	0.0	0.0	0.0
Bacteria|Proteobacteria|Gammaproteobacteria|Burkholderiales|Comamonadaceae|Comamonas	0.0	0.0	0.0	0.0	0.0	0.0	0.0	0.0	0.00032691609153650566	0.0	0.0	0.0
Bacteria|Firmicutes|Clostridia|Oscillospirales	0.0	0.0	0.0	0.0	0.0	0.0	0.0	0.0	0.00032691609153650566	0.0	0.0	0.0
Bacteria|Firmicutes|Bacilli|Erysipelotrichales|Erysipelotrichaceae|Faecalitalea	6.90709099228996e-05	0.0	0.0	0.0	0.0	0.0	0.0	0.0	0.0	0.0	0.0	0.0
Bacteria|Firmicutes|Clostridia|Oscillospirales|Ruminococcaceae|DTU089	0.0	0.0	7.047154271015935e-05	0.0	0.0	0.0	0.0	0.0	0.0	0.0	0.0	0.0
Bacteria|Firmicutes|Clostridia|Lachnospirales|Lachnospiraceae|Lachnospiraceae_UCG-001|uncultured_bacterium	0.0	0.0	0.0	0.0	0.0	0.0	0.0	0.00013558517715050802	0.0	0.0	0.0	0.0
Bacteria|Firmicutes|Bacilli|Exiguobacterales|Exiguobacteraceae|Exiguobacterium	0.0	0.0	0.0	0.0	0.0	0.0	0.0	0.0	0.0	0.0	0.0007138395645578656	0.0
Bacteria|Proteobacteria|Gammaproteobacteria|Pseudomonadales|Moraxellaceae|Acinetobacter|Acinetobacter_ursingii	0.0	0.0	0.0	8.235785035029538e-05	0.0	0.0	0.0	0.0	0.0	0.0	0.0	0.0
Bacteria|Bacteroidota|Bacteroidia|Chitinophagales|Chitinophagaceae|Sediminibacterium|Sediminibacterium_sp.	0.0	0.0	0.0	0.0	0.0	0.0	0.0	0.0	0.0	0.0008517887563884157	0.0	0.0
Bacteria|Proteobacteria|Gammaproteobacteria|Pasteurellales|Pasteurellaceae|Rodentibacter	0.0	0.0	0.0	0.0	0.0	0.0	0.0	0.0	0.0	0.0	0.000669224591772999	0.0
Bacteria|Proteobacteria|Gammaproteobacteria|Pseudomonadales|Moraxellaceae|Acinetobacter	0.0	0.0	0.0	0.0	0.0	0.0	5.370280865689276e-05	0.0	0.0	0.0	0.000669224591772999	0.0
Bacteria|Actinobacteriota|Actinobacteria|Pseudonocardiales|Pseudonocardiaceae|Pseudonocardia|Pseudonocardia_spinosispora	0.0	0.0	0.0	0.0	0.0	0.0	0.0	0.0	0.0	0.0	0.0	0.005257623554153523
Bacteria|Proteobacteria|Alphaproteobacteria|Rickettsiales|Mitochondria|Mitochondria	0.0	0.0	0.0	7.686732699360904e-05	0.0	0.0	0.0	0.0	0.0	0.0	0.0	0.0
Bacteria|Firmicutes|Clostridia|Lachnospirales|Lachnospiraceae|uncultured|uncultured_bacterium	0.0	0.0	0.0	0.0	0.0	0.0	0.00025061310706549954	0.0	0.0	0.0	0.0	0.0
Bacteria|Firmicutes|Bacilli|Acholeplasmatales|Acholeplasmataceae|Anaeroplasma|uncultured_bacterium	0.0	0.0	0.0	0.0	0.0	0.0	0.0	0.0	0.0002542680711950599	0.0	0.0	0.0
Bacteria|Bacteroidota|Bacteroidia|Flavobacteriales|Weeksellaceae|Chryseobacterium	0.0	0.0	0.0	0.0	0.0	0.0	0.0	0.0	0.0002542680711950599	0.0	0.0	0.0
Bacteria|Proteobacteria|Gammaproteobacteria|Pseudomonadales|Moraxellaceae|Psychrobacter	0.0	0.0	0.0	0.0	0.0	8.251505899826719e-05	0.0	0.0	0.0	0.0	0.0	0.0
Bacteria|Actinobacteriota|Actinobacteria|Pseudonocardiales|Pseudonocardiaceae|Prauserella	0.0	0.0	0.0	0.0	0.0	0.0	0.0	0.00010168888286288102	0.0	0.0	0.0	0.0
Bacteria|Actinobacteriota|Actinobacteria|Micrococcales|Dermabacteraceae|Brachybacterium	0.0	0.0	0.0	0.0	0.0	0.0	0.0	0.0	0.00021794406102433709	0.0	0.0	0.0
Bacteria|Acidobacteriota|Acidobacteriae|Bryobacterales|Bryobacteraceae|Bryobacter	0.0	0.0	0.0	0.0	0.0	0.0	0.0	0.0	0.0	0.0006814310051107325	0.0	0.0
Bacteria|Firmicutes|Clostridia|Lachnospirales|Lachnospiraceae|Tuzzerella|uncultured_bacterium	0.0	0.0	0.0	0.0	0.0	0.0	0.00019691029840860678	0.0	0.0	0.0	0.0	0.0
Bacteria|Firmicutes|Clostridia|Oscillospirales|Butyricicoccaceae|UCG-008|uncultured_bacterium	0.0	0.0	0.0	0.0	0.0	0.0	0.0	0.0	0.0	0.0	0.0	0.0035050823694356818
Bacteria|Actinobacteriota|Actinobacteria|Streptomycetales|Streptomycetaceae|Streptomyces	0.0	0.0	0.0	0.0	0.0	0.0	0.0	0.0	0.0	0.0	0.0	0.0035050823694356818
Bacteria|Proteobacteria|Alphaproteobacteria|Caulobacterales|Caulobacteraceae|Brevundimonas	0.0	0.0	0.0	4.941471021017723e-05	0.0	0.0	0.0	0.0	0.0	0.0	0.0	0.0
Bacteria|Firmicutes|Clostridia|Clostridia|Hungateiclostridiaceae|Ruminiclostridium|uncultured_organism	0.0	0.0	0.0	0.0	0.0	5.712581007572343e-05	0.0	0.0	0.0	0.0	0.0	0.0
Bacteria|Bacteroidota|Bacteroidia|Bacteroidales|Prevotellaceae|Prevotellaceae_UCG-003|uncultured_bacterium	0.0	0.0	0.0	0.0	0.0	0.0	0.0	0.0	0.0	0.0	0.0	0.0031545741324921135
Bacteria|Chloroflexi|Anaerolineae|Anaerolineales|Anaerolineaceae|uncultured|uncultured_sludge	0.0	0.0	0.0	0.0	0.0	0.0	0.0	0.0	0.0	0.00045428733674048835	0.0	0.0
Bacteria|Cyanobacteria|Cyanobacteriia|Chloroplast|Chloroplast|Chloroplast	0.0	0.0	0.0	0.0	0.0	0.0	0.0	0.0	0.0	0.00045428733674048835	0.0	0.0
Bacteria|Firmicutes|Bacilli|RF39|RF39|RF39|uncultured_Paenibacillaceae	0.0	0.0	0.0	0.0	0.0	0.0	0.0	0.0	0.0	0.00039750141964792733	0.0	0.0
Bacteria|Patescibacteria|Saccharimonadia|Saccharimonadales	0.0	0.0	0.0	0.0	0.0	0.0	0.0	0.0	0.00010897203051216854	0.0	0.0	0.0
Bacteria|Proteobacteria|Gammaproteobacteria|Xanthomonadales|Xanthomonadaceae|Stenotrophomonas|Stenotrophomonas_rhizophila	0.0	0.0	0.0	0.0	0.0	0.0	8.950468109482126e-05	0.0	0.0	0.0	0.0	0.0
